date,open,settle,front_id
2000-08-23,31.950000762939453,32.04999923706055,CL=F
2000-08-24,31.899999618530273,31.6299991607666,CL=F
2000-08-25,31.700000762939453,32.04999923706055,CL=F
2000-08-28,32.040000915527344,32.869998931884766,CL=F
2000-08-29,32.81999969482422,32.720001220703125,CL=F
2000-08-30,32.75,33.400001525878906,CL=F
2000-08-31,33.25,33.099998474121094,CL=F
2000-09-01,33.04999923706055,33.380001068115234,CL=F
2000-09-05,33.95000076293945,33.79999923706055,CL=F
2000-09-06,33.9900016784668,34.95000076293945,CL=F
2000-09-07,34.5,35.33000183105469,CL=F
2000-09-08,34.54999923706055,33.70000076293945,CL=F
2000-09-11,33.79999923706055,35.099998474121094,CL=F
2000-09-12,35.45000076293945,34.20000076293945,CL=F
2000-09-13,34.0,33.79999923706055,CL=F
2000-09-14,33.779998779296875,34.099998474121094,CL=F
2000-09-15,34.5,35.849998474121094,CL=F
2000-09-18,36.20000076293945,36.880001068115234,CL=F
2000-09-19,36.54999923706055,36.5,CL=F
2000-09-20,37.5,37.5,CL=F
2000-09-21,34.650001525878906,33.95000076293945,CL=F
2000-09-22,34.0,32.650001525878906,CL=F
2000-09-25,31.399999618530273,31.56999969482422,CL=F
2000-09-26,32.0,31.5,CL=F
2000-09-27,31.950000762939453,31.5,CL=F
2000-09-28,31.100000381469727,30.299999237060547,CL=F
2000-09-29,30.700000762939453,30.860000610351562,CL=F
2000-10-02,31.450000762939453,32.150001525878906,CL=F
2000-10-03,32.0,32.06999969482422,CL=F
2000-10-04,31.600000381469727,31.5,CL=F
2000-10-05,30.850000381469727,30.649999618530273,CL=F
2000-10-06,30.75,30.850000381469727,CL=F
2000-10-09,31.549999237060547,31.8799991607666,CL=F
2000-10-10,32.25,33.150001525878906,CL=F
2000-10-11,33.599998474121094,33.150001525878906,CL=F
2000-10-12,35.0,36.099998474121094,CL=F
2000-10-13,35.93000030517578,35.04999923706055,CL=F
2000-10-16,34.400001525878906,33.099998474121094,CL=F
2000-10-17,32.70000076293945,32.95000076293945,CL=F
2000-10-18,33.54999923706055,33.54999923706055,CL=F
2000-10-19,33.849998474121094,32.95000076293945,CL=F
2000-10-20,33.29999923706055,34.29999923706055,CL=F
2000-10-23,33.0,33.72999954223633,CL=F
2000-10-24,33.75,33.369998931884766,CL=F
2000-10-25,33.5,32.959999084472656,CL=F
2000-10-26,33.650001525878906,33.75,CL=F
2000-10-27,33.68000030517578,32.70000076293945,CL=F
2000-10-30,32.75,32.810001373291016,CL=F
2000-10-31,32.72999954223633,32.689998626708984,CL=F
2000-11-01,33.150001525878906,33.20000076293945,CL=F
2000-11-02,32.75,32.540000915527344,CL=F
2000-11-03,32.599998474121094,32.599998474121094,CL=F
2000-11-06,32.400001525878906,32.86000061035156,CL=F
2000-11-07,33.04999923706055,33.400001525878906,CL=F
2000-11-08,33.20000076293945,33.290000915527344,CL=F
2000-11-09,33.5,33.95000076293945,CL=F
2000-11-10,33.70000076293945,34.09000015258789,CL=F
2000-11-13,34.150001525878906,34.43000030517578,CL=F
2000-11-14,34.369998931884766,34.849998474121094,CL=F
2000-11-15,35.400001525878906,35.599998474121094,CL=F
2000-11-16,35.25,35.04999923706055,CL=F
2000-11-17,34.70000076293945,35.599998474121094,CL=F
2000-11-20,35.5,35.220001220703125,CL=F
2000-11-21,35.400001525878906,35.150001525878906,CL=F
2000-11-22,34.900001525878906,35.400001525878906,CL=F
2000-11-27,35.25,35.380001068115234,CL=F
2000-11-28,34.97999954223633,34.25,CL=F
2000-11-29,34.25,34.630001068115234,CL=F
2000-11-30,34.95000076293945,33.79999923706055,CL=F
2000-12-01,33.900001525878906,32.04999923706055,CL=F
2000-12-04,32.380001068115234,31.299999237060547,CL=F
2000-12-05,31.25,29.549999237060547,CL=F
2000-12-06,30.0,29.850000381469727,CL=F
2000-12-07,30.049999237060547,29.360000610351562,CL=F
2000-12-08,28.799999237060547,28.5,CL=F
2000-12-11,29.0,29.450000762939453,CL=F
2000-12-12,29.600000381469727,29.690000534057617,CL=F
2000-12-13,29.75,28.5,CL=F
2000-12-14,28.850000381469727,27.899999618530273,CL=F
2000-12-15,28.350000381469727,28.850000381469727,CL=F
2000-12-18,29.549999237060547,29.649999618530273,CL=F
2000-12-19,29.399999618530273,28.799999237060547,CL=F
2000-12-20,27.15999984741211,25.670000076293945,CL=F
2000-12-21,26.399999618530273,26.049999237060547,CL=F
2000-12-22,26.149999618530273,26.18000030517578,CL=F
2000-12-26,26.200000762939453,26.649999618530273,CL=F
2000-12-27,26.899999618530273,26.450000762939453,CL=F
2000-12-28,26.350000381469727,25.850000381469727,CL=F
2000-12-29,25.899999618530273,26.799999237060547,CL=F
2001-01-02,27.25,27.200000762939453,CL=F
2001-01-03,27.229999542236328,27.950000762939453,CL=F
2001-01-04,28.200000762939453,28.200000762939453,CL=F
2001-01-05,28.149999618530273,28.0,CL=F
2001-01-08,28.200000762939453,27.350000381469727,CL=F
2001-01-09,27.25,27.719999313354492,CL=F
2001-01-10,27.75,29.5,CL=F
2001-01-11,29.350000381469727,29.5,CL=F
2001-01-12,29.5,30.049999237060547,CL=F
2001-01-16,30.100000381469727,30.350000381469727,CL=F
2001-01-17,29.799999237060547,29.649999618530273,CL=F
2001-01-18,29.850000381469727,30.450000762939453,CL=F
2001-01-19,30.25,32.099998474121094,CL=F
2001-01-22,31.950000762939453,32.0,CL=F
2001-01-23,29.600000381469727,29.56999969482422,CL=F
2001-01-24,28.899999618530273,29.049999237060547,CL=F
2001-01-25,29.0,29.360000610351562,CL=F
2001-01-26,29.420000076293945,29.780000686645508,CL=F
2001-01-29,30.149999618530273,29.059999465942383,CL=F
2001-01-30,29.079999923706055,29.059999465942383,CL=F
2001-01-31,29.0,28.700000762939453,CL=F
2001-02-01,28.950000762939453,29.799999237060547,CL=F
2001-02-02,29.729999542236328,31.25,CL=F
2001-02-05,31.049999237060547,30.5,CL=F
2001-02-06,30.649999618530273,30.350000381469727,CL=F
2001-02-07,30.5,31.200000762939453,CL=F
2001-02-08,31.200000762939453,31.559999465942383,CL=F
2001-02-09,31.299999237060547,31.049999237060547,CL=F
2001-02-12,30.700000762939453,30.549999237060547,CL=F
2001-02-13,30.299999237060547,30.34000015258789,CL=F
2001-02-14,30.329999923706055,29.75,CL=F
2001-02-15,29.299999237060547,28.799999237060547,CL=F
2001-02-16,29.200000762939453,29.15999984741211,CL=F
2001-02-20,29.5,28.579999923706055,CL=F
2001-02-21,28.899999618530273,28.549999237060547,CL=F
2001-02-22,28.850000381469727,28.81999969482422,CL=F
2001-02-23,29.0,29.0,CL=F
2001-02-26,28.760000228881836,28.440000534057617,CL=F
2001-02-27,28.0,28.1200008392334,CL=F
2001-02-28,28.149999618530273,27.420000076293945,CL=F
2001-03-01,27.450000762939453,27.649999618530273,CL=F
2001-03-02,27.690000534057617,27.84000015258789,CL=F
2001-03-05,28.25,28.600000381469727,CL=F
2001-03-06,28.350000381469727,28.299999237060547,CL=F
2001-03-07,28.5,28.950000762939453,CL=F
2001-03-08,28.950000762939453,28.489999771118164,CL=F
2001-03-09,28.25,27.799999237060547,CL=F
2001-03-12,27.799999237060547,28.0,CL=F
2001-03-13,27.799999237060547,27.450000762939453,CL=F
2001-03-14,27.649999618530273,26.450000762939453,CL=F
2001-03-15,26.600000381469727,26.649999618530273,CL=F
2001-03-16,26.950000762939453,26.700000762939453,CL=F
2001-03-19,26.5,26.18000030517578,CL=F
2001-03-20,26.25,25.899999618530273,CL=F
2001-03-21,26.18000030517578,26.799999237060547,CL=F
2001-03-22,26.790000915527344,26.520000457763672,CL=F
2001-03-23,26.700000762939453,27.299999237060547,CL=F
2001-03-26,27.399999618530273,27.459999084472656,CL=F
2001-03-27,27.579999923706055,27.75,CL=F
2001-03-28,27.450000762939453,26.25,CL=F
2001-03-29,26.350000381469727,26.350000381469727,CL=F
2001-03-30,26.450000762939453,26.399999618530273,CL=F
2001-04-02,26.350000381469727,25.59000015258789,CL=F
2001-04-03,25.700000762939453,26.190000534057617,CL=F
2001-04-04,26.649999618530273,27.1200008392334,CL=F
2001-04-05,27.100000381469727,27.260000228881836,CL=F
2001-04-06,26.899999618530273,27.059999465942383,CL=F
2001-04-09,27.1299991607666,27.34000015258789,CL=F
2001-04-10,27.0,28.479999542236328,CL=F
2001-04-11,28.25,28.18000030517578,CL=F
2001-04-12,28.549999237060547,28.25,CL=F
2001-04-16,28.299999237060547,28.790000915527344,CL=F
2001-04-17,28.600000381469727,28.239999771118164,CL=F
2001-04-18,27.75,27.950000762939453,CL=F
2001-04-19,27.850000381469727,27.829999923706055,CL=F
2001-04-20,27.780000686645508,27.280000686645508,CL=F
2001-04-23,27.850000381469727,27.610000610351562,CL=F
2001-04-24,27.950000762939453,26.860000610351562,CL=F
2001-04-25,26.8700008392334,27.290000915527344,CL=F
2001-04-26,27.75,28.440000534057617,CL=F
2001-04-27,28.440000534057617,28.270000457763672,CL=F
2001-04-30,28.600000381469727,28.459999084472656,CL=F
2001-05-01,28.5,28.940000534057617,CL=F
2001-05-02,28.25,27.799999237060547,CL=F
2001-05-03,27.450000762939453,28.450000762939453,CL=F
2001-05-04,28.450000762939453,28.360000610351562,CL=F
2001-05-07,28.450000762939453,27.770000457763672,CL=F
2001-05-08,27.799999237060547,27.389999389648438,CL=F
2001-05-09,27.25,28.229999542236328,CL=F
2001-05-10,28.149999618530273,28.520000457763672,CL=F
2001-05-11,28.360000610351562,28.549999237060547,CL=F
2001-05-14,28.700000762939453,28.709999084472656,CL=F
2001-05-15,28.700000762939453,28.979999542236328,CL=F
2001-05-16,29.18000030517578,28.860000610351562,CL=F
2001-05-17,28.75,28.90999984741211,CL=F
2001-05-18,29.149999618530273,29.90999984741211,CL=F
2001-05-21,30.149999618530273,29.979999542236328,CL=F
2001-05-22,30.049999237060547,29.739999771118164,CL=F
2001-05-23,29.700000762939453,29.579999923706055,CL=F
2001-05-24,29.600000381469727,28.40999984741211,CL=F
2001-05-25,28.40999984741211,28.3799991607666,CL=F
2001-05-29,28.700000762939453,28.65999984741211,CL=F
2001-05-30,28.75,28.549999237060547,CL=F
2001-05-31,28.049999237060547,28.3700008392334,CL=F
2001-06-01,28.25,27.93000030517578,CL=F
2001-06-04,28.549999237060547,28.1299991607666,CL=F
2001-06-05,28.200000762939453,28.239999771118164,CL=F
2001-06-06,27.600000381469727,27.719999313354492,CL=F
2001-06-07,27.520000457763672,27.75,CL=F
2001-06-08,28.030000686645508,28.399999618530273,CL=F
2001-06-11,28.75,29.040000915527344,CL=F
2001-06-12,28.8799991607666,29.18000030517578,CL=F
2001-06-13,29.5,28.84000015258789,CL=F
2001-06-14,28.84000015258789,29.040000915527344,CL=F
2001-06-15,29.049999237060547,28.510000228881836,CL=F
2001-06-18,28.299999237060547,27.549999237060547,CL=F
2001-06-19,27.600000381469727,27.479999542236328,CL=F
2001-06-20,27.450000762939453,26.5,CL=F
2001-06-21,26.549999237060547,26.559999465942383,CL=F
2001-06-22,26.899999618530273,26.829999923706055,CL=F
2001-06-25,26.950000762939453,27.25,CL=F
2001-06-26,27.149999618530273,26.979999542236328,CL=F
2001-06-27,26.350000381469727,25.610000610351562,CL=F
2001-06-28,25.350000381469727,25.559999465942383,CL=F
2001-06-29,25.670000076293945,26.25,CL=F
2001-07-02,26.450000762939453,25.950000762939453,CL=F
2001-07-03,25.799999237060547,26.239999771118164,CL=F
2001-07-05,26.549999237060547,27.020000457763672,CL=F
2001-07-06,27.3700008392334,28.209999084472656,CL=F
2001-07-09,27.850000381469727,27.59000015258789,CL=F
2001-07-10,27.549999237060547,27.489999771118164,CL=F
2001-07-11,27.200000762939453,27.110000610351562,CL=F
2001-07-12,26.5,26.799999237060547,CL=F
2001-07-13,26.700000762939453,26.59000015258789,CL=F
2001-07-16,26.299999237060547,26.059999465942383,CL=F
2001-07-17,26.209999084472656,25.56999969482422,CL=F
2001-07-18,25.0,24.889999389648438,CL=F
2001-07-19,25.399999618530273,24.700000762939453,CL=F
2001-07-20,25.200000762939453,25.59000015258789,CL=F
2001-07-23,26.299999237060547,26.1200008392334,CL=F
2001-07-24,26.18000030517578,26.309999465942383,CL=F
2001-07-25,26.530000686645508,26.84000015258789,CL=F
2001-07-26,26.700000762939453,26.729999542236328,CL=F
2001-07-27,26.450000762939453,27.020000457763672,CL=F
2001-07-30,26.950000762939453,26.6299991607666,CL=F
2001-07-31,26.5,26.350000381469727,CL=F
2001-08-01,26.649999618530273,26.770000457763672,CL=F
2001-08-02,27.5,27.709999084472656,CL=F
2001-08-03,27.549999237060547,27.6200008392334,CL=F
2001-08-06,27.600000381469727,27.739999771118164,CL=F
2001-08-07,28.399999618530273,27.940000534057617,CL=F
2001-08-08,28.149999618530273,27.540000915527344,CL=F
2001-08-09,27.450000762939453,27.639999389648438,CL=F
2001-08-10,27.780000686645508,28.049999237060547,CL=F
2001-08-13,28.170000076293945,27.81999969482422,CL=F
2001-08-14,27.81999969482422,28.010000228881836,CL=F
2001-08-15,28.200000762939453,27.559999465942383,CL=F
2001-08-16,27.56999969482422,27.450000762939453,CL=F
2001-08-17,27.329999923706055,26.6299991607666,CL=F
2001-08-20,26.649999618530273,27.18000030517578,CL=F
2001-08-21,27.100000381469727,27.850000381469727,CL=F
2001-08-22,27.1200008392334,26.3700008392334,CL=F
2001-08-23,26.549999237060547,26.6299991607666,CL=F
2001-08-24,26.700000762939453,26.899999618530273,CL=F
2001-08-27,27.049999237060547,26.670000076293945,CL=F
2001-08-28,26.649999618530273,27.170000076293945,CL=F
2001-08-29,27.350000381469727,27.049999237060547,CL=F
2001-08-30,26.850000381469727,26.549999237060547,CL=F
2001-08-31,26.700000762939453,27.200000762939453,CL=F
2001-09-04,27.049999237060547,26.93000030517578,CL=F
2001-09-05,26.829999923706055,26.950000762939453,CL=F
2001-09-06,27.149999618530273,27.579999923706055,CL=F
2001-09-07,27.600000381469727,28.030000686645508,CL=F
2001-09-10,27.75,27.6299991607666,CL=F
2001-09-14,29.979999542236328,29.530000686645508,CL=F
2001-09-17,27.0,28.809999465942383,CL=F
2001-09-18,28.0,27.700000762939453,CL=F
2001-09-19,27.31999969482422,26.719999313354492,CL=F
2001-09-20,26.700000762939453,26.59000015258789,CL=F
2001-09-21,26.450000762939453,25.969999313354492,CL=F
2001-09-24,23.899999618530273,22.010000228881836,CL=F
2001-09-25,22.950000762939453,21.809999465942383,CL=F
2001-09-26,21.399999618530273,22.3799991607666,CL=F
2001-09-27,22.299999237060547,22.739999771118164,CL=F
2001-09-28,23.149999618530273,23.43000030517578,CL=F
2001-10-01,22.799999237060547,23.280000686645508,CL=F
2001-10-02,23.0,22.790000915527344,CL=F
2001-10-03,22.100000381469727,22.079999923706055,CL=F
2001-10-04,22.649999618530273,22.6299991607666,CL=F
2001-10-05,23.049999237060547,22.389999389648438,CL=F
2001-10-08,22.299999237060547,22.450000762939453,CL=F
2001-10-09,22.5,22.479999542236328,CL=F
2001-10-10,22.75,22.530000686645508,CL=F
2001-10-11,22.75,23.34000015258789,CL=F
2001-10-12,23.649999618530273,22.5,CL=F
2001-10-15,22.600000381469727,22.290000915527344,CL=F
2001-10-16,22.149999618530273,22.0,CL=F
2001-10-17,22.18000030517578,21.809999465942383,CL=F
2001-10-18,21.399999618530273,21.309999465942383,CL=F
2001-10-19,21.549999237060547,21.829999923706055,CL=F
2001-10-22,21.799999237060547,21.760000228881836,CL=F
2001-10-23,22.399999618530273,21.850000381469727,CL=F
2001-10-24,21.700000762939453,22.329999923706055,CL=F
2001-10-25,22.290000915527344,22.010000228881836,CL=F
2001-10-26,22.0,22.049999237060547,CL=F
2001-10-29,22.5,22.149999618530273,CL=F
2001-10-30,22.18000030517578,21.8700008392334,CL=F
2001-10-31,21.600000381469727,21.18000030517578,CL=F
2001-11-01,21.18000030517578,20.389999389648438,CL=F
2001-11-02,20.200000762939453,20.18000030517578,CL=F
2001-11-05,20.34000015258789,20.020000457763672,CL=F
2001-11-06,19.809999465942383,19.920000076293945,CL=F
2001-11-07,20.100000381469727,20.09000015258789,CL=F
2001-11-08,20.68000030517578,21.170000076293945,CL=F
2001-11-09,22.049999237060547,22.219999313354492,CL=F
2001-11-12,21.450000762939453,21.229999542236328,CL=F
2001-11-13,21.450000762939453,21.670000076293945,CL=F
2001-11-14,20.0,19.739999771118164,CL=F
2001-11-15,19.100000381469727,17.450000762939453,CL=F
2001-11-16,17.549999237060547,18.030000686645508,CL=F
2001-11-19,17.149999618530273,17.719999313354492,CL=F
2001-11-20,19.299999237060547,19.149999618530273,CL=F
2001-11-21,19.399999618530273,18.959999084472656,CL=F
2001-11-26,18.799999237060547,18.690000534057617,CL=F
2001-11-27,18.68000030517578,19.479999542236328,CL=F
2001-11-28,19.149999618530273,19.219999313354492,CL=F
2001-11-29,19.200000762939453,18.6200008392334,CL=F
2001-11-30,18.649999618530273,19.440000534057617,CL=F
2001-12-03,19.399999618530273,20.09000015258789,CL=F
2001-12-04,20.200000762939453,19.649999618530273,CL=F
2001-12-05,20.229999542236328,19.489999771118164,CL=F
2001-12-06,19.5,18.540000915527344,CL=F
2001-12-07,18.549999237060547,19.040000915527344,CL=F
2001-12-10,18.68000030517578,18.3700008392334,CL=F
2001-12-11,18.049999237060547,18.079999923706055,CL=F
2001-12-12,18.450000762939453,18.360000610351562,CL=F
2001-12-13,18.0,18.1200008392334,CL=F
2001-12-14,18.700000762939453,19.290000915527344,CL=F
2001-12-17,19.200000762939453,19.219999313354492,CL=F
2001-12-18,19.25,19.360000610351562,CL=F
2001-12-19,19.850000381469727,19.799999237060547,CL=F
2001-12-20,19.899999618530273,19.280000686645508,CL=F
2001-12-21,19.43000030517578,19.6200008392334,CL=F
2001-12-26,19.799999237060547,21.270000457763672,CL=F
2001-12-27,20.649999618530273,20.899999618530273,CL=F
2001-12-28,21.219999313354492,20.40999984741211,CL=F
2001-12-31,20.299999237060547,19.84000015258789,CL=F
2002-01-02,20.0,21.010000228881836,CL=F
2002-01-03,20.780000686645508,20.3700008392334,CL=F
2002-01-04,20.850000381469727,21.6200008392334,CL=F
2002-01-07,21.5,21.479999542236328,CL=F
2002-01-08,21.200000762939453,21.25,CL=F
2002-01-09,20.700000762939453,20.18000030517578,CL=F
2002-01-10,20.200000762939453,20.3799991607666,CL=F
2002-01-11,20.350000381469727,19.68000030517578,CL=F
2002-01-14,19.350000381469727,18.889999389648438,CL=F
2002-01-15,18.850000381469727,18.899999618530273,CL=F
2002-01-16,18.860000610351562,18.860000610351562,CL=F
2002-01-17,18.899999618530273,18.040000915527344,CL=F
2002-01-18,18.030000686645508,18.0,CL=F
2002-01-22,18.049999237060547,18.600000381469727,CL=F
2002-01-23,18.979999542236328,19.479999542236328,CL=F
2002-01-24,19.479999542236328,19.719999313354492,CL=F
2002-01-25,19.729999542236328,20.0,CL=F
2002-01-28,20.059999465942383,20.049999237060547,CL=F
2002-01-29,19.950000762939453,19.56999969482422,CL=F
2002-01-30,19.579999923706055,19.149999618530273,CL=F
2002-01-31,19.149999618530273,19.479999542236328,CL=F
2002-02-01,19.469999313354492,20.399999618530273,CL=F
2002-02-04,20.34000015258789,20.059999465942383,CL=F
2002-02-05,20.0,20.049999237060547,CL=F
2002-02-06,20.010000228881836,19.75,CL=F
2002-02-07,19.700000762939453,19.68000030517578,CL=F
2002-02-08,19.709999084472656,20.25,CL=F
2002-02-11,20.270000457763672,21.31999969482422,CL=F
2002-02-12,21.290000915527344,20.75,CL=F
2002-02-13,20.729999542236328,21.149999618530273,CL=F
2002-02-14,21.18000030517578,21.219999313354492,CL=F
2002-02-15,21.25,21.5,CL=F
2002-02-19,21.219999313354492,20.8700008392334,CL=F
2002-02-20,20.899999618530273,20.229999542236328,CL=F
2002-02-21,20.440000534057617,21.049999237060547,CL=F
2002-02-22,21.0,21.079999923706055,CL=F
2002-02-25,21.0,20.420000076293945,CL=F
2002-02-26,20.469999313354492,21.360000610351562,CL=F
2002-02-27,21.450000762939453,21.290000915527344,CL=F
2002-02-28,21.280000686645508,21.850000381469727,CL=F
2002-03-01,21.780000686645508,22.360000610351562,CL=F
2002-03-04,22.43000030517578,22.5,CL=F
2002-03-05,22.510000228881836,23.170000076293945,CL=F
2002-03-06,23.170000076293945,23.219999313354492,CL=F
2002-03-07,23.200000762939453,23.780000686645508,CL=F
2002-03-08,23.700000762939453,23.850000381469727,CL=F
2002-03-11,23.8700008392334,24.299999237060547,CL=F
2002-03-12,24.350000381469727,24.149999618530273,CL=F
2002-03-13,24.200000762939453,24.149999618530273,CL=F
2002-03-14,24.100000381469727,24.549999237060547,CL=F
2002-03-15,24.549999237060547,24.479999542236328,CL=F
2002-03-18,24.399999618530273,25.049999237060547,CL=F
2002-03-19,25.049999237060547,25.049999237060547,CL=F
2002-03-20,25.049999237060547,24.700000762939453,CL=F
2002-03-21,24.690000534057617,25.600000381469727,CL=F
2002-03-22,25.6299991607666,25.260000228881836,CL=F
2002-03-25,25.350000381469727,25.020000457763672,CL=F
2002-03-26,24.979999542236328,25.43000030517578,CL=F
2002-03-27,25.440000534057617,25.8700008392334,CL=F
2002-03-28,25.829999923706055,26.229999542236328,CL=F
2002-04-01,26.459999084472656,26.860000610351562,CL=F
2002-04-02,26.790000915527344,27.700000762939453,CL=F
2002-04-03,27.709999084472656,27.559999465942383,CL=F
2002-04-04,27.540000915527344,26.68000030517578,CL=F
2002-04-05,26.649999618530273,26.219999313354492,CL=F
2002-04-08,26.399999618530273,26.549999237060547,CL=F
2002-04-09,26.56999969482422,25.799999237060547,CL=F
2002-04-10,25.809999465942383,26.1200008392334,CL=F
2002-04-11,26.100000381469727,25.020000457763672,CL=F
2002-04-12,25.0,23.450000762939453,CL=F
2002-04-15,24.25,24.549999237060547,CL=F
2002-04-16,24.549999237060547,24.850000381469727,CL=F
2002-04-17,24.829999923706055,25.920000076293945,CL=F
2002-04-18,25.920000076293945,26.09000015258789,CL=F
2002-04-19,26.149999618530273,26.399999618530273,CL=F
2002-04-22,26.399999618530273,26.299999237060547,CL=F
2002-04-23,26.43000030517578,26.59000015258789,CL=F
2002-04-24,26.600000381469727,26.43000030517578,CL=F
2002-04-25,26.459999084472656,26.670000076293945,CL=F
2002-04-26,26.68000030517578,27.149999618530273,CL=F
2002-04-29,26.920000076293945,27.520000457763672,CL=F
2002-04-30,27.5,27.290000915527344,CL=F
2002-05-01,27.25,26.739999771118164,CL=F
2002-05-02,26.75,26.350000381469727,CL=F
2002-05-03,26.299999237060547,26.719999313354492,CL=F
2002-05-06,26.309999465942383,26.079999923706055,CL=F
2002-05-07,26.149999618530273,26.6200008392334,CL=F
2002-05-08,26.65999984741211,27.729999542236328,CL=F
2002-05-09,27.729999542236328,27.700000762939453,CL=F
2002-05-10,27.719999313354492,27.8799991607666,CL=F
2002-05-13,27.75,28.450000762939453,CL=F
2002-05-14,28.459999084472656,29.299999237060547,CL=F
2002-05-15,29.170000076293945,28.200000762939453,CL=F
2002-05-16,28.219999313354492,27.969999313354492,CL=F
2002-05-17,27.979999542236328,28.200000762939453,CL=F
2002-05-20,28.200000762939453,28.200000762939453,CL=F
2002-05-21,28.229999542236328,27.0,CL=F
2002-05-22,26.280000686645508,26.450000762939453,CL=F
2002-05-23,26.5,26.149999618530273,CL=F
2002-05-24,25.75,25.8799991607666,CL=F
2002-05-28,25.600000381469727,25.18000030517578,CL=F
2002-05-29,24.899999618530273,25.719999313354492,CL=F
2002-05-30,25.100000381469727,24.700000762939453,CL=F
2002-05-31,24.899999618530273,25.350000381469727,CL=F
2002-06-03,25.260000228881836,25.110000610351562,CL=F
2002-06-04,25.049999237060547,25.299999237060547,CL=F
2002-06-05,24.799999237060547,24.889999389648438,CL=F
2002-06-06,24.920000076293945,24.93000030517578,CL=F
2002-06-07,24.799999237060547,24.729999542236328,CL=F
2002-06-10,24.600000381469727,24.31999969482422,CL=F
2002-06-11,24.0,24.18000030517578,CL=F
2002-06-12,24.350000381469727,24.68000030517578,CL=F
2002-06-13,24.850000381469727,25.639999389648438,CL=F
2002-06-14,25.350000381469727,25.8700008392334,CL=F
2002-06-17,26.1200008392334,26.09000015258789,CL=F
2002-06-18,25.899999618530273,25.350000381469727,CL=F
2002-06-19,25.350000381469727,25.299999237060547,CL=F
2002-06-20,25.520000457763672,25.600000381469727,CL=F
2002-06-21,25.959999084472656,25.75,CL=F
2002-06-24,25.700000762939453,26.469999313354492,CL=F
2002-06-25,26.75,26.31999969482422,CL=F
2002-06-26,25.899999618530273,26.760000228881836,CL=F
2002-06-27,26.81999969482422,26.860000610351562,CL=F
2002-06-28,26.56999969482422,26.860000610351562,CL=F
2002-07-01,26.799999237060547,26.809999465942383,CL=F
2002-07-02,27.0,26.770000457763672,CL=F
2002-07-03,26.68000030517578,26.799999237060547,CL=F
2002-07-08,26.25,26.06999969482422,CL=F
2002-07-09,25.8700008392334,26.09000015258789,CL=F
2002-07-10,26.450000762939453,26.770000457763672,CL=F
2002-07-11,26.6200008392334,26.829999923706055,CL=F
2002-07-12,27.200000762939453,27.469999313354492,CL=F
2002-07-15,27.399999618530273,27.06999969482422,CL=F
2002-07-16,27.030000686645508,27.75,CL=F
2002-07-17,27.700000762939453,27.8799991607666,CL=F
2002-07-18,27.719999313354492,27.56999969482422,CL=F
2002-07-19,27.25,27.829999923706055,CL=F
2002-07-22,27.219999313354492,26.600000381469727,CL=F
2002-07-23,26.770000457763672,26.309999465942383,CL=F
2002-07-24,26.049999237060547,26.8700008392334,CL=F
2002-07-25,26.760000228881836,26.770000457763672,CL=F
2002-07-26,26.600000381469727,26.540000915527344,CL=F
2002-07-29,26.420000076293945,26.549999237060547,CL=F
2002-07-30,26.8700008392334,27.360000610351562,CL=F
2002-07-31,27.399999618530273,27.020000457763672,CL=F
2002-08-01,27.059999465942383,26.469999313354492,CL=F
2002-08-02,26.200000762939453,26.84000015258789,CL=F
2002-08-05,26.479999542236328,26.579999923706055,CL=F
2002-08-06,26.739999771118164,27.170000076293945,CL=F
2002-08-07,26.920000076293945,26.5,CL=F
2002-08-08,26.5,26.670000076293945,CL=F
2002-08-09,26.530000686645508,26.860000610351562,CL=F
2002-08-12,26.579999923706055,27.860000610351562,CL=F
2002-08-13,27.860000610351562,27.899999618530273,CL=F
2002-08-14,28.229999542236328,28.149999618530273,CL=F
2002-08-15,28.18000030517578,29.059999465942383,CL=F
2002-08-16,28.899999618530273,29.329999923706055,CL=F
2002-08-19,29.420000076293945,29.84000015258789,CL=F
2002-08-20,29.65999984741211,30.110000610351562,CL=F
2002-08-21,28.600000381469727,29.239999771118164,CL=F
2002-08-22,29.100000381469727,28.84000015258789,CL=F
2002-08-23,28.600000381469727,28.729999542236328,CL=F
2002-08-26,28.649999618530273,29.280000686645508,CL=F
2002-08-27,29.299999237060547,28.829999923706055,CL=F
2002-08-28,28.670000076293945,28.34000015258789,CL=F
2002-08-29,28.25,28.920000076293945,CL=F
2002-08-30,28.8700008392334,28.979999542236328,CL=F
2002-09-03,28.690000534057617,27.790000915527344,CL=F
2002-09-04,27.940000534057617,28.270000457763672,CL=F
2002-09-05,28.549999237060547,28.979999542236328,CL=F
2002-09-06,29.75,29.610000610351562,CL=F
2002-09-09,29.450000762939453,29.729999542236328,CL=F
2002-09-10,30.049999237060547,29.729999542236328,CL=F
2002-09-11,29.729999542236328,29.770000457763672,CL=F
2002-09-12,29.780000686645508,28.850000381469727,CL=F
2002-09-13,29.25,29.809999465942383,CL=F
2002-09-16,29.600000381469727,29.670000076293945,CL=F
2002-09-17,28.799999237060547,29.079999923706055,CL=F
2002-09-18,29.399999618530273,29.479999542236328,CL=F
2002-09-19,29.549999237060547,29.5,CL=F
2002-09-20,29.899999618530273,29.84000015258789,CL=F
2002-09-23,30.200000762939453,30.709999084472656,CL=F
2002-09-24,30.729999542236328,30.770000457763672,CL=F
2002-09-25,30.549999237060547,30.639999389648438,CL=F
2002-09-26,30.75,30.40999984741211,CL=F
2002-09-27,30.459999084472656,30.540000915527344,CL=F
2002-09-30,30.5,30.469999313354492,CL=F
2002-10-01,30.600000381469727,30.829999923706055,CL=F
2002-10-02,30.700000762939453,30.489999771118164,CL=F
2002-10-03,30.110000610351562,29.760000228881836,CL=F
2002-10-04,29.770000457763672,29.6200008392334,CL=F
2002-10-07,29.829999923706055,29.639999389648438,CL=F
2002-10-08,29.030000686645508,29.479999542236328,CL=F
2002-10-09,29.5,29.350000381469727,CL=F
2002-10-10,28.899999618530273,28.969999313354492,CL=F
2002-10-11,29.280000686645508,29.3700008392334,CL=F
2002-10-14,29.200000762939453,30.030000686645508,CL=F
2002-10-15,29.950000762939453,29.719999313354492,CL=F
2002-10-16,29.799999237060547,29.469999313354492,CL=F
2002-10-17,29.18000030517578,29.6200008392334,CL=F
2002-10-18,29.40999984741211,29.600000381469727,CL=F
2002-10-21,29.049999237060547,28.3799991607666,CL=F
2002-10-22,28.020000457763672,27.920000076293945,CL=F
2002-10-23,28.100000381469727,28.18000030517578,CL=F
2002-10-24,28.25,28.200000762939453,CL=F
2002-10-25,28.25,27.049999237060547,CL=F
2002-10-28,27.079999923706055,27.290000915527344,CL=F
2002-10-29,27.219999313354492,26.860000610351562,CL=F
2002-10-30,27.100000381469727,26.809999465942383,CL=F
2002-10-31,27.149999618530273,27.219999313354492,CL=F
2002-11-01,27.219999313354492,27.1299991607666,CL=F
2002-11-04,26.799999237060547,26.950000762939453,CL=F
2002-11-05,26.719999313354492,26.139999389648438,CL=F
2002-11-06,26.219999313354492,25.770000457763672,CL=F
2002-11-07,26.299999237060547,25.3799991607666,CL=F
2002-11-08,25.399999618530273,25.780000686645508,CL=F
2002-11-11,25.950000762939453,25.940000534057617,CL=F
2002-11-12,25.899999618530273,25.899999618530273,CL=F
2002-11-13,25.709999084472656,25.190000534057617,CL=F
2002-11-14,25.43000030517578,25.290000915527344,CL=F
2002-11-15,25.25,25.510000228881836,CL=F
2002-11-18,25.75,26.709999084472656,CL=F
2002-11-19,26.700000762939453,26.420000076293945,CL=F
2002-11-20,26.549999237060547,26.979999542236328,CL=F
2002-11-21,26.389999389648438,26.350000381469727,CL=F
2002-11-22,26.3799991607666,26.760000228881836,CL=F
2002-11-25,26.68000030517578,26.110000610351562,CL=F
2002-11-26,26.299999237060547,26.399999618530273,CL=F
2002-11-27,26.700000762939453,26.889999389648438,CL=F
2002-12-02,26.81999969482422,27.239999771118164,CL=F
2002-12-03,27.5,27.299999237060547,CL=F
2002-12-04,27.149999618530273,26.729999542236328,CL=F
2002-12-05,27.0,27.290000915527344,CL=F
2002-12-06,27.149999618530273,26.93000030517578,CL=F
2002-12-09,27.299999237060547,27.260000228881836,CL=F
2002-12-10,27.079999923706055,27.75,CL=F
2002-12-11,27.6299991607666,27.399999618530273,CL=F
2002-12-12,27.520000457763672,27.920000076293945,CL=F
2002-12-13,28.25,28.440000534057617,CL=F
2002-12-16,29.0,30.100000381469727,CL=F
2002-12-17,29.899999618530273,30.100000381469727,CL=F
2002-12-18,29.75,30.440000534057617,CL=F
2002-12-19,30.600000381469727,30.559999465942383,CL=F
2002-12-20,30.049999237060547,30.299999237060547,CL=F
2002-12-23,30.799999237060547,31.75,CL=F
2002-12-24,31.700000762939453,31.969999313354492,CL=F
2002-12-26,31.700000762939453,32.4900016784668,CL=F
2002-12-27,32.33000183105469,32.720001220703125,CL=F
2002-12-30,32.75,31.3700008392334,CL=F
2002-12-31,30.600000381469727,31.200000762939453,CL=F
2003-01-02,31.549999237060547,31.850000381469727,CL=F
2003-01-03,32.08000183105469,33.08000183105469,CL=F
2003-01-06,32.650001525878906,32.099998474121094,CL=F
2003-01-07,31.549999237060547,31.079999923706055,CL=F
2003-01-08,30.25,30.559999465942383,CL=F
2003-01-09,30.950000762939453,31.989999771118164,CL=F
2003-01-10,31.850000381469727,31.68000030517578,CL=F
2003-01-13,31.3799991607666,32.2599983215332,CL=F
2003-01-14,32.75,32.369998931884766,CL=F
2003-01-15,32.650001525878906,33.20000076293945,CL=F
2003-01-16,33.5,33.65999984741211,CL=F
2003-01-17,33.25,33.90999984741211,CL=F
2003-01-21,33.54999923706055,34.61000061035156,CL=F
2003-01-22,33.04999923706055,32.849998474121094,CL=F
2003-01-23,32.849998474121094,32.25,CL=F
2003-01-24,32.2599983215332,33.279998779296875,CL=F
2003-01-27,32.95000076293945,32.290000915527344,CL=F
2003-01-28,32.38999938964844,32.66999816894531,CL=F
2003-01-29,32.72999954223633,33.630001068115234,CL=F
2003-01-30,33.630001068115234,33.849998474121094,CL=F
2003-01-31,33.29999923706055,33.5099983215332,CL=F
2003-02-03,33.33000183105469,32.7599983215332,CL=F
2003-02-04,32.900001525878906,33.58000183105469,CL=F
2003-02-05,33.70000076293945,33.93000030517578,CL=F
2003-02-06,34.25,34.15999984741211,CL=F
2003-02-07,34.5,35.119998931884766,CL=F
2003-02-10,35.0099983215332,34.47999954223633,CL=F
2003-02-11,34.52000045776367,35.439998626708984,CL=F
2003-02-12,35.5,35.77000045776367,CL=F
2003-02-13,36.11000061035156,36.36000061035156,CL=F
2003-02-14,36.349998474121094,36.79999923706055,CL=F
2003-02-18,36.279998779296875,36.959999084472656,CL=F
2003-02-19,36.54999923706055,37.15999984741211,CL=F
2003-02-20,36.900001525878906,36.790000915527344,CL=F
2003-02-21,35.150001525878906,35.58000183105469,CL=F
2003-02-24,35.79999923706055,36.47999954223633,CL=F
2003-02-25,36.52000045776367,36.060001373291016,CL=F
2003-02-26,36.25,37.70000076293945,CL=F
2003-02-27,38.29999923706055,37.20000076293945,CL=F
2003-02-28,37.349998474121094,36.599998474121094,CL=F
2003-03-03,35.849998474121094,35.880001068115234,CL=F
2003-03-04,35.95000076293945,36.88999938964844,CL=F
2003-03-05,37.130001068115234,36.689998626708984,CL=F
2003-03-06,36.900001525878906,37.0,CL=F
2003-03-07,36.79999923706055,37.779998779296875,CL=F
2003-03-10,37.630001068115234,37.27000045776367,CL=F
2003-03-11,37.27000045776367,36.720001220703125,CL=F
2003-03-12,36.47999954223633,37.83000183105469,CL=F
2003-03-13,37.65999984741211,36.0099983215332,CL=F
2003-03-14,34.70000076293945,35.380001068115234,CL=F
2003-03-17,35.900001525878906,34.93000030517578,CL=F
2003-03-18,32.5,31.670000076293945,CL=F
2003-03-19,31.399999618530273,29.8799991607666,CL=F
2003-03-20,29.0,28.610000610351562,CL=F
2003-03-21,27.350000381469727,26.90999984741211,CL=F
2003-03-24,27.899999618530273,28.65999984741211,CL=F
2003-03-25,29.0,27.969999313354492,CL=F
2003-03-26,28.399999618530273,28.6299991607666,CL=F
2003-03-27,29.600000381469727,30.3700008392334,CL=F
2003-03-28,30.25,30.15999984741211,CL=F
2003-03-31,30.239999771118164,31.040000915527344,CL=F
2003-04-01,30.399999618530273,29.780000686645508,CL=F
2003-04-02,28.799999237060547,28.559999465942383,CL=F
2003-04-03,28.299999237060547,28.969999313354492,CL=F
2003-04-04,28.0,28.6200008392334,CL=F
2003-04-07,27.799999237060547,27.959999084472656,CL=F
2003-04-08,27.959999084472656,28.0,CL=F
2003-04-09,27.950000762939453,28.850000381469727,CL=F
2003-04-10,28.299999237060547,27.459999084472656,CL=F
2003-04-11,27.200000762939453,28.139999389648438,CL=F
2003-04-14,27.75,28.6299991607666,CL=F
2003-04-15,28.5,29.290000915527344,CL=F
2003-04-16,29.31999969482422,29.18000030517578,CL=F
2003-04-17,29.520000457763672,30.549999237060547,CL=F
2003-04-21,30.350000381469727,30.8700008392334,CL=F
2003-04-22,30.600000381469727,29.90999984741211,CL=F
2003-04-23,27.700000762939453,26.649999618530273,CL=F
2003-04-24,26.709999084472656,26.639999389648438,CL=F
2003-04-25,26.440000534057617,26.260000228881836,CL=F
2003-04-28,26.200000762939453,25.489999771118164,CL=F
2003-04-29,25.350000381469727,25.239999771118164,CL=F
2003-04-30,25.270000457763672,25.799999237060547,CL=F
2003-05-01,26.0,26.030000686645508,CL=F
2003-05-02,26.399999618530273,25.670000076293945,CL=F
2003-05-05,25.700000762939453,26.489999771118164,CL=F
2003-05-06,26.100000381469727,25.719999313354492,CL=F
2003-05-07,25.6299991607666,26.229999542236328,CL=F
2003-05-08,26.110000610351562,26.979999542236328,CL=F
2003-05-09,27.350000381469727,27.719999313354492,CL=F
2003-05-12,27.59000015258789,27.350000381469727,CL=F
2003-05-13,27.600000381469727,28.5,CL=F
2003-05-14,28.549999237060547,29.170000076293945,CL=F
2003-05-15,29.209999084472656,28.739999771118164,CL=F
2003-05-16,28.6200008392334,29.139999389648438,CL=F
2003-05-19,29.15999984741211,28.829999923706055,CL=F
2003-05-20,28.850000381469727,29.280000686645508,CL=F
2003-05-21,28.6200008392334,29.030000686645508,CL=F
2003-05-22,29.040000915527344,28.850000381469727,CL=F
2003-05-23,28.860000610351562,29.15999984741211,CL=F
2003-05-27,29.15999984741211,29.350000381469727,CL=F
2003-05-28,29.260000228881836,28.579999923706055,CL=F
2003-05-29,28.559999465942383,29.100000381469727,CL=F
2003-05-30,29.020000457763672,29.559999465942383,CL=F
2003-06-02,29.489999771118164,30.709999084472656,CL=F
2003-06-03,30.450000762939453,30.670000076293945,CL=F
2003-06-04,30.670000076293945,30.049999237060547,CL=F
2003-06-05,30.049999237060547,30.739999771118164,CL=F
2003-06-06,30.799999237060547,31.280000686645508,CL=F
2003-06-09,31.280000686645508,31.450000762939453,CL=F
2003-06-10,31.399999618530273,31.729999542236328,CL=F
2003-06-11,31.6200008392334,32.36000061035156,CL=F
2003-06-12,32.02000045776367,31.510000228881836,CL=F
2003-06-13,30.899999618530273,30.649999618530273,CL=F
2003-06-16,30.5,31.18000030517578,CL=F
2003-06-17,31.1299991607666,31.06999969482422,CL=F
2003-06-18,30.700000762939453,30.360000610351562,CL=F
2003-06-19,30.31999969482422,29.959999084472656,CL=F
2003-06-20,30.149999618530273,30.81999969482422,CL=F
2003-06-23,29.530000686645508,29.170000076293945,CL=F
2003-06-24,29.0,28.780000686645508,CL=F
2003-06-25,28.780000686645508,29.950000762939453,CL=F
2003-06-26,29.850000381469727,29.010000228881836,CL=F
2003-06-27,29.010000228881836,29.270000457763672,CL=F
2003-06-30,29.299999237060547,30.190000534057617,CL=F
2003-07-01,30.1200008392334,30.399999618530273,CL=F
2003-07-02,30.31999969482422,30.149999618530273,CL=F
2003-07-03,30.649999618530273,30.420000076293945,CL=F
2003-07-07,30.0,30.1299991607666,CL=F
2003-07-08,30.1299991607666,30.219999313354492,CL=F
2003-07-09,30.25,30.8799991607666,CL=F
2003-07-10,30.8799991607666,31.059999465942383,CL=F
2003-07-11,31.149999618530273,31.280000686645508,CL=F
2003-07-14,31.280000686645508,31.270000457763672,CL=F
2003-07-15,31.34000015258789,31.6200008392334,CL=F
2003-07-16,31.799999237060547,31.049999237060547,CL=F
2003-07-17,31.299999237060547,31.40999984741211,CL=F
2003-07-18,31.219999313354492,31.959999084472656,CL=F
2003-07-21,31.600000381469727,31.780000686645508,CL=F
2003-07-22,31.719999313354492,30.190000534057617,CL=F
2003-07-23,29.600000381469727,29.670000076293945,CL=F
2003-07-24,29.829999923706055,30.219999313354492,CL=F
2003-07-25,30.0,30.170000076293945,CL=F
2003-07-28,29.969999313354492,30.110000610351562,CL=F
2003-07-29,30.100000381469727,30.239999771118164,CL=F
2003-07-30,30.200000762939453,30.68000030517578,CL=F
2003-07-31,30.700000762939453,30.540000915527344,CL=F
2003-08-01,30.799999237060547,32.310001373291016,CL=F
2003-08-04,32.150001525878906,31.84000015258789,CL=F
2003-08-05,32.150001525878906,32.220001220703125,CL=F
2003-08-06,32.27000045776367,31.700000762939453,CL=F
2003-08-07,31.670000076293945,32.38999938964844,CL=F
2003-08-08,32.20000076293945,32.18000030517578,CL=F
2003-08-11,32.13999938964844,32.0099983215332,CL=F
2003-08-12,31.68000030517578,31.920000076293945,CL=F
2003-08-13,31.8799991607666,30.780000686645508,CL=F
2003-08-14,30.809999465942383,31.09000015258789,CL=F
2003-08-15,31.200000762939453,31.049999237060547,CL=F
2003-08-18,31.309999465942383,30.889999389648438,CL=F
2003-08-19,31.0,30.700000762939453,CL=F
2003-08-20,30.600000381469727,30.950000762939453,CL=F
2003-08-21,31.200000762939453,31.8799991607666,CL=F
2003-08-22,31.75,31.84000015258789,CL=F
2003-08-25,32.04999923706055,31.559999465942383,CL=F
2003-08-26,31.5,31.950000762939453,CL=F
2003-08-27,31.950000762939453,31.209999084472656,CL=F
2003-08-28,31.229999542236328,31.5,CL=F
2003-08-29,31.450000762939453,31.56999969482422,CL=F
2003-09-02,31.280000686645508,29.40999984741211,CL=F
2003-09-03,29.5,29.489999771118164,CL=F
2003-09-04,29.450000762939453,28.979999542236328,CL=F
2003-09-05,28.799999237060547,28.8799991607666,CL=F
2003-09-08,28.93000030517578,28.850000381469727,CL=F
2003-09-09,29.0,29.18000030517578,CL=F
2003-09-10,29.200000762939453,29.350000381469727,CL=F
2003-09-11,29.399999618530273,28.81999969482422,CL=F
2003-09-12,28.75,28.270000457763672,CL=F
2003-09-15,28.299999237060547,28.139999389648438,CL=F
2003-09-16,28.139999389648438,27.559999465942383,CL=F
2003-09-17,27.549999237060547,27.030000686645508,CL=F
2003-09-18,27.020000457763672,27.170000076293945,CL=F
2003-09-19,27.149999618530273,27.030000686645508,CL=F
2003-09-22,27.100000381469727,26.959999084472656,CL=F
2003-09-23,27.149999618530273,27.1299991607666,CL=F
2003-09-24,27.850000381469727,28.239999771118164,CL=F
2003-09-25,28.450000762939453,28.290000915527344,CL=F
2003-09-26,28.100000381469727,28.15999984741211,CL=F
2003-09-29,28.239999771118164,28.399999618530273,CL=F
2003-09-30,28.3799991607666,29.200000762939453,CL=F
2003-10-01,29.049999237060547,29.389999389648438,CL=F
2003-10-02,29.5,29.84000015258789,CL=F
2003-10-03,29.600000381469727,30.399999618530273,CL=F
2003-10-06,30.559999465942383,30.469999313354492,CL=F
2003-10-07,30.469999313354492,30.40999984741211,CL=F
2003-10-08,30.440000534057617,29.809999465942383,CL=F
2003-10-09,29.799999237060547,31.010000228881836,CL=F
2003-10-10,31.040000915527344,31.969999313354492,CL=F
2003-10-13,31.969999313354492,31.950000762939453,CL=F
2003-10-14,31.700000762939453,31.81999969482422,CL=F
2003-10-15,31.719999313354492,31.770000457763672,CL=F
2003-10-16,31.770000457763672,31.540000915527344,CL=F
2003-10-17,31.5,30.68000030517578,CL=F
2003-10-20,30.670000076293945,30.350000381469727,CL=F
2003-10-21,30.329999923706055,30.18000030517578,CL=F
2003-10-22,30.579999923706055,29.920000076293945,CL=F
2003-10-23,29.600000381469727,30.299999237060547,CL=F
2003-10-24,30.600000381469727,30.15999984741211,CL=F
2003-10-27,29.899999618530273,29.920000076293945,CL=F
2003-10-28,29.8799991607666,29.559999465942383,CL=F
2003-10-29,29.549999237060547,28.90999984741211,CL=F
2003-10-30,28.950000762939453,28.469999313354492,CL=F
2003-10-31,28.5,29.110000610351562,CL=F
2003-11-03,29.229999542236328,28.899999618530273,CL=F
2003-11-04,28.850000381469727,28.75,CL=F
2003-11-05,28.770000457763672,30.299999237060547,CL=F
2003-11-06,30.25,30.260000228881836,CL=F
2003-11-07,30.270000457763672,30.850000381469727,CL=F
2003-11-10,31.139999389648438,30.8799991607666,CL=F
2003-11-11,30.920000076293945,31.149999618530273,CL=F
2003-11-12,31.149999618530273,31.329999923706055,CL=F
2003-11-13,31.309999465942383,31.899999618530273,CL=F
2003-11-14,31.899999618530273,32.369998931884766,CL=F
2003-11-17,32.369998931884766,31.729999542236328,CL=F
2003-11-18,31.670000076293945,33.279998779296875,CL=F
2003-11-19,33.150001525878906,32.91999816894531,CL=F
2003-11-20,32.900001525878906,32.86000061035156,CL=F
2003-11-21,31.75,31.610000610351562,CL=F
2003-11-24,31.469999313354492,29.739999771118164,CL=F
2003-11-25,29.899999618530273,29.770000457763672,CL=F
2003-11-26,29.75,30.40999984741211,CL=F
2003-12-01,30.260000228881836,29.950000762939453,CL=F
2003-12-02,29.940000534057617,30.780000686645508,CL=F
2003-12-03,30.799999237060547,31.100000381469727,CL=F
2003-12-04,31.100000381469727,31.260000228881836,CL=F
2003-12-05,31.229999542236328,30.729999542236328,CL=F
2003-12-08,30.65999984741211,32.099998474121094,CL=F
2003-12-09,32.09000015258789,31.760000228881836,CL=F
2003-12-10,31.709999084472656,31.8799991607666,CL=F
2003-12-11,31.90999984741211,31.850000381469727,CL=F
2003-12-12,31.969999313354492,33.040000915527344,CL=F
2003-12-15,32.040000915527344,33.18000030517578,CL=F
2003-12-16,33.16999816894531,32.88999938964844,CL=F
2003-12-17,32.849998474121094,33.349998474121094,CL=F
2003-12-18,33.369998931884766,33.709999084472656,CL=F
2003-12-19,33.650001525878906,33.02000045776367,CL=F
2003-12-22,32.900001525878906,31.8700008392334,CL=F
2003-12-23,31.850000381469727,31.950000762939453,CL=F
2003-12-24,32.060001373291016,32.86000061035156,CL=F
2003-12-29,32.75,32.400001525878906,CL=F
2003-12-30,32.400001525878906,32.790000915527344,CL=F
2003-12-31,32.880001068115234,32.52000045776367,CL=F
2004-01-05,32.400001525878906,33.779998779296875,CL=F
2004-01-06,33.7599983215332,33.70000076293945,CL=F
2004-01-07,33.68000030517578,33.619998931884766,CL=F
2004-01-08,33.650001525878906,33.97999954223633,CL=F
2004-01-09,34.130001068115234,34.310001373291016,CL=F
2004-01-12,34.349998474121094,34.720001220703125,CL=F
2004-01-13,34.79999923706055,34.43000030517578,CL=F
2004-01-14,34.29999923706055,34.5,CL=F
2004-01-15,34.56999969482422,33.439998626708984,CL=F
2004-01-16,33.5,35.06999969482422,CL=F
2004-01-20,34.91999816894531,36.20000076293945,CL=F
2004-01-21,34.790000915527344,34.58000183105469,CL=F
2004-01-22,34.59000015258789,34.93000030517578,CL=F
2004-01-23,34.970001220703125,34.939998626708984,CL=F
2004-01-26,34.790000915527344,34.470001220703125,CL=F
2004-01-27,34.45000076293945,34.119998931884766,CL=F
2004-01-28,34.13999938964844,33.619998931884766,CL=F
2004-01-29,33.619998931884766,32.810001373291016,CL=F
2004-01-30,32.869998931884766,33.04999923706055,CL=F
2004-02-02,33.20000076293945,34.97999954223633,CL=F
2004-02-03,34.849998474121094,34.099998474121094,CL=F
2004-02-04,34.09000015258789,33.099998474121094,CL=F
2004-02-05,33.189998626708984,33.08000183105469,CL=F
2004-02-06,33.11000061035156,32.47999954223633,CL=F
2004-02-09,32.349998474121094,32.83000183105469,CL=F
2004-02-10,32.900001525878906,33.869998931884766,CL=F
2004-02-11,34.0,34.0,CL=F
2004-02-12,34.0,33.97999954223633,CL=F
2004-02-13,33.959999084472656,34.560001373291016,CL=F
2004-02-17,34.47999954223633,35.15999984741211,CL=F
2004-02-18,35.099998474121094,35.45000076293945,CL=F
2004-02-19,35.400001525878906,36.0,CL=F
2004-02-20,35.79999923706055,35.599998474121094,CL=F
2004-02-23,34.27000045776367,34.349998474121094,CL=F
2004-02-24,34.36000061035156,34.58000183105469,CL=F
2004-02-25,34.58000183105469,35.68000030517578,CL=F
2004-02-26,35.70000076293945,35.5099983215332,CL=F
2004-02-27,35.4900016784668,36.15999984741211,CL=F
2004-03-01,36.15999984741211,36.86000061035156,CL=F
2004-03-02,36.79999923706055,36.65999984741211,CL=F
2004-03-03,36.650001525878906,35.79999923706055,CL=F
2004-03-04,35.810001373291016,36.63999938964844,CL=F
2004-03-05,36.70000076293945,37.2599983215332,CL=F
2004-03-08,37.2599983215332,36.56999969482422,CL=F
2004-03-09,36.5,36.279998779296875,CL=F
2004-03-10,36.29999923706055,36.099998474121094,CL=F
2004-03-11,36.290000915527344,36.779998779296875,CL=F
2004-03-12,36.959999084472656,36.189998626708984,CL=F
2004-03-15,36.150001525878906,37.439998626708984,CL=F
2004-03-16,37.41999816894531,37.47999954223633,CL=F
2004-03-17,37.439998626708984,38.18000030517578,CL=F
2004-03-18,38.20000076293945,37.93000030517578,CL=F
2004-03-19,37.880001068115234,38.08000183105469,CL=F
2004-03-22,38.09000015258789,37.11000061035156,CL=F
2004-03-23,37.04999923706055,37.45000076293945,CL=F
2004-03-24,37.40999984741211,37.0099983215332,CL=F
2004-03-25,37.0,35.5099983215332,CL=F
2004-03-26,35.58000183105469,35.72999954223633,CL=F
2004-03-29,35.68000030517578,35.45000076293945,CL=F
2004-03-30,35.400001525878906,36.25,CL=F
2004-03-31,36.2400016784668,35.7599983215332,CL=F
2004-04-01,35.81999969482422,34.27000045776367,CL=F
2004-04-02,34.33000183105469,34.38999938964844,CL=F
2004-04-05,34.20000076293945,34.380001068115234,CL=F
2004-04-06,34.400001525878906,34.970001220703125,CL=F
2004-04-07,34.9900016784668,36.150001525878906,CL=F
2004-04-08,36.16999816894531,37.13999938964844,CL=F
2004-04-12,37.2400016784668,37.84000015258789,CL=F
2004-04-13,37.81999969482422,37.209999084472656,CL=F
2004-04-14,37.150001525878906,36.720001220703125,CL=F
2004-04-15,36.70000076293945,37.56999969482422,CL=F
2004-04-16,37.560001373291016,37.7400016784668,CL=F
2004-04-19,37.650001525878906,37.41999816894531,CL=F
2004-04-20,37.45000076293945,37.599998474121094,CL=F
2004-04-21,36.41999816894531,35.72999954223633,CL=F
2004-04-22,35.7400016784668,36.709999084472656,CL=F
2004-04-23,36.790000915527344,36.459999084472656,CL=F
2004-04-26,36.75,36.970001220703125,CL=F
2004-04-27,36.93000030517578,37.529998779296875,CL=F
2004-04-28,37.540000915527344,37.459999084472656,CL=F
2004-04-29,37.33000183105469,37.310001373291016,CL=F
2004-04-30,37.41999816894531,37.380001068115234,CL=F
2004-05-03,37.38999938964844,38.209999084472656,CL=F
2004-05-04,38.18000030517578,38.97999954223633,CL=F
2004-05-05,38.95000076293945,39.56999969482422,CL=F
2004-05-06,39.619998931884766,39.369998931884766,CL=F
2004-05-07,39.43000030517578,39.93000030517578,CL=F
2004-05-10,39.84000015258789,38.93000030517578,CL=F
2004-05-11,38.880001068115234,40.060001373291016,CL=F
2004-05-12,40.209999084472656,40.77000045776367,CL=F
2004-05-13,40.72999954223633,41.08000183105469,CL=F
2004-05-14,41.08000183105469,41.380001068115234,CL=F
2004-05-17,41.279998779296875,41.54999923706055,CL=F
2004-05-18,41.54999923706055,40.540000915527344,CL=F
2004-05-19,40.45000076293945,41.5,CL=F
2004-05-20,41.56999969482422,40.91999816894531,CL=F
2004-05-21,40.5,39.93000030517578,CL=F
2004-05-24,40.0,41.720001220703125,CL=F
2004-05-25,41.70000076293945,41.13999938964844,CL=F
2004-05-26,41.130001068115234,40.70000076293945,CL=F
2004-05-27,40.650001525878906,39.439998626708984,CL=F
2004-05-28,39.439998626708984,39.880001068115234,CL=F
2004-06-01,40.400001525878906,42.33000183105469,CL=F
2004-06-02,42.310001373291016,39.959999084472656,CL=F
2004-06-03,39.880001068115234,39.279998779296875,CL=F
2004-06-04,39.25,38.4900016784668,CL=F
2004-06-07,38.439998626708984,38.65999984741211,CL=F
2004-06-08,38.70000076293945,37.279998779296875,CL=F
2004-06-09,37.220001220703125,37.540000915527344,CL=F
2004-06-10,37.540000915527344,38.45000076293945,CL=F
2004-06-14,38.27000045776367,37.59000015258789,CL=F
2004-06-15,37.59000015258789,37.189998626708984,CL=F
2004-06-16,37.15999984741211,37.31999969482422,CL=F
2004-06-17,37.34000015258789,38.459999084472656,CL=F
2004-06-18,38.47999954223633,38.75,CL=F
2004-06-21,38.650001525878906,37.630001068115234,CL=F
2004-06-22,37.630001068115234,38.11000061035156,CL=F
2004-06-23,38.18000030517578,37.56999969482422,CL=F
2004-06-24,37.650001525878906,37.93000030517578,CL=F
2004-06-25,37.95000076293945,37.54999923706055,CL=F
2004-06-28,37.290000915527344,36.2400016784668,CL=F
2004-06-29,36.0,35.65999984741211,CL=F
2004-06-30,35.630001068115234,37.04999923706055,CL=F
2004-07-01,37.04999923706055,38.7400016784668,CL=F
2004-07-02,38.70000076293945,38.38999938964844,CL=F
2004-07-06,38.790000915527344,39.650001525878906,CL=F
2004-07-07,39.150001525878906,39.08000183105469,CL=F
2004-07-08,39.189998626708984,40.33000183105469,CL=F
2004-07-09,40.18000030517578,39.959999084472656,CL=F
2004-07-12,39.7599983215332,39.5,CL=F
2004-07-13,39.400001525878906,39.439998626708984,CL=F
2004-07-14,39.5,40.970001220703125,CL=F
2004-07-15,40.970001220703125,40.77000045776367,CL=F
2004-07-16,40.70000076293945,41.25,CL=F
2004-07-19,41.189998626708984,41.63999938964844,CL=F
2004-07-20,41.630001068115234,40.86000061035156,CL=F
2004-07-21,40.380001068115234,40.58000183105469,CL=F
2004-07-22,40.56999969482422,41.36000061035156,CL=F
2004-07-23,41.400001525878906,41.709999084472656,CL=F
2004-07-26,41.75,41.439998626708984,CL=F
2004-07-27,41.43000030517578,41.84000015258789,CL=F
2004-07-28,41.849998474121094,42.900001525878906,CL=F
2004-07-29,42.900001525878906,42.75,CL=F
2004-07-30,42.720001220703125,43.79999923706055,CL=F
2004-08-02,43.689998626708984,43.81999969482422,CL=F
2004-08-03,43.84000015258789,44.150001525878906,CL=F
2004-08-04,44.150001525878906,42.83000183105469,CL=F
2004-08-05,42.810001373291016,44.40999984741211,CL=F
2004-08-06,44.349998474121094,43.95000076293945,CL=F
2004-08-09,43.810001373291016,44.84000015258789,CL=F
2004-08-10,44.81999969482422,44.52000045776367,CL=F
2004-08-11,44.52000045776367,44.79999923706055,CL=F
2004-08-12,44.77000045776367,45.5,CL=F
2004-08-13,45.470001220703125,46.58000183105469,CL=F
2004-08-16,46.599998474121094,46.04999923706055,CL=F
2004-08-17,46.04999923706055,46.75,CL=F
2004-08-18,46.75,47.27000045776367,CL=F
2004-08-19,47.349998474121094,48.70000076293945,CL=F
2004-08-20,48.81999969482422,47.86000061035156,CL=F
2004-08-23,46.810001373291016,46.04999923706055,CL=F
2004-08-24,46.0,45.209999084472656,CL=F
2004-08-25,45.16999816894531,43.470001220703125,CL=F
2004-08-26,43.540000915527344,43.099998474121094,CL=F
2004-08-27,43.04999923706055,43.18000030517578,CL=F
2004-08-30,43.310001373291016,42.279998779296875,CL=F
2004-08-31,42.25,42.119998931884766,CL=F
2004-09-01,42.11000061035156,44.0,CL=F
2004-09-02,43.900001525878906,44.060001373291016,CL=F
2004-09-03,43.849998474121094,43.9900016784668,CL=F
2004-09-07,43.56999969482422,43.310001373291016,CL=F
2004-09-08,43.220001220703125,42.77000045776367,CL=F
2004-09-09,42.72999954223633,44.61000061035156,CL=F
2004-09-10,44.54999923706055,42.810001373291016,CL=F
2004-09-13,43.130001068115234,43.869998931884766,CL=F
2004-09-14,43.79999923706055,44.38999938964844,CL=F
2004-09-15,44.439998626708984,43.58000183105469,CL=F
2004-09-16,43.75,43.880001068115234,CL=F
2004-09-17,44.0099983215332,45.59000015258789,CL=F
2004-09-20,45.59000015258789,46.349998474121094,CL=F
2004-09-21,46.349998474121094,47.099998474121094,CL=F
2004-09-22,46.75,48.349998474121094,CL=F
2004-09-23,48.349998474121094,48.459999084472656,CL=F
2004-09-24,48.459999084472656,48.880001068115234,CL=F
2004-09-27,48.75,49.63999938964844,CL=F
2004-09-28,49.56999969482422,49.900001525878906,CL=F
2004-09-29,49.86000061035156,49.5099983215332,CL=F
2004-09-30,49.5,49.63999938964844,CL=F
2004-10-01,49.63999938964844,50.119998931884766,CL=F
2004-10-04,49.900001525878906,49.90999984741211,CL=F
2004-10-05,49.83000183105469,51.09000015258789,CL=F
2004-10-06,51.18000030517578,52.02000045776367,CL=F
2004-10-07,52.0,52.66999816894531,CL=F
2004-10-08,52.54999923706055,53.310001373291016,CL=F
2004-10-11,53.189998626708984,53.63999938964844,CL=F
2004-10-12,53.63999938964844,52.5099983215332,CL=F
2004-10-13,52.5099983215332,53.63999938964844,CL=F
2004-10-14,53.650001525878906,54.7599983215332,CL=F
2004-10-15,54.709999084472656,54.93000030517578,CL=F
2004-10-18,54.79999923706055,53.66999816894531,CL=F
2004-10-19,53.63999938964844,53.290000915527344,CL=F
2004-10-20,53.290000915527344,54.91999816894531,CL=F
2004-10-21,54.31999969482422,54.470001220703125,CL=F
2004-10-22,54.5,55.16999816894531,CL=F
2004-10-25,55.04999923706055,54.540000915527344,CL=F
2004-10-26,54.4900016784668,55.16999816894531,CL=F
2004-10-27,55.18000030517578,52.459999084472656,CL=F
2004-10-28,52.45000076293945,50.91999816894531,CL=F
2004-10-29,50.849998474121094,51.7599983215332,CL=F
2004-11-01,51.81999969482422,50.130001068115234,CL=F
2004-11-02,50.189998626708984,49.619998931884766,CL=F
2004-11-03,49.61000061035156,50.880001068115234,CL=F
2004-11-04,50.880001068115234,48.81999969482422,CL=F
2004-11-05,48.810001373291016,49.61000061035156,CL=F
2004-11-08,49.599998474121094,49.09000015258789,CL=F
2004-11-09,49.02000045776367,47.369998931884766,CL=F
2004-11-10,47.349998474121094,48.86000061035156,CL=F
2004-11-11,48.79999923706055,47.41999816894531,CL=F
2004-11-12,47.54999923706055,47.31999969482422,CL=F
2004-11-15,47.11000061035156,46.869998931884766,CL=F
2004-11-16,46.88999938964844,46.11000061035156,CL=F
2004-11-17,46.15999984741211,46.84000015258789,CL=F
2004-11-18,46.75,46.220001220703125,CL=F
2004-11-19,46.20000076293945,48.439998626708984,CL=F
2004-11-22,48.79999923706055,48.63999938964844,CL=F
2004-11-23,48.47999954223633,48.939998626708984,CL=F
2004-11-24,48.84000015258789,49.439998626708984,CL=F
2004-11-29,49.400001525878906,49.7599983215332,CL=F
2004-11-30,49.650001525878906,49.130001068115234,CL=F
2004-12-01,49.06999969482422,45.4900016784668,CL=F
2004-12-02,45.4900016784668,43.25,CL=F
2004-12-03,43.33000183105469,42.540000915527344,CL=F
2004-12-06,42.5,42.97999954223633,CL=F
2004-12-07,43.099998474121094,41.459999084472656,CL=F
2004-12-08,41.40999984741211,41.939998626708984,CL=F
2004-12-09,42.04999923706055,42.529998779296875,CL=F
2004-12-10,42.5,40.709999084472656,CL=F
2004-12-13,40.900001525878906,41.0099983215332,CL=F
2004-12-14,41.119998931884766,41.81999969482422,CL=F
2004-12-15,41.79999923706055,44.189998626708984,CL=F
2004-12-16,44.29999923706055,44.18000030517578,CL=F
2004-12-17,44.099998474121094,46.279998779296875,CL=F
2004-12-20,46.20000076293945,45.63999938964844,CL=F
2004-12-21,45.68000030517578,45.7599983215332,CL=F
2004-12-22,45.75,44.2400016784668,CL=F
2004-12-23,44.18000030517578,44.18000030517578,CL=F
2004-12-27,43.869998931884766,41.31999969482422,CL=F
2004-12-28,41.25,41.77000045776367,CL=F
2004-12-29,41.810001373291016,43.63999938964844,CL=F
2004-12-30,43.61000061035156,43.45000076293945,CL=F
2005-01-03,43.099998474121094,42.119998931884766,CL=F
2005-01-04,42.18000030517578,43.90999984741211,CL=F
2005-01-05,43.900001525878906,43.38999938964844,CL=F
2005-01-06,43.38999938964844,45.560001373291016,CL=F
2005-01-07,45.5,45.43000030517578,CL=F
2005-01-10,45.599998474121094,45.33000183105469,CL=F
2005-01-11,45.16999816894531,45.68000030517578,CL=F
2005-01-12,45.72999954223633,46.369998931884766,CL=F
2005-01-13,46.5,48.040000915527344,CL=F
2005-01-14,47.869998931884766,48.380001068115234,CL=F
2005-01-18,48.599998474121094,48.380001068115234,CL=F
2005-01-19,48.36000061035156,47.54999923706055,CL=F
2005-01-20,47.599998474121094,46.90999984741211,CL=F
2005-01-21,47.29999923706055,48.529998779296875,CL=F
2005-01-24,48.880001068115234,48.810001373291016,CL=F
2005-01-25,48.81999969482422,49.63999938964844,CL=F
2005-01-26,49.5099983215332,48.779998779296875,CL=F
2005-01-27,49.029998779296875,48.84000015258789,CL=F
2005-01-28,48.84000015258789,47.18000030517578,CL=F
2005-01-31,46.68000030517578,48.20000076293945,CL=F
2005-02-01,48.209999084472656,47.119998931884766,CL=F
2005-02-02,47.189998626708984,46.689998626708984,CL=F
2005-02-03,46.56999969482422,46.45000076293945,CL=F
2005-02-04,46.5,46.47999954223633,CL=F
2005-02-07,46.31999969482422,45.279998779296875,CL=F
2005-02-08,45.400001525878906,45.400001525878906,CL=F
2005-02-09,45.45000076293945,45.459999084472656,CL=F
2005-02-10,45.540000915527344,47.099998474121094,CL=F
2005-02-11,46.970001220703125,47.15999984741211,CL=F
2005-02-14,47.04999923706055,47.439998626708984,CL=F
2005-02-15,47.34000015258789,47.2599983215332,CL=F
2005-02-16,47.279998779296875,48.33000183105469,CL=F
2005-02-17,48.31999969482422,47.540000915527344,CL=F
2005-02-18,47.599998474121094,48.349998474121094,CL=F
2005-02-22,48.369998931884766,51.150001525878906,CL=F
2005-02-23,51.11000061035156,51.16999816894531,CL=F
2005-02-24,51.209999084472656,51.38999938964844,CL=F
2005-02-25,51.45000076293945,51.4900016784668,CL=F
2005-02-28,51.79999923706055,51.75,CL=F
2005-03-01,51.77000045776367,51.68000030517578,CL=F
2005-03-02,51.70000076293945,53.04999923706055,CL=F
2005-03-03,53.040000915527344,53.56999969482422,CL=F
2005-03-04,53.599998474121094,53.779998779296875,CL=F
2005-03-07,53.560001373291016,53.88999938964844,CL=F
2005-03-08,53.869998931884766,54.59000015258789,CL=F
2005-03-09,54.540000915527344,54.77000045776367,CL=F
2005-03-10,54.349998474121094,53.540000915527344,CL=F
2005-03-11,53.599998474121094,54.43000030517578,CL=F
2005-03-14,54.45000076293945,54.95000076293945,CL=F
2005-03-15,54.900001525878906,55.04999923706055,CL=F
2005-03-16,55.0,56.459999084472656,CL=F
2005-03-17,56.45000076293945,56.400001525878906,CL=F
2005-03-18,56.290000915527344,56.720001220703125,CL=F
2005-03-21,56.68000030517578,56.619998931884766,CL=F
2005-03-22,57.45000076293945,56.029998779296875,CL=F
2005-03-23,55.93000030517578,53.810001373291016,CL=F
2005-03-24,54.119998931884766,54.84000015258789,CL=F
2005-03-28,54.439998626708984,54.04999923706055,CL=F
2005-03-29,54.060001373291016,54.22999954223633,CL=F
2005-03-30,54.279998779296875,53.9900016784668,CL=F
2005-03-31,54.029998779296875,55.400001525878906,CL=F
2005-04-01,55.20000076293945,57.27000045776367,CL=F
2005-04-04,57.150001525878906,57.0099983215332,CL=F
2005-04-05,56.959999084472656,56.040000915527344,CL=F
2005-04-06,55.9900016784668,55.849998474121094,CL=F
2005-04-07,55.779998779296875,54.11000061035156,CL=F
2005-04-08,54.119998931884766,53.31999969482422,CL=F
2005-04-11,53.2599983215332,53.709999084472656,CL=F
2005-04-12,53.79999923706055,51.86000061035156,CL=F
2005-04-13,51.75,50.220001220703125,CL=F
2005-04-14,50.29999923706055,51.130001068115234,CL=F
2005-04-15,51.04999923706055,50.4900016784668,CL=F
2005-04-18,50.43000030517578,50.369998931884766,CL=F
2005-04-19,50.29999923706055,52.290000915527344,CL=F
2005-04-20,52.189998626708984,52.439998626708984,CL=F
2005-04-21,53.869998931884766,54.20000076293945,CL=F
2005-04-22,54.22999954223633,55.38999938964844,CL=F
2005-04-25,55.150001525878906,54.56999969482422,CL=F
2005-04-26,54.34000015258789,54.20000076293945,CL=F
2005-04-27,54.29999923706055,51.61000061035156,CL=F
2005-04-28,51.560001373291016,51.77000045776367,CL=F
2005-04-29,51.810001373291016,49.720001220703125,CL=F
2005-05-02,49.279998779296875,50.91999816894531,CL=F
2005-05-03,51.0,49.5,CL=F
2005-05-04,49.52000045776367,50.130001068115234,CL=F
2005-05-05,50.16999816894531,50.83000183105469,CL=F
2005-05-06,50.970001220703125,50.959999084472656,CL=F
2005-05-09,51.279998779296875,52.029998779296875,CL=F
2005-05-10,52.0,52.06999969482422,CL=F
2005-05-11,51.77000045776367,50.45000076293945,CL=F
2005-05-12,50.36000061035156,48.540000915527344,CL=F
2005-05-13,48.70000076293945,48.66999816894531,CL=F
2005-05-16,48.66999816894531,48.61000061035156,CL=F
2005-05-17,48.63999938964844,48.970001220703125,CL=F
2005-05-18,48.900001525878906,47.25,CL=F
2005-05-19,47.099998474121094,46.91999816894531,CL=F
2005-05-20,46.97999954223633,46.79999923706055,CL=F
2005-05-23,48.25,49.15999984741211,CL=F
2005-05-24,49.150001525878906,49.66999816894531,CL=F
2005-05-25,49.630001068115234,50.97999954223633,CL=F
2005-05-26,50.95000076293945,51.0099983215332,CL=F
2005-05-27,50.900001525878906,51.849998474121094,CL=F
2005-05-31,51.97999954223633,51.970001220703125,CL=F
2005-06-01,51.95000076293945,54.599998474121094,CL=F
2005-06-02,54.540000915527344,53.630001068115234,CL=F
2005-06-03,53.5099983215332,55.029998779296875,CL=F
2005-06-06,55.20000076293945,54.4900016784668,CL=F
2005-06-07,54.47999954223633,53.7599983215332,CL=F
2005-06-08,53.720001220703125,52.540000915527344,CL=F
2005-06-09,52.52000045776367,54.279998779296875,CL=F
2005-06-10,54.40999984741211,53.540000915527344,CL=F
2005-06-13,53.43000030517578,55.619998931884766,CL=F
2005-06-14,55.54999923706055,55.0,CL=F
2005-06-15,54.939998626708984,55.56999969482422,CL=F
2005-06-16,55.5099983215332,56.58000183105469,CL=F
2005-06-17,56.599998474121094,58.470001220703125,CL=F
2005-06-20,58.5099983215332,59.369998931884766,CL=F
2005-06-21,59.369998931884766,58.900001525878906,CL=F
2005-06-22,58.95000076293945,58.09000015258789,CL=F
2005-06-23,58.150001525878906,59.41999816894531,CL=F
2005-06-24,59.400001525878906,59.84000015258789,CL=F
2005-06-27,59.900001525878906,60.540000915527344,CL=F
2005-06-28,60.439998626708984,58.20000076293945,CL=F
2005-06-29,58.2599983215332,57.2599983215332,CL=F
2005-06-30,57.22999954223633,56.5,CL=F
2005-07-01,56.599998474121094,58.75,CL=F
2005-07-05,58.88999938964844,59.59000015258789,CL=F
2005-07-06,59.599998474121094,61.279998779296875,CL=F
2005-07-07,61.279998779296875,60.72999954223633,CL=F
2005-07-08,60.720001220703125,59.630001068115234,CL=F
2005-07-11,59.400001525878906,58.91999816894531,CL=F
2005-07-12,59.150001525878906,60.619998931884766,CL=F
2005-07-13,60.54999923706055,60.0099983215332,CL=F
2005-07-14,60.0099983215332,57.79999923706055,CL=F
2005-07-15,57.869998931884766,58.09000015258789,CL=F
2005-07-18,58.0,57.31999969482422,CL=F
2005-07-19,57.25,57.459999084472656,CL=F
2005-07-20,57.380001068115234,56.720001220703125,CL=F
2005-07-21,58.150001525878906,57.130001068115234,CL=F
2005-07-22,57.27000045776367,58.650001525878906,CL=F
2005-07-25,58.75,59.0,CL=F
2005-07-26,59.099998474121094,59.20000076293945,CL=F
2005-07-27,59.150001525878906,59.11000061035156,CL=F
2005-07-28,59.209999084472656,59.939998626708984,CL=F
2005-07-29,59.93000030517578,60.56999969482422,CL=F
2005-08-01,60.5099983215332,61.56999969482422,CL=F
2005-08-02,61.59000015258789,61.88999938964844,CL=F
2005-08-03,61.939998626708984,60.86000061035156,CL=F
2005-08-04,60.779998779296875,61.380001068115234,CL=F
2005-08-05,61.41999816894531,62.310001373291016,CL=F
2005-08-08,62.310001373291016,63.939998626708984,CL=F
2005-08-09,63.90999984741211,63.06999969482422,CL=F
2005-08-10,63.119998931884766,64.9000015258789,CL=F
2005-08-11,64.94999694824219,65.80000305175781,CL=F
2005-08-12,65.80000305175781,66.86000061035156,CL=F
2005-08-15,66.8499984741211,66.2699966430664,CL=F
2005-08-16,66.26000213623047,66.08000183105469,CL=F
2005-08-17,66.13999938964844,63.25,CL=F
2005-08-18,63.31999969482422,63.27000045776367,CL=F
2005-08-19,63.29999923706055,65.3499984741211,CL=F
2005-08-22,65.4000015258789,65.44999694824219,CL=F
2005-08-23,65.55999755859375,65.70999908447266,CL=F
2005-08-24,65.79000091552734,67.31999969482422,CL=F
2005-08-25,67.41000366210938,67.48999786376953,CL=F
2005-08-26,67.48999786376953,66.12999725341797,CL=F
2005-08-29,68.5999984741211,67.19999694824219,CL=F
2005-08-30,67.4000015258789,69.80999755859375,CL=F
2005-08-31,69.9000015258789,68.94000244140625,CL=F
2005-09-01,68.69999694824219,69.47000122070312,CL=F
2005-09-02,69.4000015258789,67.56999969482422,CL=F
2005-09-06,66.5999984741211,65.95999908447266,CL=F
2005-09-07,65.83000183105469,64.37000274658203,CL=F
2005-09-08,64.4000015258789,64.48999786376953,CL=F
2005-09-09,64.86000061035156,64.08000183105469,CL=F
2005-09-12,64.1500015258789,63.33000183105469,CL=F
2005-09-13,63.29999923706055,63.11000061035156,CL=F
2005-09-14,63.09000015258789,65.08999633789062,CL=F
2005-09-15,65.12999725341797,64.75,CL=F
2005-09-16,64.69999694824219,63.0,CL=F
2005-09-19,63.38999938964844,67.38999938964844,CL=F
2005-09-20,67.23999786376953,66.2300033569336,CL=F
2005-09-21,66.22000122070312,66.80000305175781,CL=F
2005-09-22,66.8499984741211,66.5,CL=F
2005-09-23,66.58000183105469,64.19000244140625,CL=F
2005-09-26,63.40999984741211,65.81999969482422,CL=F
2005-09-27,65.69999694824219,65.06999969482422,CL=F
2005-09-28,64.94000244140625,66.3499984741211,CL=F
2005-09-29,66.33999633789062,66.79000091552734,CL=F
2005-09-30,66.79000091552734,66.23999786376953,CL=F
2005-10-03,66.19999694824219,65.47000122070312,CL=F
2005-10-04,65.4000015258789,63.900001525878906,CL=F
2005-10-05,63.810001373291016,62.790000915527344,CL=F
2005-10-06,62.720001220703125,61.36000061035156,CL=F
2005-10-07,61.599998474121094,61.84000015258789,CL=F
2005-10-10,61.790000915527344,61.79999923706055,CL=F
2005-10-11,62.02000045776367,63.529998779296875,CL=F
2005-10-12,63.59000015258789,64.12000274658203,CL=F
2005-10-13,64.19999694824219,63.08000183105469,CL=F
2005-10-14,63.04999923706055,62.630001068115234,CL=F
2005-10-17,62.95000076293945,64.36000061035156,CL=F
2005-10-18,64.0999984741211,63.20000076293945,CL=F
2005-10-19,63.0,62.40999984741211,CL=F
2005-10-20,62.29999923706055,61.029998779296875,CL=F
2005-10-21,59.79999923706055,60.630001068115234,CL=F
2005-10-24,60.060001373291016,60.31999969482422,CL=F
2005-10-25,60.22999954223633,62.439998626708984,CL=F
2005-10-26,62.29999923706055,60.65999984741211,CL=F
2005-10-27,60.880001068115234,61.09000015258789,CL=F
2005-10-28,61.099998474121094,61.220001220703125,CL=F
2005-10-31,61.20000076293945,59.7599983215332,CL=F
2005-11-01,59.7599983215332,59.849998474121094,CL=F
2005-11-02,59.900001525878906,59.75,CL=F
2005-11-03,59.70000076293945,61.779998779296875,CL=F
2005-11-04,61.75,60.58000183105469,CL=F
2005-11-07,60.11000061035156,59.470001220703125,CL=F
2005-11-08,59.470001220703125,59.709999084472656,CL=F
2005-11-09,59.70000076293945,58.93000030517578,CL=F
2005-11-10,58.79999923706055,57.79999923706055,CL=F
2005-11-11,57.77000045776367,57.529998779296875,CL=F
2005-11-14,57.79999923706055,57.689998626708984,CL=F
2005-11-15,57.720001220703125,56.97999954223633,CL=F
2005-11-16,56.97999954223633,57.880001068115234,CL=F
2005-11-17,57.81999969482422,56.33000183105469,CL=F
2005-11-18,56.540000915527344,56.13999938964844,CL=F
2005-11-21,57.41999816894531,57.70000076293945,CL=F
2005-11-22,57.79999923706055,58.84000015258789,CL=F
2005-11-23,58.75,58.709999084472656,CL=F
2005-11-28,58.11000061035156,57.36000061035156,CL=F
2005-11-29,57.310001373291016,56.5,CL=F
2005-11-30,56.349998474121094,57.31999969482422,CL=F
2005-12-01,57.43000030517578,58.470001220703125,CL=F
2005-12-02,58.470001220703125,59.31999969482422,CL=F
2005-12-05,59.40999984741211,59.90999984741211,CL=F
2005-12-06,59.81999969482422,59.939998626708984,CL=F
2005-12-07,60.0099983215332,59.209999084472656,CL=F
2005-12-08,59.349998474121094,60.65999984741211,CL=F
2005-12-09,60.7599983215332,59.38999938964844,CL=F
2005-12-12,59.5099983215332,61.29999923706055,CL=F
2005-12-13,61.290000915527344,61.369998931884766,CL=F
2005-12-14,61.279998779296875,60.849998474121094,CL=F
2005-12-15,60.849998474121094,59.9900016784668,CL=F
2005-12-16,59.900001525878906,58.060001373291016,CL=F
2005-12-19,58.0,57.33000183105469,CL=F
2005-12-20,57.29999923706055,57.97999954223633,CL=F
2005-12-21,58.150001525878906,58.560001373291016,CL=F
2005-12-22,58.599998474121094,58.279998779296875,CL=F
2005-12-23,58.2599983215332,58.43000030517578,CL=F
2005-12-27,58.29999923706055,58.15999984741211,CL=F
2005-12-28,58.189998626708984,59.81999969482422,CL=F
2005-12-29,59.88999938964844,60.31999969482422,CL=F
2005-12-30,60.38999938964844,61.040000915527344,CL=F
2006-01-03,61.040000915527344,63.13999938964844,CL=F
2006-01-04,63.0,63.41999816894531,CL=F
2006-01-05,63.400001525878906,62.790000915527344,CL=F
2006-01-06,62.599998474121094,64.20999908447266,CL=F
2006-01-09,64.1500015258789,63.5,CL=F
2006-01-10,63.380001068115234,63.369998931884766,CL=F
2006-01-11,63.349998474121094,63.939998626708984,CL=F
2006-01-12,63.97999954223633,63.939998626708984,CL=F
2006-01-13,63.970001220703125,63.91999816894531,CL=F
2006-01-17,64.81999969482422,66.30999755859375,CL=F
2006-01-18,66.3499984741211,65.7300033569336,CL=F
2006-01-19,65.8499984741211,66.83000183105469,CL=F
2006-01-20,66.8499984741211,68.3499984741211,CL=F
2006-01-23,68.44999694824219,68.0999984741211,CL=F
2006-01-24,68.0999984741211,67.05999755859375,CL=F
2006-01-25,67.0999984741211,65.8499984741211,CL=F
2006-01-26,65.8499984741211,66.26000213623047,CL=F
2006-01-27,66.48999786376953,67.76000213623047,CL=F
2006-01-30,67.8499984741211,68.3499984741211,CL=F
2006-01-31,68.4000015258789,67.91999816894531,CL=F
2006-02-01,67.7300033569336,66.55999755859375,CL=F
2006-02-02,66.27999877929688,64.68000030517578,CL=F
2006-02-03,64.69999694824219,65.37000274658203,CL=F
2006-02-06,65.5999984741211,65.11000061035156,CL=F
2006-02-07,65.0999984741211,63.09000015258789,CL=F
2006-02-08,63.189998626708984,62.54999923706055,CL=F
2006-02-09,62.56999969482422,62.619998931884766,CL=F
2006-02-10,62.63999938964844,61.84000015258789,CL=F
2006-02-13,62.099998474121094,61.2400016784668,CL=F
2006-02-14,61.18000030517578,59.56999969482422,CL=F
2006-02-15,59.4900016784668,57.70000076293945,CL=F
2006-02-16,57.70000076293945,58.459999084472656,CL=F
2006-02-17,58.79999923706055,59.880001068115234,CL=F
2006-02-21,61.25,61.099998474121094,CL=F
2006-02-22,62.5,61.0099983215332,CL=F
2006-02-23,60.90999984741211,60.540000915527344,CL=F
2006-02-24,60.5,62.90999984741211,CL=F
2006-02-27,62.79999923706055,61.0,CL=F
2006-02-28,60.900001525878906,61.40999984741211,CL=F
2006-03-01,61.58000183105469,61.970001220703125,CL=F
2006-03-02,61.959999084472656,63.36000061035156,CL=F
2006-03-03,63.529998779296875,63.66999816894531,CL=F
2006-03-06,63.75,62.40999984741211,CL=F
2006-03-07,62.31999969482422,61.58000183105469,CL=F
2006-03-08,61.54999923706055,60.02000045776367,CL=F
2006-03-09,60.0099983215332,60.470001220703125,CL=F
2006-03-10,60.560001373291016,59.959999084472656,CL=F
2006-03-13,60.04999923706055,61.77000045776367,CL=F
2006-03-14,61.75,63.099998474121094,CL=F
2006-03-15,62.900001525878906,62.16999816894531,CL=F
2006-03-16,62.04999923706055,63.58000183105469,CL=F
2006-03-17,63.47999954223633,62.77000045776367,CL=F
2006-03-20,62.959999084472656,60.41999816894531,CL=F
2006-03-21,60.40999984741211,60.56999969482422,CL=F
2006-03-22,62.279998779296875,61.77000045776367,CL=F
2006-03-23,61.900001525878906,63.90999984741211,CL=F
2006-03-24,63.869998931884766,64.26000213623047,CL=F
2006-03-27,64.18000030517578,64.16000366210938,CL=F
2006-03-28,64.30000305175781,66.06999969482422,CL=F
2006-03-29,66.0999984741211,66.44999694824219,CL=F
2006-03-30,66.51000213623047,67.1500015258789,CL=F
2006-03-31,67.05000305175781,66.62999725341797,CL=F
2006-04-03,66.25,66.73999786376953,CL=F
2006-04-04,66.6500015258789,66.2300033569336,CL=F
2006-04-05,66.19999694824219,67.06999969482422,CL=F
2006-04-06,67.11000061035156,67.94000244140625,CL=F
2006-04-07,67.8499984741211,67.38999938964844,CL=F
2006-04-10,67.33999633789062,68.73999786376953,CL=F
2006-04-11,68.66999816894531,68.9800033569336,CL=F
2006-04-12,68.94999694824219,68.62000274658203,CL=F
2006-04-13,68.5199966430664,69.31999969482422,CL=F
2006-04-17,69.62999725341797,70.4000015258789,CL=F
2006-04-18,70.2699966430664,71.3499984741211,CL=F
2006-04-19,71.29000091552734,72.16999816894531,CL=F
2006-04-20,72.02999877929688,71.94999694824219,CL=F
2006-04-21,73.3499984741211,75.16999816894531,CL=F
2006-04-24,75.05999755859375,73.33000183105469,CL=F
2006-04-25,73.27999877929688,72.87999725341797,CL=F
2006-04-26,72.8499984741211,71.93000030517578,CL=F
2006-04-27,71.93000030517578,70.97000122070312,CL=F
2006-04-28,70.98999786376953,71.87999725341797,CL=F
2006-05-01,71.75,73.69999694824219,CL=F
2006-05-02,73.80000305175781,74.61000061035156,CL=F
2006-05-03,74.62999725341797,72.27999877929688,CL=F
2006-05-04,72.16999816894531,69.94000244140625,CL=F
2006-05-05,70.19999694824219,70.19000244140625,CL=F
2006-05-08,70.16999816894531,69.7699966430664,CL=F
2006-05-09,69.83999633789062,70.69000244140625,CL=F
2006-05-10,70.6500015258789,72.12999725341797,CL=F
2006-05-11,72.12999725341797,73.31999969482422,CL=F
2006-05-12,73.0999984741211,72.04000091552734,CL=F
2006-05-15,72.04000091552734,69.41000366210938,CL=F
2006-05-16,69.20999908447266,69.52999877929688,CL=F
2006-05-17,69.3499984741211,68.69999694824219,CL=F
2006-05-18,68.6500015258789,69.44999694824219,CL=F
2006-05-19,69.44999694824219,68.52999877929688,CL=F
2006-05-22,68.5199966430664,69.2300033569336,CL=F
2006-05-23,70.05000305175781,71.76000213623047,CL=F
2006-05-24,71.58000183105469,69.86000061035156,CL=F
2006-05-25,69.91000366210938,71.31999969482422,CL=F
2006-05-26,71.30999755859375,71.37000274658203,CL=F
2006-05-30,71.19999694824219,72.02999877929688,CL=F
2006-05-31,71.94999694824219,71.29000091552734,CL=F
2006-06-01,71.26000213623047,70.33999633789062,CL=F
2006-06-02,70.25,72.33000183105469,CL=F
2006-06-05,72.94999694824219,72.5999984741211,CL=F
2006-06-06,72.63999938964844,72.5,CL=F
2006-06-07,72.4000015258789,70.81999969482422,CL=F
2006-06-08,70.86000061035156,70.3499984741211,CL=F
2006-06-09,70.27999877929688,71.62999725341797,CL=F
2006-06-12,71.5999984741211,70.36000061035156,CL=F
2006-06-13,70.23999786376953,68.55999755859375,CL=F
2006-06-14,68.44999694824219,69.13999938964844,CL=F
2006-06-15,69.02999877929688,69.5,CL=F
2006-06-16,69.58000183105469,69.87999725341797,CL=F
2006-06-19,69.87000274658203,68.9800033569336,CL=F
2006-06-20,69.01000213623047,68.94000244140625,CL=F
2006-06-21,69.33999633789062,70.33000183105469,CL=F
2006-06-22,70.83000183105469,70.83999633789062,CL=F
2006-06-23,70.8499984741211,70.87000274658203,CL=F
2006-06-26,70.68000030517578,71.80000305175781,CL=F
2006-06-27,71.73999786376953,71.91999816894531,CL=F
2006-06-28,71.91000366210938,72.19000244140625,CL=F
2006-06-29,72.19999694824219,73.5199966430664,CL=F
2006-06-30,73.51000213623047,73.9800033569336,CL=F
2006-07-05,73.94999694824219,75.19000244140625,CL=F
2006-07-06,75.19999694824219,75.13999938964844,CL=F
2006-07-07,75.0199966430664,74.08999633789062,CL=F
2006-07-10,73.81999969482422,73.61000061035156,CL=F
2006-07-11,73.51000213623047,74.16000366210938,CL=F
2006-07-12,74.02999877929688,74.94999694824219,CL=F
2006-07-13,74.9800033569336,76.69999694824219,CL=F
2006-07-14,76.66999816894531,77.02999877929688,CL=F
2006-07-17,77.25,75.30000305175781,CL=F
2006-07-18,75.19999694824219,73.54000091552734,CL=F
2006-07-19,73.9000015258789,72.66000366210938,CL=F
2006-07-20,73.0,73.08000183105469,CL=F
2006-07-21,74.06999969482422,74.43000030517578,CL=F
2006-07-24,74.83000183105469,75.05000305175781,CL=F
2006-07-25,75.0999984741211,73.75,CL=F
2006-07-26,73.80000305175781,73.94000244140625,CL=F
2006-07-27,73.9000015258789,74.54000091552734,CL=F
2006-07-28,74.5,73.23999786376953,CL=F
2006-07-31,73.20999908447266,74.4000015258789,CL=F
2006-08-01,74.4000015258789,74.91000366210938,CL=F
2006-08-02,74.91999816894531,75.80999755859375,CL=F
2006-08-03,76.0,75.45999908447266,CL=F
2006-08-04,75.5999984741211,74.76000213623047,CL=F
2006-08-07,74.56999969482422,76.9800033569336,CL=F
2006-08-08,77.05000305175781,76.30999755859375,CL=F
2006-08-09,76.33000183105469,76.3499984741211,CL=F
2006-08-10,76.25,74.0,CL=F
2006-08-11,74.0,74.3499984741211,CL=F
2006-08-14,73.79000091552734,73.52999877929688,CL=F
2006-08-15,73.37999725341797,73.05000305175781,CL=F
2006-08-16,72.93000030517578,71.88999938964844,CL=F
2006-08-17,71.6500015258789,70.05999755859375,CL=F
2006-08-18,70.4800033569336,71.13999938964844,CL=F
2006-08-21,71.22000122070312,72.44999694824219,CL=F
2006-08-22,72.44999694824219,72.62999725341797,CL=F
2006-08-23,72.8499984741211,71.76000213623047,CL=F
2006-08-24,71.6500015258789,72.36000061035156,CL=F
2006-08-25,72.80000305175781,72.51000213623047,CL=F
2006-08-28,72.19999694824219,70.61000061035156,CL=F
2006-08-29,70.45999908447266,69.70999908447266,CL=F
2006-08-30,69.7699966430664,70.02999877929688,CL=F
2006-08-31,70.4000015258789,70.26000213623047,CL=F
2006-09-01,70.3499984741211,69.19000244140625,CL=F
2006-09-04,69.25,68.0199966430664,CL=F
2006-09-05,68.44999694824219,68.5999984741211,CL=F
2006-09-06,68.6500015258789,67.5,CL=F
2006-09-07,67.55000305175781,67.31999969482422,CL=F
2006-09-08,67.19999694824219,66.25,CL=F
2006-09-11,66.01000213623047,65.61000061035156,CL=F
2006-09-12,65.58999633789062,63.7599983215332,CL=F
2006-09-13,63.84000015258789,63.970001220703125,CL=F
2006-09-14,64.2699966430664,63.220001220703125,CL=F
2006-09-15,63.45000076293945,63.33000183105469,CL=F
2006-09-18,63.4900016784668,63.79999923706055,CL=F
2006-09-19,63.849998474121094,61.65999984741211,CL=F
2006-09-20,61.70000076293945,60.459999084472656,CL=F
2006-09-21,60.810001373291016,61.59000015258789,CL=F
2006-09-22,61.709999084472656,60.54999923706055,CL=F
2006-09-25,60.25,61.45000076293945,CL=F
2006-09-26,61.439998626708984,61.0099983215332,CL=F
2006-09-27,61.13999938964844,62.959999084472656,CL=F
2006-09-28,62.9900016784668,62.7599983215332,CL=F
2006-09-29,62.70000076293945,62.90999984741211,CL=F
2006-10-02,62.79999923706055,61.029998779296875,CL=F
2006-10-03,60.900001525878906,58.68000030517578,CL=F
2006-10-04,58.5,59.40999984741211,CL=F
2006-10-05,59.7599983215332,60.029998779296875,CL=F
2006-10-06,60.040000915527344,59.7599983215332,CL=F
2006-10-09,59.900001525878906,59.959999084472656,CL=F
2006-10-10,59.95000076293945,58.52000045776367,CL=F
2006-10-11,58.52000045776367,57.59000015258789,CL=F
2006-10-12,57.400001525878906,57.86000061035156,CL=F
2006-10-13,58.34000015258789,58.56999969482422,CL=F
2006-10-16,58.86000061035156,59.939998626708984,CL=F
2006-10-17,60.04999923706055,58.93000030517578,CL=F
2006-10-18,59.099998474121094,57.650001525878906,CL=F
2006-10-19,57.720001220703125,58.5,CL=F
2006-10-20,58.61000061035156,56.81999969482422,CL=F
2006-10-23,59.43000030517578,58.810001373291016,CL=F
2006-10-24,58.88999938964844,59.349998474121094,CL=F
2006-10-25,59.5,61.400001525878906,CL=F
2006-10-26,61.58000183105469,60.36000061035156,CL=F
2006-10-27,60.29999923706055,60.75,CL=F
2006-10-30,60.75,58.36000061035156,CL=F
2006-10-31,58.40999984741211,58.72999954223633,CL=F
2006-11-01,58.599998474121094,58.709999084472656,CL=F
2006-11-02,58.599998474121094,57.880001068115234,CL=F
2006-11-03,57.86000061035156,59.13999938964844,CL=F
2006-11-06,59.150001525878906,60.02000045776367,CL=F
2006-11-07,60.119998931884766,58.93000030517578,CL=F
2006-11-08,59.15999984741211,59.83000183105469,CL=F
2006-11-09,60.0,61.15999984741211,CL=F
2006-11-10,61.029998779296875,59.59000015258789,CL=F
2006-11-13,59.599998474121094,58.58000183105469,CL=F
2006-11-14,58.599998474121094,58.279998779296875,CL=F
2006-11-15,58.45000076293945,58.7599983215332,CL=F
2006-11-16,58.77000045776367,56.2599983215332,CL=F
2006-11-17,56.25,55.810001373291016,CL=F
2006-11-20,58.72999954223633,58.79999923706055,CL=F
2006-11-21,58.959999084472656,60.16999816894531,CL=F
2006-11-22,60.04999923706055,59.2400016784668,CL=F
2006-11-27,59.88999938964844,60.31999969482422,CL=F
2006-11-28,60.400001525878906,60.9900016784668,CL=F
2006-11-29,60.9900016784668,62.459999084472656,CL=F
2006-11-30,62.31999969482422,63.130001068115234,CL=F
2006-12-01,62.849998474121094,63.43000030517578,CL=F
2006-12-04,63.810001373291016,62.439998626708984,CL=F
2006-12-05,62.41999816894531,62.43000030517578,CL=F
2006-12-06,62.41999816894531,62.189998626708984,CL=F
2006-12-07,62.310001373291016,62.4900016784668,CL=F
2006-12-08,62.75,62.029998779296875,CL=F
2006-12-11,62.209999084472656,61.220001220703125,CL=F
2006-12-12,61.29999923706055,61.02000045776367,CL=F
2006-12-13,60.970001220703125,61.369998931884766,CL=F
2006-12-14,61.52000045776367,62.5099983215332,CL=F
2006-12-15,62.52000045776367,63.43000030517578,CL=F
2006-12-18,63.20000076293945,62.209999084472656,CL=F
2006-12-19,62.189998626708984,63.150001525878906,CL=F
2006-12-20,63.5,63.720001220703125,CL=F
2006-12-21,63.58000183105469,62.65999984741211,CL=F
2006-12-22,62.66999816894531,62.40999984741211,CL=F
2006-12-26,62.439998626708984,61.099998474121094,CL=F
2006-12-27,60.90999984741211,60.34000015258789,CL=F
2006-12-28,60.40999984741211,60.529998779296875,CL=F
2006-12-29,60.5,61.04999923706055,CL=F
2007-01-02,60.97999954223633,61.04999923706055,CL=F
2007-01-03,60.95000076293945,58.31999969482422,CL=F
2007-01-04,58.349998474121094,55.59000015258789,CL=F
2007-01-05,55.40999984741211,56.310001373291016,CL=F
2007-01-08,56.2400016784668,56.09000015258789,CL=F
2007-01-09,56.119998931884766,55.63999938964844,CL=F
2007-01-10,55.75,54.02000045776367,CL=F
2007-01-11,53.59000015258789,51.880001068115234,CL=F
2007-01-12,52.06999969482422,52.9900016784668,CL=F
2007-01-16,52.939998626708984,51.209999084472656,CL=F
2007-01-17,51.20000076293945,52.2400016784668,CL=F
2007-01-18,52.400001525878906,50.47999954223633,CL=F
2007-01-19,50.470001220703125,51.9900016784668,CL=F
2007-01-22,52.09000015258789,51.130001068115234,CL=F
2007-01-23,52.63999938964844,55.040000915527344,CL=F
2007-01-24,54.970001220703125,55.369998931884766,CL=F
2007-01-25,55.38999938964844,54.22999954223633,CL=F
2007-01-26,54.33000183105469,55.41999816894531,CL=F
2007-01-29,55.630001068115234,54.0099983215332,CL=F
2007-01-30,53.869998931884766,56.970001220703125,CL=F
2007-01-31,56.900001525878906,58.13999938964844,CL=F
2007-02-01,57.88999938964844,57.29999923706055,CL=F
2007-02-02,57.38999938964844,59.02000045776367,CL=F
2007-02-05,59.25,58.7400016784668,CL=F
2007-02-06,58.900001525878906,58.880001068115234,CL=F
2007-02-07,59.119998931884766,57.709999084472656,CL=F
2007-02-08,57.72999954223633,59.709999084472656,CL=F
2007-02-09,59.779998779296875,59.88999938964844,CL=F
2007-02-12,59.68000030517578,57.810001373291016,CL=F
2007-02-13,57.61000061035156,59.060001373291016,CL=F
2007-02-14,59.029998779296875,58.0,CL=F
2007-02-15,58.029998779296875,57.9900016784668,CL=F
2007-02-16,58.040000915527344,59.38999938964844,CL=F
2007-02-20,58.869998931884766,58.06999969482422,CL=F
2007-02-21,58.88999938964844,60.06999969482422,CL=F
2007-02-22,60.130001068115234,60.95000076293945,CL=F
2007-02-23,60.720001220703125,61.13999938964844,CL=F
2007-02-26,60.880001068115234,61.38999938964844,CL=F
2007-02-27,61.459999084472656,61.459999084472656,CL=F
2007-02-28,60.279998779296875,61.790000915527344,CL=F
2007-03-01,61.81999969482422,62.0,CL=F
2007-03-02,61.84000015258789,61.63999938964844,CL=F
2007-03-05,61.29999923706055,60.06999969482422,CL=F
2007-03-06,59.88999938964844,60.689998626708984,CL=F
2007-03-07,60.790000915527344,61.81999969482422,CL=F
2007-03-08,61.7400016784668,61.63999938964844,CL=F
2007-03-09,61.709999084472656,60.04999923706055,CL=F
2007-03-12,59.959999084472656,58.90999984741211,CL=F
2007-03-13,59.0099983215332,57.93000030517578,CL=F
2007-03-14,58.16999816894531,58.15999984741211,CL=F
2007-03-15,58.20000076293945,57.54999923706055,CL=F
2007-03-16,57.529998779296875,57.11000061035156,CL=F
2007-03-19,57.11000061035156,56.59000015258789,CL=F
2007-03-20,56.66999816894531,56.72999954223633,CL=F
2007-03-21,59.650001525878906,59.61000061035156,CL=F
2007-03-22,60.02000045776367,61.689998626708984,CL=F
2007-03-23,61.970001220703125,62.279998779296875,CL=F
2007-03-26,62.34000015258789,62.90999984741211,CL=F
2007-03-27,62.83000183105469,62.93000030517578,CL=F
2007-03-28,64.4000015258789,64.08000183105469,CL=F
2007-03-29,64.02999877929688,66.02999877929688,CL=F
2007-03-30,66.05000305175781,65.87000274658203,CL=F
2007-04-02,65.69999694824219,65.94000244140625,CL=F
2007-04-03,65.80000305175781,64.63999938964844,CL=F
2007-04-04,64.5199966430664,64.37999725341797,CL=F
2007-04-05,64.38999938964844,64.27999877929688,CL=F
2007-04-09,63.849998474121094,61.5099983215332,CL=F
2007-04-10,61.720001220703125,61.88999938964844,CL=F
2007-04-11,61.810001373291016,62.0099983215332,CL=F
2007-04-12,61.91999816894531,63.849998474121094,CL=F
2007-04-13,63.900001525878906,63.630001068115234,CL=F
2007-04-16,63.40999984741211,63.61000061035156,CL=F
2007-04-17,63.599998474121094,63.099998474121094,CL=F
2007-04-18,63.25,63.130001068115234,CL=F
2007-04-19,62.9900016784668,61.83000183105469,CL=F
2007-04-20,61.790000915527344,63.380001068115234,CL=F
2007-04-23,64.11000061035156,65.88999938964844,CL=F
2007-04-24,65.75,64.58000183105469,CL=F
2007-04-25,64.61000061035156,65.83999633789062,CL=F
2007-04-26,65.68000030517578,65.05999755859375,CL=F
2007-04-27,65.30000305175781,66.45999908447266,CL=F
2007-04-30,66.36000061035156,65.70999908447266,CL=F
2007-05-01,65.66000366210938,64.4000015258789,CL=F
2007-05-02,64.43000030517578,63.68000030517578,CL=F
2007-05-03,63.47999954223633,63.189998626708984,CL=F
2007-05-04,63.25,61.93000030517578,CL=F
2007-05-07,61.709999084472656,61.470001220703125,CL=F
2007-05-08,61.63999938964844,62.2599983215332,CL=F
2007-05-09,62.18000030517578,61.54999923706055,CL=F
2007-05-10,61.56999969482422,61.810001373291016,CL=F
2007-05-11,61.88999938964844,62.369998931884766,CL=F
2007-05-14,62.43000030517578,62.459999084472656,CL=F
2007-05-15,62.540000915527344,63.16999816894531,CL=F
2007-05-16,63.150001525878906,62.54999923706055,CL=F
2007-05-17,62.619998931884766,64.86000061035156,CL=F
2007-05-18,64.91999816894531,64.94000244140625,CL=F
2007-05-21,64.94999694824219,66.2699966430664,CL=F
2007-05-22,66.2699966430664,64.97000122070312,CL=F
2007-05-23,65.61000061035156,65.7699966430664,CL=F
2007-05-24,65.72000122070312,64.18000030517578,CL=F
2007-05-25,64.4800033569336,65.19999694824219,CL=F
2007-05-29,64.9800033569336,63.150001525878906,CL=F
2007-05-30,63.2599983215332,63.4900016784668,CL=F
2007-05-31,63.310001373291016,64.01000213623047,CL=F
2007-06-01,64.2300033569336,65.08000183105469,CL=F
2007-06-04,64.87000274658203,66.20999908447266,CL=F
2007-06-05,66.05000305175781,65.61000061035156,CL=F
2007-06-06,65.66999816894531,65.95999908447266,CL=F
2007-06-07,65.9000015258789,66.93000030517578,CL=F
2007-06-08,66.69999694824219,64.76000213623047,CL=F
2007-06-11,64.69999694824219,65.97000122070312,CL=F
2007-06-12,65.87999725341797,65.3499984741211,CL=F
2007-06-13,65.22000122070312,66.26000213623047,CL=F
2007-06-14,66.02999877929688,67.6500015258789,CL=F
2007-06-15,67.69000244140625,68.0,CL=F
2007-06-18,68.12999725341797,69.08999633789062,CL=F
2007-06-19,69.01000213623047,69.0999984741211,CL=F
2007-06-20,69.0199966430664,68.19000244140625,CL=F
2007-06-21,68.69999694824219,68.6500015258789,CL=F
2007-06-22,68.66000366210938,69.13999938964844,CL=F
2007-06-25,68.8499984741211,69.18000030517578,CL=F
2007-06-26,69.0199966430664,67.7699966430664,CL=F
2007-06-27,67.83000183105469,68.97000122070312,CL=F
2007-06-28,69.0,69.56999969482422,CL=F
2007-06-29,70.0999984741211,70.68000030517578,CL=F
2007-07-02,70.5199966430664,71.08999633789062,CL=F
2007-07-03,71.27999877929688,71.41000366210938,CL=F
2007-07-05,71.25,71.80999755859375,CL=F
2007-07-06,71.80000305175781,72.80999755859375,CL=F
2007-07-09,72.75,72.19000244140625,CL=F
2007-07-10,72.05000305175781,72.80999755859375,CL=F
2007-07-11,72.61000061035156,72.55999755859375,CL=F
2007-07-12,72.44999694824219,72.5,CL=F
2007-07-13,72.72000122070312,73.93000030517578,CL=F
2007-07-16,74.01000213623047,74.1500015258789,CL=F
2007-07-17,74.27999877929688,74.0199966430664,CL=F
2007-07-18,74.20999908447266,75.05000305175781,CL=F
2007-07-19,75.06999969482422,75.91999816894531,CL=F
2007-07-20,75.95999908447266,75.56999969482422,CL=F
2007-07-23,75.69000244140625,74.88999938964844,CL=F
2007-07-24,74.88999938964844,73.55999755859375,CL=F
2007-07-25,73.3499984741211,75.87999725341797,CL=F
2007-07-26,76.30999755859375,74.94999694824219,CL=F
2007-07-27,75.05000305175781,77.0199966430664,CL=F
2007-07-30,76.94999694824219,76.83000183105469,CL=F
2007-07-31,76.69999694824219,78.20999908447266,CL=F
2007-08-01,77.94000244140625,76.52999877929688,CL=F
2007-08-02,76.73999786376953,76.86000061035156,CL=F
2007-08-03,76.88999938964844,75.4800033569336,CL=F
2007-08-06,75.04000091552734,72.05999755859375,CL=F
2007-08-07,72.05999755859375,72.41999816894531,CL=F
2007-08-08,72.37999725341797,72.1500015258789,CL=F
2007-08-09,72.2699966430664,71.58999633789062,CL=F
2007-08-10,71.58999633789062,71.47000122070312,CL=F
2007-08-13,71.47000122070312,71.62000274658203,CL=F
2007-08-14,71.55000305175781,72.37999725341797,CL=F
2007-08-15,72.69000244140625,73.33000183105469,CL=F
2007-08-16,73.13999938964844,71.0,CL=F
2007-08-17,71.66999816894531,71.9800033569336,CL=F
2007-08-20,71.7699966430664,71.12000274658203,CL=F
2007-08-21,70.9000015258789,69.47000122070312,CL=F
2007-08-22,69.63999938964844,69.26000213623047,CL=F
2007-08-23,69.3499984741211,69.83000183105469,CL=F
2007-08-24,70.0199966430664,71.08999633789062,CL=F
2007-08-27,71.04000091552734,71.97000122070312,CL=F
2007-08-28,72.12000274658203,71.7300033569336,CL=F
2007-08-29,71.58000183105469,73.51000213623047,CL=F
2007-08-30,73.5,73.36000061035156,CL=F
2007-08-31,73.5999984741211,74.04000091552734,CL=F
2007-09-04,73.9000015258789,75.08000183105469,CL=F
2007-09-05,75.12000274658203,75.7300033569336,CL=F
2007-09-06,75.87999725341797,76.30000305175781,CL=F
2007-09-07,76.1500015258789,76.69999694824219,CL=F
2007-09-10,76.45999908447266,77.48999786376953,CL=F
2007-09-11,77.79000091552734,78.2300033569336,CL=F
2007-09-12,78.16000366210938,79.91000366210938,CL=F
2007-09-13,79.6500015258789,80.08999633789062,CL=F
2007-09-14,79.91999816894531,79.0999984741211,CL=F
2007-09-17,79.02999877929688,80.56999969482422,CL=F
2007-09-18,80.86000061035156,81.51000213623047,CL=F
2007-09-19,82.16999816894531,81.93000030517578,CL=F
2007-09-20,81.7300033569336,83.31999969482422,CL=F
2007-09-21,81.77999877929688,81.62000274658203,CL=F
2007-09-24,81.36000061035156,80.94999694824219,CL=F
2007-09-25,80.61000061035156,79.52999877929688,CL=F
2007-09-26,79.31999969482422,80.30000305175781,CL=F
2007-09-27,80.62999725341797,82.87999725341797,CL=F
2007-09-28,83.25,81.66000366210938,CL=F
2007-10-01,81.75,80.23999786376953,CL=F
2007-10-02,80.22000122070312,80.05000305175781,CL=F
2007-10-03,80.2300033569336,79.94000244140625,CL=F
2007-10-04,79.68000030517578,81.44000244140625,CL=F
2007-10-05,81.4000015258789,81.22000122070312,CL=F
2007-10-08,81.11000061035156,79.0199966430664,CL=F
2007-10-09,79.26000213623047,80.26000213623047,CL=F
2007-10-10,80.22000122070312,81.30000305175781,CL=F
2007-10-11,81.31999969482422,83.08000183105469,CL=F
2007-10-12,82.87000274658203,83.69000244140625,CL=F
2007-10-15,83.91000366210938,86.12999725341797,CL=F
2007-10-16,86.5,87.61000061035156,CL=F
2007-10-17,87.5,87.4000015258789,CL=F
2007-10-18,87.0999984741211,89.47000122070312,CL=F
2007-10-19,89.73999786376953,88.5999984741211,CL=F
2007-10-22,88.86000061035156,87.55999755859375,CL=F
2007-10-23,85.7699966430664,85.2699966430664,CL=F
2007-10-24,85.16999816894531,87.0999984741211,CL=F
2007-10-25,87.62999725341797,90.45999908447266,CL=F
2007-10-26,90.36000061035156,91.86000061035156,CL=F
2007-10-29,91.72000122070312,93.52999877929688,CL=F
2007-10-30,93.66999816894531,90.37999725341797,CL=F
2007-10-31,89.72000122070312,94.52999877929688,CL=F
2007-11-01,95.1500015258789,93.48999786376953,CL=F
2007-11-02,93.6500015258789,95.93000030517578,CL=F
2007-11-05,95.91999816894531,93.9800033569336,CL=F
2007-11-06,94.45999908447266,96.69999694824219,CL=F
2007-11-07,96.83000183105469,96.37000274658203,CL=F
2007-11-08,95.83999633789062,95.45999908447266,CL=F
2007-11-09,95.91000366210938,96.31999969482422,CL=F
2007-11-12,96.01000213623047,94.62000274658203,CL=F
2007-11-13,93.58999633789062,91.16999816894531,CL=F
2007-11-14,91.3499984741211,94.08999633789062,CL=F
2007-11-15,93.94999694824219,93.43000030517578,CL=F
2007-11-16,93.69999694824219,95.0999984741211,CL=F
2007-11-19,93.87999725341797,94.63999938964844,CL=F
2007-11-20,94.87999725341797,98.02999877929688,CL=F
2007-11-21,98.08999633789062,97.29000091552734,CL=F
2007-11-23,97.36000061035156,98.18000030517578,CL=F
2007-11-26,98.27999877929688,97.69999694824219,CL=F
2007-11-27,96.87999725341797,94.41999816894531,CL=F
2007-11-28,94.55999755859375,90.62000274658203,CL=F
2007-11-29,91.36000061035156,91.01000213623047,CL=F
2007-11-30,91.19000244140625,88.70999908447266,CL=F
2007-12-03,88.79000091552734,89.30999755859375,CL=F
2007-12-04,89.68000030517578,88.31999969482422,CL=F
2007-12-05,88.2300033569336,87.48999786376953,CL=F
2007-12-06,87.2699966430664,90.2300033569336,CL=F
2007-12-07,90.52999877929688,88.27999877929688,CL=F
2007-12-10,88.2699966430664,87.86000061035156,CL=F
2007-12-11,88.22000122070312,90.0199966430664,CL=F
2007-12-12,89.45999908447266,94.38999938964844,CL=F
2007-12-13,94.20999908447266,92.25,CL=F
2007-12-14,92.56999969482422,91.2699966430664,CL=F
2007-12-17,91.43000030517578,90.62999725341797,CL=F
2007-12-18,90.97000122070312,90.48999786376953,CL=F
2007-12-19,90.3499984741211,91.23999786376953,CL=F
2007-12-20,91.38999938964844,91.05999755859375,CL=F
2007-12-21,91.04000091552734,93.30999755859375,CL=F
2007-12-24,93.58000183105469,94.12999725341797,CL=F
2007-12-26,93.98999786376953,95.97000122070312,CL=F
2007-12-27,95.80999755859375,96.62000274658203,CL=F
2007-12-28,96.83999633789062,96.0,CL=F
2007-12-31,96.12000274658203,95.9800033569336,CL=F
2008-01-02,96.05000305175781,99.62000274658203,CL=F
2008-01-03,99.2300033569336,99.18000030517578,CL=F
2008-01-04,99.16999816894531,97.91000366210938,CL=F
2008-01-07,97.79000091552734,95.08999633789062,CL=F
2008-01-08,95.3499984741211,96.33000183105469,CL=F
2008-01-09,96.23999786376953,95.66999816894531,CL=F
2008-01-10,95.79000091552734,93.70999908447266,CL=F
2008-01-11,93.55000305175781,92.69000244140625,CL=F
2008-01-14,92.91999816894531,94.19999694824219,CL=F
2008-01-15,94.23999786376953,91.9000015258789,CL=F
2008-01-16,91.68000030517578,90.83999633789062,CL=F
2008-01-17,91.0,90.12999725341797,CL=F
2008-01-18,89.9000015258789,90.56999969482422,CL=F
2008-01-22,87.44999694824219,89.8499984741211,CL=F
2008-01-23,89.1500015258789,86.98999786376953,CL=F
2008-01-24,87.72000122070312,89.41000366210938,CL=F
2008-01-25,89.55000305175781,90.70999908447266,CL=F
2008-01-28,90.62000274658203,90.98999786376953,CL=F
2008-01-29,91.05000305175781,91.63999938964844,CL=F
2008-01-30,92.37000274658203,92.33000183105469,CL=F
2008-01-31,91.7699966430664,91.75,CL=F
2008-02-01,91.36000061035156,88.95999908447266,CL=F
2008-02-04,88.66000366210938,90.0199966430664,CL=F
2008-02-05,89.9800033569336,88.41000366210938,CL=F
2008-02-06,88.2699966430664,87.13999938964844,CL=F
2008-02-07,87.05999755859375,88.11000061035156,CL=F
2008-02-08,88.29000091552734,91.7699966430664,CL=F
2008-02-11,91.76000213623047,93.58999633789062,CL=F
2008-02-12,93.61000061035156,92.77999877929688,CL=F
2008-02-13,92.5,93.2699966430664,CL=F
2008-02-14,93.29000091552734,95.45999908447266,CL=F
2008-02-15,95.22000122070312,95.5,CL=F
2008-02-19,95.37000274658203,100.01000213623047,CL=F
2008-02-20,99.9800033569336,100.73999786376953,CL=F
2008-02-21,100.01000213623047,98.2300033569336,CL=F
2008-02-22,97.5,98.80999755859375,CL=F
2008-02-25,98.98999786376953,99.2300033569336,CL=F
2008-02-26,99.3499984741211,100.87999725341797,CL=F
2008-02-27,101.19999694824219,99.63999938964844,CL=F
2008-02-28,99.62999725341797,102.58999633789062,CL=F
2008-02-29,102.55000305175781,101.83999633789062,CL=F
2008-03-03,101.62999725341797,102.44999694824219,CL=F
2008-03-04,102.3499984741211,99.5199966430664,CL=F
2008-03-05,99.87999725341797,104.5199966430664,CL=F
2008-03-06,104.63999938964844,105.47000122070312,CL=F
2008-03-07,105.58000183105469,105.1500015258789,CL=F
2008-03-10,105.25,107.9000015258789,CL=F
2008-03-11,107.91000366210938,108.75,CL=F
2008-03-12,108.6500015258789,109.91999816894531,CL=F
2008-03-13,110.05999755859375,110.33000183105469,CL=F
2008-03-14,110.23999786376953,110.20999908447266,CL=F
2008-03-17,110.0999984741211,105.68000030517578,CL=F
2008-03-18,106.1500015258789,109.41999816894531,CL=F
2008-03-19,108.80000305175781,104.4800033569336,CL=F
2008-03-20,102.0999984741211,101.83999633789062,CL=F
2008-03-24,101.69999694824219,100.86000061035156,CL=F
2008-03-25,100.43000030517578,101.22000122070312,CL=F
2008-03-26,101.55000305175781,105.9000015258789,CL=F
2008-03-27,106.0,107.58000183105469,CL=F
2008-03-28,107.19000244140625,105.62000274658203,CL=F
2008-03-31,105.12000274658203,101.58000183105469,CL=F
2008-04-01,101.56999969482422,100.9800033569336,CL=F
2008-04-02,100.83000183105469,104.83000183105469,CL=F
2008-04-03,104.52999877929688,103.83000183105469,CL=F
2008-04-04,104.26000213623047,106.2300033569336,CL=F
2008-04-07,106.12000274658203,109.08999633789062,CL=F
2008-04-08,108.87999725341797,108.5,CL=F
2008-04-09,108.75,110.87000274658203,CL=F
2008-04-10,110.69999694824219,110.11000061035156,CL=F
2008-04-11,110.05999755859375,110.13999938964844,CL=F
2008-04-14,110.0,111.76000213623047,CL=F
2008-04-15,111.80000305175781,113.79000091552734,CL=F
2008-04-16,113.8499984741211,114.93000030517578,CL=F
2008-04-17,115.0,114.86000061035156,CL=F
2008-04-18,113.44999694824219,116.69000244140625,CL=F
2008-04-21,116.93000030517578,117.4800033569336,CL=F
2008-04-22,117.5,119.37000274658203,CL=F
2008-04-23,118.33000183105469,118.30000305175781,CL=F
2008-04-24,117.93000030517578,116.05999755859375,CL=F
2008-04-25,115.94999694824219,118.5199966430664,CL=F
2008-04-28,118.94999694824219,118.75,CL=F
2008-04-29,118.83999633789062,115.62999725341797,CL=F
2008-04-30,115.36000061035156,113.45999908447266,CL=F
2008-05-01,114.5999984741211,112.5199966430664,CL=F
2008-05-02,112.25,116.31999969482422,CL=F
2008-05-05,116.5,119.97000122070312,CL=F
2008-05-06,119.9000015258789,121.83999633789062,CL=F
2008-05-07,121.76000213623047,123.52999877929688,CL=F
2008-05-08,123.80999755859375,123.69000244140625,CL=F
2008-05-09,125.30999755859375,125.95999908447266,CL=F
2008-05-12,125.83999633789062,124.2300033569336,CL=F
2008-05-13,123.76000213623047,125.80000305175781,CL=F
2008-05-14,125.97000122070312,124.22000122070312,CL=F
2008-05-15,123.83000183105469,124.12000274658203,CL=F
2008-05-16,124.4000015258789,126.29000091552734,CL=F
2008-05-19,126.3499984741211,127.05000305175781,CL=F
2008-05-20,127.48999786376953,129.07000732421875,CL=F
2008-05-21,129.10000610351562,133.1699981689453,CL=F
2008-05-22,133.88999938964844,130.80999755859375,CL=F
2008-05-23,130.75,132.19000244140625,CL=F
2008-05-27,131.67999267578125,128.85000610351562,CL=F
2008-05-28,128.3000030517578,131.02999877929688,CL=F
2008-05-29,130.75,126.62000274658203,CL=F
2008-05-30,126.58999633789062,127.3499984741211,CL=F
2008-06-02,127.62999725341797,127.76000213623047,CL=F
2008-06-03,127.5,124.30999755859375,CL=F
2008-06-04,124.2300033569336,122.30000305175781,CL=F
2008-06-05,122.2300033569336,127.79000091552734,CL=F
2008-06-06,128.1999969482422,138.5399932861328,CL=F
2008-06-09,137.97000122070312,134.35000610351562,CL=F
2008-06-10,135.02000427246094,131.30999755859375,CL=F
2008-06-11,131.7899932861328,136.3800048828125,CL=F
2008-06-12,136.5399932861328,136.74000549316406,CL=F
2008-06-13,136.97000122070312,134.86000061035156,CL=F
2008-06-16,134.41000366210938,134.61000061035156,CL=F
2008-06-17,133.60000610351562,134.00999450683594,CL=F
2008-06-18,133.5,136.67999267578125,CL=F
2008-06-19,136.08999633789062,131.92999267578125,CL=F
2008-06-20,132.05999755859375,134.6199951171875,CL=F
2008-06-23,134.8000030517578,136.74000549316406,CL=F
2008-06-24,137.25,137.0,CL=F
2008-06-25,137.07000732421875,134.5500030517578,CL=F
2008-06-26,134.52000427246094,139.63999938964844,CL=F
2008-06-27,139.44000244140625,140.2100067138672,CL=F
2008-06-30,140.60000610351562,140.0,CL=F
2008-07-01,140.17999267578125,140.97000122070312,CL=F
2008-07-02,141.44000244140625,143.57000732421875,CL=F
2008-07-03,144.19000244140625,145.2899932861328,CL=F
2008-07-07,144.27000427246094,141.3699951171875,CL=F
2008-07-08,141.58999633789062,136.0399932861328,CL=F
2008-07-09,136.0,136.0500030517578,CL=F
2008-07-10,135.8000030517578,141.64999389648438,CL=F
2008-07-11,141.8000030517578,145.0800018310547,CL=F
2008-07-14,144.69000244140625,145.17999267578125,CL=F
2008-07-15,145.19000244140625,138.74000549316406,CL=F
2008-07-16,138.77000427246094,134.60000610351562,CL=F
2008-07-17,135.11000061035156,129.2899932861328,CL=F
2008-07-18,129.55999755859375,128.8800048828125,CL=F
2008-07-21,128.8800048828125,131.0399932861328,CL=F
2008-07-22,131.0399932861328,127.94999694824219,CL=F
2008-07-23,128.5,124.44000244140625,CL=F
2008-07-24,124.45999908447266,125.48999786376953,CL=F
2008-07-25,125.5999984741211,123.26000213623047,CL=F
2008-07-28,123.41000366210938,124.7300033569336,CL=F
2008-07-29,124.94000244140625,122.19000244140625,CL=F
2008-07-30,121.9000015258789,126.7699966430664,CL=F
2008-07-31,126.9000015258789,124.08000183105469,CL=F
2008-08-01,124.05999755859375,125.0999984741211,CL=F
2008-08-04,125.9800033569336,121.41000366210938,CL=F
2008-08-05,121.0,119.16999816894531,CL=F
2008-08-06,118.75,118.58000183105469,CL=F
2008-08-07,118.80000305175781,120.0199966430664,CL=F
2008-08-08,119.9000015258789,115.19999694824219,CL=F
2008-08-11,115.19999694824219,114.44999694824219,CL=F
2008-08-12,114.52999877929688,113.01000213623047,CL=F
2008-08-13,113.08999633789062,116.0,CL=F
2008-08-14,116.38999938964844,115.01000213623047,CL=F
2008-08-15,114.83000183105469,113.7699966430664,CL=F
2008-08-18,113.94000244140625,112.87000274658203,CL=F
2008-08-19,113.11000061035156,114.52999877929688,CL=F
2008-08-20,115.11000061035156,114.9800033569336,CL=F
2008-08-21,115.86000061035156,121.18000030517578,CL=F
2008-08-22,121.55000305175781,114.58999633789062,CL=F
2008-08-25,114.69000244140625,115.11000061035156,CL=F
2008-08-26,115.5,116.2699966430664,CL=F
2008-08-27,116.04000091552734,118.1500015258789,CL=F
2008-08-28,118.16000366210938,115.58999633789062,CL=F
2008-08-29,115.75,115.45999908447266,CL=F
2008-09-02,116.6500015258789,109.70999908447266,CL=F
2008-09-03,110.23999786376953,109.3499984741211,CL=F
2008-09-04,109.4000015258789,107.88999938964844,CL=F
2008-09-05,107.4800033569336,106.2300033569336,CL=F
2008-09-08,107.75,106.33999633789062,CL=F
2008-09-09,106.66000366210938,103.26000213623047,CL=F
2008-09-10,102.19999694824219,102.58000183105469,CL=F
2008-09-11,102.77999877929688,100.87000274658203,CL=F
2008-09-12,101.1500015258789,101.18000030517578,CL=F
2008-09-15,101.0,95.70999908447266,CL=F
2008-09-16,94.2300033569336,91.1500015258789,CL=F
2008-09-17,92.80999755859375,97.16000366210938,CL=F
2008-09-18,97.0999984741211,97.87999725341797,CL=F
2008-09-19,97.94999694824219,104.55000305175781,CL=F
2008-09-22,104.97000122070312,120.91999816894531,CL=F
2008-09-23,108.9800033569336,106.61000061035156,CL=F
2008-09-24,106.93000030517578,105.7300033569336,CL=F
2008-09-25,105.52999877929688,108.0199966430664,CL=F
2008-09-26,107.69999694824219,106.88999938964844,CL=F
2008-09-29,106.88999938964844,96.37000274658203,CL=F
2008-09-30,95.4000015258789,100.63999938964844,CL=F
2008-10-01,101.86000061035156,98.52999877929688,CL=F
2008-10-02,98.7300033569336,93.97000122070312,CL=F
2008-10-03,93.8499984741211,93.87999725341797,CL=F
2008-10-06,92.5,87.80999755859375,CL=F
2008-10-07,88.95999908447266,90.05999755859375,CL=F
2008-10-08,89.55999755859375,88.94999694824219,CL=F
2008-10-09,88.80000305175781,86.58999633789062,CL=F
2008-10-10,84.93000030517578,77.69999694824219,CL=F
2008-10-13,80.12000274658203,81.19000244140625,CL=F
2008-10-14,82.0,78.62999725341797,CL=F
2008-10-15,78.75,74.54000091552734,CL=F
2008-10-16,73.5999984741211,69.8499984741211,CL=F
2008-10-17,72.30000305175781,71.8499984741211,CL=F
2008-10-20,72.16000366210938,74.25,CL=F
2008-10-21,75.62000274658203,70.88999938964844,CL=F
2008-10-22,71.47000122070312,66.75,CL=F
2008-10-23,67.20999908447266,67.83999633789062,CL=F
2008-10-24,69.41999816894531,64.1500015258789,CL=F
2008-10-27,64.77999877929688,63.220001220703125,CL=F
2008-10-28,62.2400016784668,62.72999954223633,CL=F
2008-10-29,64.5,67.5,CL=F
2008-10-30,68.11000061035156,65.95999908447266,CL=F
2008-10-31,65.58000183105469,67.80999755859375,CL=F
2008-11-03,67.37000274658203,63.90999984741211,CL=F
2008-11-04,63.79999923706055,70.52999877929688,CL=F
2008-11-05,70.0,65.30000305175781,CL=F
2008-11-06,65.0199966430664,60.77000045776367,CL=F
2008-11-07,60.66999816894531,61.040000915527344,CL=F
2008-11-10,61.79999923706055,62.40999984741211,CL=F
2008-11-11,62.13999938964844,59.33000183105469,CL=F
2008-11-12,59.0,56.15999984741211,CL=F
2008-11-13,55.439998626708984,58.2400016784668,CL=F
2008-11-14,59.38999938964844,57.040000915527344,CL=F
2008-11-17,56.7400016784668,54.95000076293945,CL=F
2008-11-18,55.0099983215332,54.38999938964844,CL=F
2008-11-19,54.70000076293945,53.619998931884766,CL=F
2008-11-20,50.400001525878906,49.619998931884766,CL=F
2008-11-21,48.56999969482422,49.93000030517578,CL=F
2008-11-24,50.970001220703125,54.5,CL=F
2008-11-25,54.29999923706055,50.77000045776367,CL=F
2008-11-26,50.650001525878906,54.439998626708984,CL=F
2008-11-28,54.29999923706055,54.43000030517578,CL=F
2008-12-01,54.619998931884766,49.279998779296875,CL=F
2008-12-02,48.849998474121094,46.959999084472656,CL=F
2008-12-03,47.7599983215332,46.790000915527344,CL=F
2008-12-04,47.0,43.66999816894531,CL=F
2008-12-05,43.779998779296875,40.810001373291016,CL=F
2008-12-08,41.63999938964844,43.709999084472656,CL=F
2008-12-09,44.04999923706055,42.06999969482422,CL=F
2008-12-10,42.400001525878906,43.52000045776367,CL=F
2008-12-11,44.04999923706055,47.97999954223633,CL=F
2008-12-12,47.0,46.279998779296875,CL=F
2008-12-15,46.77000045776367,44.5099983215332,CL=F
2008-12-16,44.95000076293945,43.599998474121094,CL=F
2008-12-17,43.75,40.060001373291016,CL=F
2008-12-18,40.31999969482422,36.220001220703125,CL=F
2008-12-19,34.7599983215332,33.869998931884766,CL=F
2008-12-22,42.790000915527344,39.90999984741211,CL=F
2008-12-23,39.54999923706055,38.97999954223633,CL=F
2008-12-24,39.150001525878906,35.349998474121094,CL=F
2008-12-26,35.70000076293945,37.709999084472656,CL=F
2008-12-29,38.400001525878906,40.02000045776367,CL=F
2008-12-30,40.0099983215332,39.029998779296875,CL=F
2008-12-31,39.16999816894531,44.599998474121094,CL=F
2009-01-02,43.720001220703125,46.34000015258789,CL=F
2009-01-05,47.040000915527344,48.810001373291016,CL=F
2009-01-06,48.400001525878906,48.58000183105469,CL=F
2009-01-07,48.40999984741211,42.630001068115234,CL=F
2009-01-08,42.630001068115234,41.70000076293945,CL=F
2009-01-09,42.45000076293945,40.83000183105469,CL=F
2009-01-12,40.54999923706055,37.59000015258789,CL=F
2009-01-13,37.4900016784668,37.779998779296875,CL=F
2009-01-14,38.720001220703125,37.279998779296875,CL=F
2009-01-15,37.34000015258789,35.400001525878906,CL=F
2009-01-16,35.279998779296875,36.5099983215332,CL=F
2009-01-20,36.13999938964844,38.7400016784668,CL=F
2009-01-21,40.90999984741211,43.54999923706055,CL=F
2009-01-22,44.209999084472656,43.66999816894531,CL=F
2009-01-23,43.2599983215332,46.470001220703125,CL=F
2009-01-26,46.04999923706055,45.72999954223633,CL=F
2009-01-27,45.650001525878906,41.58000183105469,CL=F
2009-01-28,41.9900016784668,42.15999984741211,CL=F
2009-01-29,42.220001220703125,41.439998626708984,CL=F
2009-01-30,41.650001525878906,41.68000030517578,CL=F
2009-02-02,42.220001220703125,40.08000183105469,CL=F
2009-02-03,40.279998779296875,40.779998779296875,CL=F
2009-02-04,40.93000030517578,40.31999969482422,CL=F
2009-02-05,40.29999923706055,41.16999816894531,CL=F
2009-02-06,41.0,40.16999816894531,CL=F
2009-02-09,39.880001068115234,39.560001373291016,CL=F
2009-02-10,39.7599983215332,37.54999923706055,CL=F
2009-02-11,38.150001525878906,35.939998626708984,CL=F
2009-02-12,35.91999816894531,33.97999954223633,CL=F
2009-02-13,34.36000061035156,37.5099983215332,CL=F
2009-02-17,37.810001373291016,34.93000030517578,CL=F
2009-02-18,35.02000045776367,34.619998931884766,CL=F
2009-02-19,34.75,39.47999954223633,CL=F
2009-02-20,38.86000061035156,38.939998626708984,CL=F
2009-02-23,39.72999954223633,38.439998626708984,CL=F
2009-02-24,38.099998474121094,39.959999084472656,CL=F
2009-02-25,39.91999816894531,42.5,CL=F
2009-02-26,42.38999938964844,45.220001220703125,CL=F
2009-02-27,44.59000015258789,44.7599983215332,CL=F
2009-03-02,44.34000015258789,40.150001525878906,CL=F
2009-03-03,40.099998474121094,41.650001525878906,CL=F
2009-03-04,41.380001068115234,45.380001068115234,CL=F
2009-03-05,45.41999816894531,43.61000061035156,CL=F
2009-03-06,43.61000061035156,45.52000045776367,CL=F
2009-03-09,45.7599983215332,47.06999969482422,CL=F
2009-03-10,47.25,45.709999084472656,CL=F
2009-03-11,45.56999969482422,42.33000183105469,CL=F
2009-03-12,42.72999954223633,47.029998779296875,CL=F
2009-03-13,47.209999084472656,46.25,CL=F
2009-03-16,45.20000076293945,47.349998474121094,CL=F
2009-03-17,47.060001373291016,49.15999984741211,CL=F
2009-03-18,48.66999816894531,48.13999938964844,CL=F
2009-03-19,49.72999954223633,51.61000061035156,CL=F
2009-03-20,51.060001373291016,51.060001373291016,CL=F
2009-03-23,52.130001068115234,53.79999923706055,CL=F
2009-03-24,53.83000183105469,53.97999954223633,CL=F
2009-03-25,53.72999954223633,52.77000045776367,CL=F
2009-03-26,52.84000015258789,54.34000015258789,CL=F
2009-03-27,54.0,52.380001068115234,CL=F
2009-03-30,52.25,48.40999984741211,CL=F
2009-03-31,48.63999938964844,49.65999984741211,CL=F
2009-04-01,48.959999084472656,48.38999938964844,CL=F
2009-04-02,48.45000076293945,52.63999938964844,CL=F
2009-04-03,52.36000061035156,52.5099983215332,CL=F
2009-04-06,52.400001525878906,51.04999923706055,CL=F
2009-04-07,51.38999938964844,49.150001525878906,CL=F
2009-04-08,48.470001220703125,49.380001068115234,CL=F
2009-04-09,49.959999084472656,52.2400016784668,CL=F
2009-04-13,52.0,50.04999923706055,CL=F
2009-04-14,49.959999084472656,49.40999984741211,CL=F
2009-04-15,49.15999984741211,49.25,CL=F
2009-04-16,49.70000076293945,49.97999954223633,CL=F
2009-04-17,49.93000030517578,50.33000183105469,CL=F
2009-04-20,50.15999984741211,45.880001068115234,CL=F
2009-04-21,45.2599983215332,46.5099983215332,CL=F
2009-04-22,48.68000030517578,48.849998474121094,CL=F
2009-04-23,48.4900016784668,49.619998931884766,CL=F
2009-04-24,49.650001525878906,51.54999923706055,CL=F
2009-04-27,51.45000076293945,50.13999938964844,CL=F
2009-04-28,50.099998474121094,49.91999816894531,CL=F
2009-04-29,49.25,50.970001220703125,CL=F
2009-04-30,50.790000915527344,51.119998931884766,CL=F
2009-05-01,50.95000076293945,53.20000076293945,CL=F
2009-05-04,52.619998931884766,54.470001220703125,CL=F
2009-05-05,54.459999084472656,53.84000015258789,CL=F
2009-05-06,54.119998931884766,56.34000015258789,CL=F
2009-05-07,56.29999923706055,56.709999084472656,CL=F
2009-05-08,56.5,58.630001068115234,CL=F
2009-05-11,58.4900016784668,58.5,CL=F
2009-05-12,58.099998474121094,58.849998474121094,CL=F
2009-05-13,59.290000915527344,58.02000045776367,CL=F
2009-05-14,57.72999954223633,58.619998931884766,CL=F
2009-05-15,58.540000915527344,56.34000015258789,CL=F
2009-05-18,56.470001220703125,59.029998779296875,CL=F
2009-05-19,59.15999984741211,59.650001525878906,CL=F
2009-05-20,60.18000030517578,62.040000915527344,CL=F
2009-05-21,61.68000030517578,61.04999923706055,CL=F
2009-05-22,61.04999923706055,61.66999816894531,CL=F
2009-05-26,61.5,62.45000076293945,CL=F
2009-05-27,62.869998931884766,63.45000076293945,CL=F
2009-05-28,62.90999984741211,65.08000183105469,CL=F
2009-05-29,64.7699966430664,66.30999755859375,CL=F
2009-06-01,66.4800033569336,68.58000183105469,CL=F
2009-06-02,68.04000091552734,68.55000305175781,CL=F
2009-06-03,68.25,66.12000274658203,CL=F
2009-06-04,66.08999633789062,68.80999755859375,CL=F
2009-06-05,68.7300033569336,68.44000244140625,CL=F
2009-06-08,68.31999969482422,68.08999633789062,CL=F
2009-06-09,68.69000244140625,70.01000213623047,CL=F
2009-06-10,70.51000213623047,71.33000183105469,CL=F
2009-06-11,71.45999908447266,72.68000030517578,CL=F
2009-06-12,72.43000030517578,72.04000091552734,CL=F
2009-06-15,72.19999694824219,70.62000274658203,CL=F
2009-06-16,70.30999755859375,70.47000122070312,CL=F
2009-06-17,70.26000213623047,71.02999877929688,CL=F
2009-06-18,70.81999969482422,71.37000274658203,CL=F
2009-06-19,71.3499984741211,69.55000305175781,CL=F
2009-06-22,69.88999938964844,66.93000030517578,CL=F
2009-06-23,67.1500015258789,69.23999786376953,CL=F
2009-06-24,68.55000305175781,68.66999816894531,CL=F
2009-06-25,68.29000091552734,70.2300033569336,CL=F
2009-06-26,70.33999633789062,69.16000366210938,CL=F
2009-06-29,69.25,71.48999786376953,CL=F
2009-06-30,71.5999984741211,69.88999938964844,CL=F
2009-07-01,70.44999694824219,69.30999755859375,CL=F
2009-07-02,69.22000122070312,66.7300033569336,CL=F
2009-07-06,65.54000091552734,64.05000305175781,CL=F
2009-07-07,64.19000244140625,62.93000030517578,CL=F
2009-07-08,61.75,60.13999938964844,CL=F
2009-07-09,60.380001068115234,60.40999984741211,CL=F
2009-07-10,60.45000076293945,59.88999938964844,CL=F
2009-07-13,59.86000061035156,59.689998626708984,CL=F
2009-07-14,60.13999938964844,59.52000045776367,CL=F
2009-07-15,59.790000915527344,61.540000915527344,CL=F
2009-07-16,62.0,62.02000045776367,CL=F
2009-07-17,62.2400016784668,63.560001373291016,CL=F
2009-07-20,63.380001068115234,63.97999954223633,CL=F
2009-07-21,64.19999694824219,64.72000122070312,CL=F
2009-07-22,65.02999877929688,65.4000015258789,CL=F
2009-07-23,65.4000015258789,67.16000366210938,CL=F
2009-07-24,66.62000274658203,68.05000305175781,CL=F
2009-07-27,68.05000305175781,68.37999725341797,CL=F
2009-07-28,68.26000213623047,67.2300033569336,CL=F
2009-07-29,66.68000030517578,63.349998474121094,CL=F
2009-07-30,62.86000061035156,66.94000244140625,CL=F
2009-07-31,66.69000244140625,69.44999694824219,CL=F
2009-08-03,69.30000305175781,71.58000183105469,CL=F
2009-08-04,71.33999633789062,71.41999816894531,CL=F
2009-08-05,71.81999969482422,71.97000122070312,CL=F
2009-08-06,71.83000183105469,71.94000244140625,CL=F
2009-08-07,71.80999755859375,70.93000030517578,CL=F
2009-08-10,70.66999816894531,70.5999984741211,CL=F
2009-08-11,70.76000213623047,69.44999694824219,CL=F
2009-08-12,69.66999816894531,70.16000366210938,CL=F
2009-08-13,70.54000091552734,70.5199966430664,CL=F
2009-08-14,70.9000015258789,67.51000213623047,CL=F
2009-08-17,67.69000244140625,66.75,CL=F
2009-08-18,66.80000305175781,69.19000244140625,CL=F
2009-08-19,70.25,72.41999816894531,CL=F
2009-08-20,72.1500015258789,72.54000091552734,CL=F
2009-08-21,72.87999725341797,73.88999938964844,CL=F
2009-08-24,73.75,74.37000274658203,CL=F
2009-08-25,73.97000122070312,72.05000305175781,CL=F
2009-08-26,71.3499984741211,71.43000030517578,CL=F
2009-08-27,71.36000061035156,72.48999786376953,CL=F
2009-08-28,72.86000061035156,72.73999786376953,CL=F
2009-08-31,72.75,69.95999908447266,CL=F
2009-09-01,69.55999755859375,68.05000305175781,CL=F
2009-09-02,68.19999694824219,68.05000305175781,CL=F
2009-09-03,68.1500015258789,67.95999908447266,CL=F
2009-09-04,68.19000244140625,68.0199966430664,CL=F
2009-09-08,68.11000061035156,71.0999984741211,CL=F
2009-09-09,71.33000183105469,71.30999755859375,CL=F
2009-09-10,71.63999938964844,71.94000244140625,CL=F
2009-09-11,72.05000305175781,69.29000091552734,CL=F
2009-09-14,69.1500015258789,68.86000061035156,CL=F
2009-09-15,68.77999877929688,70.93000030517578,CL=F
2009-09-16,70.4000015258789,72.51000213623047,CL=F
2009-09-17,72.30999755859375,72.47000122070312,CL=F
2009-09-18,72.4000015258789,72.04000091552734,CL=F
2009-09-21,71.77999877929688,69.70999908447266,CL=F
2009-09-22,69.66999816894531,71.55000305175781,CL=F
2009-09-23,71.62999725341797,68.97000122070312,CL=F
2009-09-24,68.33000183105469,65.88999938964844,CL=F
2009-09-25,65.91999816894531,66.0199966430664,CL=F
2009-09-28,66.1500015258789,66.83999633789062,CL=F
2009-09-29,67.11000061035156,66.70999908447266,CL=F
2009-09-30,66.70999908447266,70.61000061035156,CL=F
2009-10-01,70.4000015258789,70.81999969482422,CL=F
2009-10-02,70.3499984741211,69.94999694824219,CL=F
2009-10-05,69.80999755859375,70.41000366210938,CL=F
2009-10-06,70.26000213623047,70.87999725341797,CL=F
2009-10-07,71.16000366210938,69.56999969482422,CL=F
2009-10-08,69.80000305175781,71.69000244140625,CL=F
2009-10-09,71.41999816894531,71.7699966430664,CL=F
2009-10-12,72.23999786376953,73.2699966430664,CL=F
2009-10-13,73.16999816894531,74.1500015258789,CL=F
2009-10-14,74.4000015258789,75.18000030517578,CL=F
2009-10-15,75.33999633789062,77.58000183105469,CL=F
2009-10-16,77.76000213623047,78.52999877929688,CL=F
2009-10-19,78.55999755859375,79.61000061035156,CL=F
2009-10-20,79.61000061035156,79.08999633789062,CL=F
2009-10-21,78.69000244140625,81.37000274658203,CL=F
2009-10-22,81.04000091552734,81.19000244140625,CL=F
2009-10-23,81.26000213623047,80.5,CL=F
2009-10-26,79.6500015258789,78.68000030517578,CL=F
2009-10-27,78.68000030517578,79.55000305175781,CL=F
2009-10-28,79.47000122070312,77.45999908447266,CL=F
2009-10-29,77.11000061035156,79.87000274658203,CL=F
2009-10-30,79.9800033569336,77.0,CL=F
2009-11-02,77.0199966430664,78.12999725341797,CL=F
2009-11-03,78.08999633789062,79.5999984741211,CL=F
2009-11-04,79.47000122070312,80.4000015258789,CL=F
2009-11-05,80.29000091552734,79.62000274658203,CL=F
2009-11-06,79.80000305175781,77.43000030517578,CL=F
2009-11-09,77.87000274658203,79.43000030517578,CL=F
2009-11-10,79.23999786376953,79.05000305175781,CL=F
2009-11-11,78.87999725341797,79.27999877929688,CL=F
2009-11-12,79.25,76.94000244140625,CL=F
2009-11-13,76.77999877929688,76.3499984741211,CL=F
2009-11-16,76.58000183105469,78.9000015258789,CL=F
2009-11-17,78.93000030517578,79.13999938964844,CL=F
2009-11-18,79.37999725341797,79.58000183105469,CL=F
2009-11-19,79.62999725341797,77.45999908447266,CL=F
2009-11-20,77.58999633789062,76.72000122070312,CL=F
2009-11-23,77.80000305175781,77.55999755859375,CL=F
2009-11-24,77.44999694824219,76.0199966430664,CL=F
2009-11-25,75.83000183105469,77.95999908447266,CL=F
2009-11-27,77.80000305175781,76.05000305175781,CL=F
2009-11-30,76.05000305175781,77.27999877929688,CL=F
2009-12-01,77.3499984741211,78.37000274658203,CL=F
2009-12-02,77.9000015258789,76.5999984741211,CL=F
2009-12-03,76.51000213623047,76.45999908447266,CL=F
2009-12-04,75.83000183105469,75.47000122070312,CL=F
2009-12-07,75.80000305175781,73.93000030517578,CL=F
2009-12-08,74.0,72.62000274658203,CL=F
2009-12-09,73.12000274658203,70.66999816894531,CL=F
2009-12-10,70.80000305175781,70.54000091552734,CL=F
2009-12-11,70.56999969482422,69.87000274658203,CL=F
2009-12-14,69.62999725341797,69.51000213623047,CL=F
2009-12-15,69.56999969482422,70.69000244140625,CL=F
2009-12-16,70.77999877929688,72.66000366210938,CL=F
2009-12-17,72.73999786376953,72.6500015258789,CL=F
2009-12-18,72.5999984741211,73.36000061035156,CL=F
2009-12-21,73.05000305175781,72.47000122070312,CL=F
2009-12-22,73.43000030517578,74.4000015258789,CL=F
2009-12-23,74.5199966430664,76.66999816894531,CL=F
2009-12-24,76.58999633789062,78.05000305175781,CL=F
2009-12-28,77.91999816894531,78.7699966430664,CL=F
2009-12-29,78.66000366210938,78.87000274658203,CL=F
2009-12-30,78.80000305175781,79.27999877929688,CL=F
2009-12-31,79.27999877929688,79.36000061035156,CL=F
2010-01-04,79.62999725341797,81.51000213623047,CL=F
2010-01-05,81.62999725341797,81.7699966430664,CL=F
2010-01-06,81.43000030517578,83.18000030517578,CL=F
2010-01-07,83.19999694824219,82.66000366210938,CL=F
2010-01-08,82.6500015258789,82.75,CL=F
2010-01-11,82.87999725341797,82.5199966430664,CL=F
2010-01-12,82.06999969482422,80.79000091552734,CL=F
2010-01-13,80.05999755859375,79.6500015258789,CL=F
2010-01-14,79.62999725341797,79.38999938964844,CL=F
2010-01-15,79.19999694824219,78.0,CL=F
2010-01-19,77.8499984741211,79.0199966430664,CL=F
2010-01-20,78.87999725341797,77.62000274658203,CL=F
2010-01-21,77.55999755859375,76.08000183105469,CL=F
2010-01-22,75.83999633789062,74.54000091552734,CL=F
2010-01-25,74.23999786376953,75.26000213623047,CL=F
2010-01-26,75.27999877929688,74.70999908447266,CL=F
2010-01-27,74.69000244140625,73.66999816894531,CL=F
2010-01-28,73.75,73.63999938964844,CL=F
2010-01-29,73.88999938964844,72.88999938964844,CL=F
2010-02-01,72.83999633789062,74.43000030517578,CL=F
2010-02-02,74.94000244140625,77.2300033569336,CL=F
2010-02-03,76.98999786376953,76.9800033569336,CL=F
2010-02-04,77.08999633789062,73.13999938964844,CL=F
2010-02-05,73.04000091552734,71.19000244140625,CL=F
2010-02-08,72.18000030517578,71.88999938964844,CL=F
2010-02-09,71.68000030517578,73.75,CL=F
2010-02-10,73.79000091552734,74.5199966430664,CL=F
2010-02-11,74.6500015258789,75.27999877929688,CL=F
2010-02-12,75.30000305175781,74.12999725341797,CL=F
2010-02-16,74.0199966430664,77.01000213623047,CL=F
2010-02-17,77.31999969482422,77.33000183105469,CL=F
2010-02-18,77.29000091552734,79.05999755859375,CL=F
2010-02-19,78.37000274658203,79.80999755859375,CL=F
2010-02-22,80.0999984741211,80.16000366210938,CL=F
2010-02-23,80.02999877929688,78.86000061035156,CL=F
2010-02-24,79.12999725341797,80.0,CL=F
2010-02-25,80.30999755859375,78.16999816894531,CL=F
2010-02-26,78.33000183105469,79.66000366210938,CL=F
2010-03-01,79.83999633789062,78.69999694824219,CL=F
2010-03-02,78.87999725341797,79.68000030517578,CL=F
2010-03-03,79.63999938964844,80.87000274658203,CL=F
2010-03-04,81.01000213623047,80.20999908447266,CL=F
2010-03-05,80.58000183105469,81.5,CL=F
2010-03-08,81.79000091552734,81.87000274658203,CL=F
2010-03-09,81.75,81.48999786376953,CL=F
2010-03-10,81.37999725341797,82.08999633789062,CL=F
2010-03-11,81.9800033569336,82.11000061035156,CL=F
2010-03-12,82.19999694824219,81.23999786376953,CL=F
2010-03-15,81.12999725341797,79.80000305175781,CL=F
2010-03-16,79.83999633789062,81.69999694824219,CL=F
2010-03-17,82.05000305175781,82.93000030517578,CL=F
2010-03-18,82.8499984741211,82.19999694824219,CL=F
2010-03-19,82.16999816894531,80.68000030517578,CL=F
2010-03-22,80.93000030517578,81.25,CL=F
2010-03-23,81.80999755859375,81.91000366210938,CL=F
2010-03-24,81.58000183105469,80.61000061035156,CL=F
2010-03-25,80.25,80.52999877929688,CL=F
2010-03-26,80.12999725341797,80.0,CL=F
2010-03-29,80.23999786376953,82.16999816894531,CL=F
2010-03-30,82.5,82.37000274658203,CL=F
2010-03-31,82.5,83.76000213623047,CL=F
2010-04-01,83.36000061035156,84.87000274658203,CL=F
2010-04-05,85.30999755859375,86.62000274658203,CL=F
2010-04-06,86.73999786376953,86.83999633789062,CL=F
2010-04-07,86.76000213623047,85.87999725341797,CL=F
2010-04-08,85.63999938964844,85.38999938964844,CL=F
2010-04-09,85.55999755859375,84.91999816894531,CL=F
2010-04-12,85.16999816894531,84.33999633789062,CL=F
2010-04-13,84.36000061035156,84.05000305175781,CL=F
2010-04-14,83.81999969482422,85.83999633789062,CL=F
2010-04-15,85.91000366210938,85.51000213623047,CL=F
2010-04-16,85.3499984741211,83.23999786376953,CL=F
2010-04-19,82.91999816894531,81.44999694824219,CL=F
2010-04-20,81.69000244140625,83.44999694824219,CL=F
2010-04-21,84.02999877929688,83.68000030517578,CL=F
2010-04-22,83.47000122070312,83.69999694824219,CL=F
2010-04-23,83.75,85.12000274658203,CL=F
2010-04-26,85.22000122070312,84.19999694824219,CL=F
2010-04-27,83.88999938964844,82.44000244140625,CL=F
2010-04-28,81.83999633789062,83.22000122070312,CL=F
2010-04-29,83.33000183105469,85.16999816894531,CL=F
2010-04-30,85.58000183105469,86.1500015258789,CL=F
2010-05-03,86.19999694824219,86.19000244140625,CL=F
2010-05-04,86.08999633789062,82.73999786376953,CL=F
2010-05-05,82.12999725341797,79.97000122070312,CL=F
2010-05-06,79.62999725341797,77.11000061035156,CL=F
2010-05-07,76.94999694824219,75.11000061035156,CL=F
2010-05-10,76.11000061035156,76.80000305175781,CL=F
2010-05-11,77.26000213623047,76.37000274658203,CL=F
2010-05-12,75.88999938964844,75.6500015258789,CL=F
2010-05-13,75.47000122070312,74.4000015258789,CL=F
2010-05-14,73.98999786376953,71.61000061035156,CL=F
2010-05-17,71.79000091552734,70.08000183105469,CL=F
2010-05-18,70.5,69.41000366210938,CL=F
2010-05-19,69.11000061035156,69.87000274658203,CL=F
2010-05-20,71.19999694824219,68.01000213623047,CL=F
2010-05-21,69.5199966430664,70.04000091552734,CL=F
2010-05-24,70.62000274658203,70.20999908447266,CL=F
2010-05-25,69.9000015258789,68.75,CL=F
2010-05-26,70.05999755859375,71.51000213623047,CL=F
2010-05-27,70.73999786376953,74.55000305175781,CL=F
2010-05-28,74.9000015258789,73.97000122070312,CL=F
2010-06-01,73.97000122070312,72.58000183105469,CL=F
2010-06-02,71.94000244140625,72.86000061035156,CL=F
2010-06-03,73.69999694824219,74.61000061035156,CL=F
2010-06-04,74.61000061035156,71.51000213623047,CL=F
2010-06-07,70.3499984741211,71.44000244140625,CL=F
2010-06-08,71.16000366210938,71.98999786376953,CL=F
2010-06-09,72.51000213623047,74.37999725341797,CL=F
2010-06-10,73.87000274658203,75.4800033569336,CL=F
2010-06-11,75.5199966430664,73.77999877929688,CL=F
2010-06-14,74.05999755859375,75.12000274658203,CL=F
2010-06-15,74.7699966430664,76.94000244140625,CL=F
2010-06-16,77.05999755859375,77.66999816894531,CL=F
2010-06-17,77.44999694824219,76.79000091552734,CL=F
2010-06-18,76.55000305175781,77.18000030517578,CL=F
2010-06-21,77.5,77.81999969482422,CL=F
2010-06-22,77.3499984741211,77.20999908447266,CL=F
2010-06-23,77.5199966430664,76.3499984741211,CL=F
2010-06-24,76.0,76.51000213623047,CL=F
2010-06-25,76.55999755859375,78.86000061035156,CL=F
2010-06-28,79.0,78.25,CL=F
2010-06-29,78.1500015258789,75.94000244140625,CL=F
2010-06-30,75.45999908447266,75.62999725341797,CL=F
2010-07-01,75.37000274658203,72.94999694824219,CL=F
2010-07-02,72.66999816894531,72.13999938964844,CL=F
2010-07-06,72.05999755859375,71.9800033569336,CL=F
2010-07-07,72.06999969482422,74.06999969482422,CL=F
2010-07-08,74.8499984741211,75.44000244140625,CL=F
2010-07-09,75.8499984741211,76.08999633789062,CL=F
2010-07-12,76.30000305175781,74.94999694824219,CL=F
2010-07-13,75.05999755859375,77.1500015258789,CL=F
2010-07-14,77.12999725341797,77.04000091552734,CL=F
2010-07-15,76.76000213623047,76.62000274658203,CL=F
2010-07-16,76.81999969482422,76.01000213623047,CL=F
2010-07-19,75.72000122070312,76.54000091552734,CL=F
2010-07-20,76.4000015258789,77.44000244140625,CL=F
2010-07-21,77.8499984741211,76.55999755859375,CL=F
2010-07-22,76.43000030517578,79.30000305175781,CL=F
2010-07-23,79.2699966430664,78.9800033569336,CL=F
2010-07-26,78.9800033569336,78.9800033569336,CL=F
2010-07-27,78.91999816894531,77.5,CL=F
2010-07-28,77.08000183105469,76.98999786376953,CL=F
2010-07-29,76.88999938964844,78.36000061035156,CL=F
2010-07-30,78.25,78.94999694824219,CL=F
2010-08-02,78.94999694824219,81.33999633789062,CL=F
2010-08-03,81.41000366210938,82.55000305175781,CL=F
2010-08-04,82.41999816894531,82.47000122070312,CL=F
2010-08-05,82.44000244140625,82.01000213623047,CL=F
2010-08-06,82.12000274658203,80.69999694824219,CL=F
2010-08-09,80.91000366210938,81.4800033569336,CL=F
2010-08-10,81.44000244140625,80.25,CL=F
2010-08-11,80.22000122070312,78.0199966430664,CL=F
2010-08-12,77.30999755859375,75.73999786376953,CL=F
2010-08-13,75.75,75.38999938964844,CL=F
2010-08-16,75.5999984741211,75.23999786376953,CL=F
2010-08-17,75.05999755859375,75.7699966430664,CL=F
2010-08-18,75.44999694824219,75.41999816894531,CL=F
2010-08-19,75.2699966430664,74.43000030517578,CL=F
2010-08-20,74.44999694824219,73.45999908447266,CL=F
2010-08-23,73.9000015258789,73.0999984741211,CL=F
2010-08-24,72.94999694824219,71.62999725341797,CL=F
2010-08-25,71.47000122070312,72.5199966430664,CL=F
2010-08-26,72.81999969482422,73.36000061035156,CL=F
2010-08-27,73.18000030517578,75.16999816894531,CL=F
2010-08-30,75.5,74.69999694824219,CL=F
2010-08-31,74.06999969482422,71.91999816894531,CL=F
2010-09-01,71.69999694824219,73.91000366210938,CL=F
2010-09-02,73.91000366210938,75.0199966430664,CL=F
2010-09-03,74.93000030517578,74.5999984741211,CL=F
2010-09-07,74.30000305175781,74.08999633789062,CL=F
2010-09-08,73.91000366210938,74.66999816894531,CL=F
2010-09-09,74.91999816894531,74.25,CL=F
2010-09-10,74.4000015258789,76.44999694824219,CL=F
2010-09-13,76.36000061035156,77.19000244140625,CL=F
2010-09-14,77.16999816894531,76.80000305175781,CL=F
2010-09-15,76.63999938964844,76.0199966430664,CL=F
2010-09-16,75.76000213623047,74.56999969482422,CL=F
2010-09-17,74.47000122070312,73.66000366210938,CL=F
2010-09-20,73.58999633789062,74.86000061035156,CL=F
2010-09-21,74.56999969482422,73.5199966430664,CL=F
2010-09-22,74.79000091552734,74.70999908447266,CL=F
2010-09-23,74.83999633789062,75.18000030517578,CL=F
2010-09-24,74.94999694824219,76.48999786376953,CL=F
2010-09-27,76.47000122070312,76.5199966430664,CL=F
2010-09-28,76.2300033569336,76.18000030517578,CL=F
2010-09-29,76.19999694824219,77.86000061035156,CL=F
2010-09-30,77.91000366210938,79.97000122070312,CL=F
2010-10-01,79.83999633789062,81.58000183105469,CL=F
2010-10-04,81.68000030517578,81.47000122070312,CL=F
2010-10-05,81.37000274658203,82.81999969482422,CL=F
2010-10-06,82.5999984741211,83.2300033569336,CL=F
2010-10-07,83.2699966430664,81.66999816894531,CL=F
2010-10-08,81.43000030517578,82.66000366210938,CL=F
2010-10-11,82.94999694824219,82.20999908447266,CL=F
2010-10-12,81.94000244140625,81.66999816894531,CL=F
2010-10-13,81.72000122070312,83.01000213623047,CL=F
2010-10-14,83.2300033569336,82.69000244140625,CL=F
2010-10-15,82.7699966430664,81.25,CL=F
2010-10-18,81.37999725341797,83.08000183105469,CL=F
2010-10-19,82.94999694824219,79.48999786376953,CL=F
2010-10-20,79.4800033569336,81.7699966430664,CL=F
2010-10-21,82.55000305175781,80.55999755859375,CL=F
2010-10-22,80.7300033569336,81.69000244140625,CL=F
2010-10-25,82.01000213623047,82.5199966430664,CL=F
2010-10-26,82.47000122070312,82.55000305175781,CL=F
2010-10-27,82.4800033569336,81.94000244140625,CL=F
2010-10-28,81.98999786376953,82.18000030517578,CL=F
2010-10-29,81.91999816894531,81.43000030517578,CL=F
2010-11-01,81.44999694824219,82.94999694824219,CL=F
2010-11-02,82.87999725341797,83.9000015258789,CL=F
2010-11-03,84.37000274658203,84.69000244140625,CL=F
2010-11-04,85.08999633789062,86.48999786376953,CL=F
2010-11-05,86.5999984741211,86.8499984741211,CL=F
2010-11-08,87.38999938964844,87.05999755859375,CL=F
2010-11-09,86.75,86.72000122070312,CL=F
2010-11-10,86.44999694824219,87.80999755859375,CL=F
2010-11-11,87.8499984741211,87.80999755859375,CL=F
2010-11-12,87.7300033569336,84.87999725341797,CL=F
2010-11-15,84.87000274658203,84.86000061035156,CL=F
2010-11-16,84.58000183105469,82.33999633789062,CL=F
2010-11-17,82.44000244140625,80.44000244140625,CL=F
2010-11-18,80.44999694824219,81.8499984741211,CL=F
2010-11-19,82.23999786376953,81.51000213623047,CL=F
2010-11-22,82.1500015258789,81.73999786376953,CL=F
2010-11-23,81.61000061035156,81.25,CL=F
2010-11-24,80.98999786376953,83.86000061035156,CL=F
2010-11-26,84.20999908447266,83.76000213623047,CL=F
2010-11-29,83.9000015258789,85.7300033569336,CL=F
2010-11-30,85.80999755859375,84.11000061035156,CL=F
2010-12-01,83.66000366210938,86.75,CL=F
2010-12-02,86.80000305175781,88.0,CL=F
2010-12-03,87.94000244140625,89.19000244140625,CL=F
2010-12-06,89.44000244140625,89.37999725341797,CL=F
2010-12-07,88.91999816894531,88.69000244140625,CL=F
2010-12-08,88.3499984741211,88.27999877929688,CL=F
2010-12-09,88.55000305175781,88.37000274658203,CL=F
2010-12-10,88.51000213623047,87.79000091552734,CL=F
2010-12-13,87.68000030517578,88.61000061035156,CL=F
2010-12-14,88.19000244140625,88.27999877929688,CL=F
2010-12-15,88.27999877929688,88.62000274658203,CL=F
2010-12-16,88.4800033569336,87.69999694824219,CL=F
2010-12-17,87.87000274658203,88.0199966430664,CL=F
2010-12-20,88.18000030517578,88.80999755859375,CL=F
2010-12-21,89.22000122070312,89.81999969482422,CL=F
2010-12-22,89.98999786376953,90.4800033569336,CL=F
2010-12-23,90.61000061035156,91.51000213623047,CL=F
2010-12-27,91.06999969482422,91.0,CL=F
2010-12-28,90.79000091552734,91.48999786376953,CL=F
2010-12-29,91.2699966430664,91.12000274658203,CL=F
2010-12-30,90.9800033569336,89.83999633789062,CL=F
2010-12-31,89.66999816894531,91.37999725341797,CL=F
2011-01-03,91.30999755859375,91.55000305175781,CL=F
2011-01-04,91.5,89.37999725341797,CL=F
2011-01-05,89.29000091552734,90.30000305175781,CL=F
2011-01-06,90.47000122070312,88.37999725341797,CL=F
2011-01-07,88.18000030517578,88.02999877929688,CL=F
2011-01-10,89.0,89.25,CL=F
2011-01-11,89.30999755859375,91.11000061035156,CL=F
2011-01-12,91.18000030517578,91.86000061035156,CL=F
2011-01-13,92.0,91.4000015258789,CL=F
2011-01-14,90.98999786376953,91.54000091552734,CL=F
2011-01-18,91.51000213623047,91.37999725341797,CL=F
2011-01-19,91.33999633789062,90.86000061035156,CL=F
2011-01-20,90.69999694824219,88.86000061035156,CL=F
2011-01-21,89.44999694824219,89.11000061035156,CL=F
2011-01-24,89.26000213623047,87.87000274658203,CL=F
2011-01-25,87.69999694824219,86.19000244140625,CL=F
2011-01-26,86.2300033569336,87.33000183105469,CL=F
2011-01-27,87.55000305175781,85.63999938964844,CL=F
2011-01-28,85.27999877929688,89.33999633789062,CL=F
2011-01-31,89.97000122070312,92.19000244140625,CL=F
2011-02-01,92.19999694824219,90.7699966430664,CL=F
2011-02-02,90.51000213623047,90.86000061035156,CL=F
2011-02-03,90.93000030517578,90.54000091552734,CL=F
2011-02-04,90.62999725341797,89.02999877929688,CL=F
2011-02-07,89.05999755859375,87.4800033569336,CL=F
2011-02-08,87.41000366210938,86.94000244140625,CL=F
2011-02-09,87.3499984741211,86.70999908447266,CL=F
2011-02-10,86.93000030517578,86.7300033569336,CL=F
2011-02-11,87.69999694824219,85.58000183105469,CL=F
2011-02-14,85.5,84.80999755859375,CL=F
2011-02-15,84.83999633789062,84.31999969482422,CL=F
2011-02-16,84.44000244140625,84.98999786376953,CL=F
2011-02-17,85.25,86.36000061035156,CL=F
2011-02-18,86.4000015258789,86.19999694824219,CL=F
2011-02-22,86.37999725341797,93.56999969482422,CL=F
2011-02-23,95.68000030517578,98.0999984741211,CL=F
2011-02-24,98.97000122070312,97.27999877929688,CL=F
2011-02-25,96.62999725341797,97.87999725341797,CL=F
2011-02-28,98.5,96.97000122070312,CL=F
2011-03-01,96.97000122070312,99.62999725341797,CL=F
2011-03-02,100.4800033569336,102.2300033569336,CL=F
2011-03-03,102.38999938964844,101.91000366210938,CL=F
2011-03-04,101.69999694824219,104.41999816894531,CL=F
2011-03-07,104.6500015258789,105.44000244140625,CL=F
2011-03-08,104.8499984741211,105.0199966430664,CL=F
2011-03-09,104.95999908447266,104.37999725341797,CL=F
2011-03-10,104.44999694824219,102.69999694824219,CL=F
2011-03-11,102.63999938964844,101.16000366210938,CL=F
2011-03-14,100.30999755859375,101.19000244140625,CL=F
2011-03-15,101.86000061035156,97.18000030517578,CL=F
2011-03-16,97.4000015258789,97.9800033569336,CL=F
2011-03-17,98.0999984741211,101.41999816894531,CL=F
2011-03-18,101.77999877929688,101.06999969482422,CL=F
2011-03-21,102.12000274658203,102.33000183105469,CL=F
2011-03-22,102.0999984741211,104.0,CL=F
2011-03-23,104.8499984741211,105.75,CL=F
2011-03-24,105.5199966430664,105.5999984741211,CL=F
2011-03-25,105.45999908447266,105.4000015258789,CL=F
2011-03-28,105.43000030517578,103.9800033569336,CL=F
2011-03-29,103.94000244140625,104.79000091552734,CL=F
2011-03-30,104.44999694824219,104.2699966430664,CL=F
2011-03-31,104.30999755859375,106.72000122070312,CL=F
2011-04-01,106.62000274658203,107.94000244140625,CL=F
2011-04-04,108.29000091552734,108.47000122070312,CL=F
2011-04-05,108.19999694824219,108.33999633789062,CL=F
2011-04-06,107.98999786376953,108.83000183105469,CL=F
2011-04-07,108.66999816894531,110.30000305175781,CL=F
2011-04-08,110.31999969482422,112.79000091552734,CL=F
2011-04-11,113.27999877929688,109.91999816894531,CL=F
2011-04-12,108.97000122070312,106.25,CL=F
2011-04-13,106.0199966430664,107.11000061035156,CL=F
2011-04-14,107.31999969482422,108.11000061035156,CL=F
2011-04-15,108.44999694824219,109.66000366210938,CL=F
2011-04-18,109.43000030517578,107.12000274658203,CL=F
2011-04-19,107.5199966430664,108.1500015258789,CL=F
2011-04-20,108.44999694824219,111.44999694824219,CL=F
2011-04-21,111.37000274658203,112.29000091552734,CL=F
2011-04-25,112.33999633789062,112.27999877929688,CL=F
2011-04-26,112.1500015258789,112.20999908447266,CL=F
2011-04-27,111.88999938964844,112.76000213623047,CL=F
2011-04-28,113.12999725341797,112.86000061035156,CL=F
2011-04-29,112.81999969482422,113.93000030517578,CL=F
2011-05-02,113.88999938964844,113.5199966430664,CL=F
2011-05-03,112.9800033569336,111.05000305175781,CL=F
2011-05-04,110.68000030517578,109.23999786376953,CL=F
2011-05-05,108.77999877929688,99.80000305175781,CL=F
2011-05-06,99.76000213623047,97.18000030517578,CL=F
2011-05-09,98.11000061035156,102.55000305175781,CL=F
2011-05-10,102.44000244140625,103.87999725341797,CL=F
2011-05-11,103.69000244140625,98.20999908447266,CL=F
2011-05-12,98.58999633789062,98.97000122070312,CL=F
2011-05-13,98.80999755859375,99.6500015258789,CL=F
2011-05-16,99.36000061035156,97.37000274658203,CL=F
2011-05-17,96.9800033569336,96.91000366210938,CL=F
2011-05-18,97.56999969482422,100.0999984741211,CL=F
2011-05-19,99.76000213623047,98.44000244140625,CL=F
2011-05-20,98.5999984741211,99.48999786376953,CL=F
2011-05-23,99.68000030517578,97.69999694824219,CL=F
2011-05-24,97.54000091552734,99.58999633789062,CL=F
2011-05-25,99.2699966430664,101.31999969482422,CL=F
2011-05-26,101.23999786376953,100.2300033569336,CL=F
2011-05-27,100.16000366210938,100.58999633789062,CL=F
2011-05-31,100.69000244140625,102.69999694824219,CL=F
2011-06-01,102.68000030517578,100.29000091552734,CL=F
2011-06-02,99.79000091552734,100.4000015258789,CL=F
2011-06-03,100.87000274658203,100.22000122070312,CL=F
2011-06-06,100.41999816894531,99.01000213623047,CL=F
2011-06-07,98.81999969482422,99.08999633789062,CL=F
2011-06-08,99.58000183105469,100.73999786376953,CL=F
2011-06-09,100.83000183105469,101.93000030517578,CL=F
2011-06-10,101.83999633789062,99.29000091552734,CL=F
2011-06-13,98.7699966430664,97.30000305175781,CL=F
2011-06-14,97.08999633789062,99.37000274658203,CL=F
2011-06-15,99.68000030517578,94.80999755859375,CL=F
2011-06-16,95.29000091552734,94.94999694824219,CL=F
2011-06-17,95.0999984741211,93.01000213623047,CL=F
2011-06-20,92.80000305175781,93.26000213623047,CL=F
2011-06-21,93.48999786376953,93.4000015258789,CL=F
2011-06-22,93.76000213623047,95.41000366210938,CL=F
2011-06-23,94.4000015258789,91.0199966430664,CL=F
2011-06-24,92.29000091552734,91.16000366210938,CL=F
2011-06-27,91.16000366210938,90.61000061035156,CL=F
2011-06-28,90.70999908447266,92.88999938964844,CL=F
2011-06-29,93.37000274658203,94.7699966430664,CL=F
2011-06-30,95.08000183105469,95.41999816894531,CL=F
2011-07-01,95.12000274658203,94.94000244140625,CL=F
2011-07-05,94.9800033569336,96.88999938964844,CL=F
2011-07-06,97.0,96.6500015258789,CL=F
2011-07-07,97.04000091552734,98.66999816894531,CL=F
2011-07-08,98.79000091552734,96.19999694824219,CL=F
2011-07-11,96.0999984741211,95.1500015258789,CL=F
2011-07-12,95.08999633789062,97.43000030517578,CL=F
2011-07-13,96.72000122070312,98.05000305175781,CL=F
2011-07-14,97.58999633789062,95.69000244140625,CL=F
2011-07-15,96.02999877929688,97.23999786376953,CL=F
2011-07-18,97.37000274658203,95.93000030517578,CL=F
2011-07-19,96.16000366210938,97.5,CL=F
2011-07-20,98.11000061035156,98.13999938964844,CL=F
2011-07-21,98.36000061035156,99.12999725341797,CL=F
2011-07-22,99.19999694824219,99.87000274658203,CL=F
2011-07-25,99.76000213623047,99.19999694824219,CL=F
2011-07-26,99.1500015258789,99.58999633789062,CL=F
2011-07-27,99.18000030517578,97.4000015258789,CL=F
2011-07-28,97.2699966430664,97.44000244140625,CL=F
2011-07-29,97.16000366210938,95.69999694824219,CL=F
2011-08-01,96.19999694824219,94.88999938964844,CL=F
2011-08-02,95.0199966430664,93.79000091552734,CL=F
2011-08-03,93.1500015258789,91.93000030517578,CL=F
2011-08-04,91.94000244140625,86.62999725341797,CL=F
2011-08-05,86.5,86.87999725341797,CL=F
2011-08-08,85.70999908447266,81.30999755859375,CL=F
2011-08-09,81.0999984741211,79.30000305175781,CL=F
2011-08-10,81.9000015258789,82.88999938964844,CL=F
2011-08-11,81.94999694824219,85.72000122070312,CL=F
2011-08-12,85.55000305175781,85.37999725341797,CL=F
2011-08-15,85.58999633789062,87.87999725341797,CL=F
2011-08-16,87.68000030517578,86.6500015258789,CL=F
2011-08-17,87.0999984741211,87.58000183105469,CL=F
2011-08-18,87.41000366210938,82.37999725341797,CL=F
2011-08-19,81.30000305175781,82.26000213623047,CL=F
2011-08-22,82.41999816894531,84.12000274658203,CL=F
2011-08-23,84.44999694824219,85.44000244140625,CL=F
2011-08-24,85.66999816894531,85.16000366210938,CL=F
2011-08-25,85.16999816894531,85.30000305175781,CL=F
2011-08-26,85.08999633789062,85.37000274658203,CL=F
2011-08-29,85.33000183105469,87.2699966430664,CL=F
2011-08-30,87.51000213623047,88.9000015258789,CL=F
2011-08-31,88.79000091552734,88.80999755859375,CL=F
2011-09-01,88.7300033569336,88.93000030517578,CL=F
2011-09-02,88.77999877929688,86.44999694824219,CL=F
2011-09-06,86.45999908447266,86.0199966430664,CL=F
2011-09-07,86.5,89.33999633789062,CL=F
2011-09-08,90.11000061035156,89.05000305175781,CL=F
2011-09-09,88.7699966430664,87.23999786376953,CL=F
2011-09-12,86.69999694824219,88.19000244140625,CL=F
2011-09-13,88.94999694824219,90.20999908447266,CL=F
2011-09-14,89.87999725341797,88.91000366210938,CL=F
2011-09-15,88.5999984741211,89.4000015258789,CL=F
2011-09-16,89.11000061035156,87.95999908447266,CL=F
2011-09-19,87.75,85.69999694824219,CL=F
2011-09-20,85.83999633789062,86.88999938964844,CL=F
2011-09-21,86.51000213623047,85.91999816894531,CL=F
2011-09-22,84.80999755859375,80.51000213623047,CL=F
2011-09-23,80.4000015258789,79.8499984741211,CL=F
2011-09-26,79.63999938964844,80.23999786376953,CL=F
2011-09-27,81.4800033569336,84.44999694824219,CL=F
2011-09-28,83.76000213623047,81.20999908447266,CL=F
2011-09-29,80.66999816894531,82.13999938964844,CL=F
2011-09-30,83.06999969482422,79.19999694824219,CL=F
2011-10-03,78.91999816894531,77.61000061035156,CL=F
2011-10-04,76.4000015258789,75.66999816894531,CL=F
2011-10-05,78.25,79.68000030517578,CL=F
2011-10-06,79.70999908447266,82.58999633789062,CL=F
2011-10-07,82.56999969482422,82.9800033569336,CL=F
2011-10-10,82.75,85.41000366210938,CL=F
2011-10-11,85.69999694824219,85.80999755859375,CL=F
2011-10-12,85.19999694824219,85.56999969482422,CL=F
2011-10-13,84.93000030517578,84.2300033569336,CL=F
2011-10-14,84.47000122070312,86.80000305175781,CL=F
2011-10-17,87.4800033569336,86.37999725341797,CL=F
2011-10-18,86.19999694824219,88.33999633789062,CL=F
2011-10-19,88.26000213623047,86.11000061035156,CL=F
2011-10-20,86.0999984741211,85.30000305175781,CL=F
2011-10-21,86.5,87.4000015258789,CL=F
2011-10-24,87.05000305175781,91.2699966430664,CL=F
2011-10-25,91.69000244140625,93.16999816894531,CL=F
2011-10-26,92.58999633789062,90.19999694824219,CL=F
2011-10-27,90.9800033569336,93.95999908447266,CL=F
2011-10-28,93.93000030517578,93.31999969482422,CL=F
2011-10-31,93.52999877929688,93.19000244140625,CL=F
2011-11-01,92.58000183105469,92.19000244140625,CL=F
2011-11-02,91.5999984741211,92.51000213623047,CL=F
2011-11-03,92.98999786376953,94.06999969482422,CL=F
2011-11-04,94.23999786376953,94.26000213623047,CL=F
2011-11-07,94.26000213623047,95.5199966430664,CL=F
2011-11-08,95.87000274658203,96.80000305175781,CL=F
2011-11-09,96.80999755859375,95.73999786376953,CL=F
2011-11-10,95.75,97.77999877929688,CL=F
2011-11-11,97.51000213623047,98.98999786376953,CL=F
2011-11-14,99.30000305175781,98.13999938964844,CL=F
2011-11-15,98.04000091552734,99.37000274658203,CL=F
2011-11-16,99.31999969482422,102.58999633789062,CL=F
2011-11-17,101.76000213623047,98.81999969482422,CL=F
2011-11-18,98.61000061035156,97.41000366210938,CL=F
2011-11-21,97.54000091552734,96.91999816894531,CL=F
2011-11-22,97.19999694824219,98.01000213623047,CL=F
2011-11-23,97.79000091552734,96.16999816894531,CL=F
2011-11-25,95.79000091552734,96.7699966430664,CL=F
2011-11-28,97.5,98.20999908447266,CL=F
2011-11-29,97.75,99.79000091552734,CL=F
2011-11-30,99.4800033569336,100.36000061035156,CL=F
2011-12-01,100.51000213623047,100.19999694824219,CL=F
2011-12-02,100.0,100.95999908447266,CL=F
2011-12-05,101.2300033569336,100.98999786376953,CL=F
2011-12-06,100.44999694824219,101.27999877929688,CL=F
2011-12-07,101.11000061035156,100.48999786376953,CL=F
2011-12-08,100.83999633789062,98.33999633789062,CL=F
2011-12-09,98.08000183105469,99.41000366210938,CL=F
2011-12-12,99.58000183105469,97.7699966430664,CL=F
2011-12-13,97.8499984741211,100.13999938964844,CL=F
2011-12-14,100.33000183105469,94.94999694824219,CL=F
2011-12-15,94.88999938964844,93.87000274658203,CL=F
2011-12-16,93.41999816894531,93.52999877929688,CL=F
2011-12-19,93.76000213623047,93.87999725341797,CL=F
2011-12-20,94.13999938964844,97.22000122070312,CL=F
2011-12-21,97.52999877929688,98.66999816894531,CL=F
2011-12-22,99.02999877929688,99.52999877929688,CL=F
2011-12-23,99.4800033569336,99.68000030517578,CL=F
2011-12-27,99.91999816894531,101.33999633789062,CL=F
2011-12-28,101.25,99.36000061035156,CL=F
2011-12-29,99.58999633789062,99.6500015258789,CL=F
2011-12-30,99.77999877929688,98.83000183105469,CL=F
2012-01-03,99.69999694824219,102.95999908447266,CL=F
2012-01-04,102.98999786376953,103.22000122070312,CL=F
2012-01-05,103.29000091552734,101.80999755859375,CL=F
2012-01-06,101.3499984741211,101.55999755859375,CL=F
2012-01-09,101.91999816894531,101.30999755859375,CL=F
2012-01-10,101.30000305175781,102.23999786376953,CL=F
2012-01-11,102.19999694824219,100.87000274658203,CL=F
2012-01-12,101.0,99.0999984741211,CL=F
2012-01-13,99.19999694824219,98.69999694824219,CL=F
2012-01-17,98.94999694824219,100.70999908447266,CL=F
2012-01-18,100.91000366210938,100.58999633789062,CL=F
2012-01-19,101.13999938964844,100.38999938964844,CL=F
2012-01-20,100.38999938964844,98.45999908447266,CL=F
2012-01-23,98.33999633789062,99.58000183105469,CL=F
2012-01-24,99.87999725341797,98.94999694824219,CL=F
2012-01-25,99.19999694824219,99.4000015258789,CL=F
2012-01-26,99.95999908447266,99.69999694824219,CL=F
2012-01-27,99.93000030517578,99.55999755859375,CL=F
2012-01-30,100.0,98.77999877929688,CL=F
2012-01-31,98.87999725341797,98.4800033569336,CL=F
2012-02-01,98.37999725341797,97.61000061035156,CL=F
2012-02-02,97.11000061035156,96.36000061035156,CL=F
2012-02-03,96.61000061035156,97.83999633789062,CL=F
2012-02-06,97.73999786376953,96.91000366210938,CL=F
2012-02-07,97.12999725341797,98.41000366210938,CL=F
2012-02-08,98.7699966430664,98.70999908447266,CL=F
2012-02-09,99.0999984741211,99.83999633789062,CL=F
2012-02-10,99.88999938964844,98.66999816894531,CL=F
2012-02-13,99.33000183105469,100.91000366210938,CL=F
2012-02-14,100.7300033569336,100.73999786376953,CL=F
2012-02-15,100.9000015258789,101.80000305175781,CL=F
2012-02-16,101.9000015258789,102.30999755859375,CL=F
2012-02-17,102.3499984741211,103.23999786376953,CL=F
2012-02-21,104.6500015258789,105.83999633789062,CL=F
2012-02-22,106.01000213623047,106.27999877929688,CL=F
2012-02-23,105.94999694824219,107.83000183105469,CL=F
2012-02-24,108.66000366210938,109.7699966430664,CL=F
2012-02-27,109.66999816894531,108.55999755859375,CL=F
2012-02-28,107.94999694824219,106.55000305175781,CL=F
2012-02-29,106.45999908447266,107.06999969482422,CL=F
2012-03-01,106.81999969482422,108.83999633789062,CL=F
2012-03-02,108.75,106.69999694824219,CL=F
2012-03-05,106.75,106.72000122070312,CL=F
2012-03-06,107.11000061035156,104.69999694824219,CL=F
2012-03-07,104.93000030517578,106.16000366210938,CL=F
2012-03-08,106.23999786376953,106.58000183105469,CL=F
2012-03-09,106.91000366210938,107.4000015258789,CL=F
2012-03-12,107.5,106.33999633789062,CL=F
2012-03-13,106.55000305175781,106.70999908447266,CL=F
2012-03-14,106.69000244140625,105.43000030517578,CL=F
2012-03-15,105.5,105.11000061035156,CL=F
2012-03-16,105.44000244140625,107.05999755859375,CL=F
2012-03-19,107.18000030517578,108.08999633789062,CL=F
2012-03-20,107.81999969482422,105.61000061035156,CL=F
2012-03-21,106.33000183105469,107.2699966430664,CL=F
2012-03-22,106.80999755859375,105.3499984741211,CL=F
2012-03-23,105.5199966430664,106.87000274658203,CL=F
2012-03-26,106.79000091552734,107.02999877929688,CL=F
2012-03-27,107.08999633789062,107.33000183105469,CL=F
2012-03-28,106.80999755859375,105.41000366210938,CL=F
2012-03-29,105.58000183105469,102.77999877929688,CL=F
2012-03-30,103.29000091552734,103.0199966430664,CL=F
2012-04-02,103.2699966430664,105.2300033569336,CL=F
2012-04-03,105.04000091552734,104.01000213623047,CL=F
2012-04-04,104.08999633789062,101.47000122070312,CL=F
2012-04-05,101.95999908447266,103.30999755859375,CL=F
2012-04-09,102.52999877929688,102.45999908447266,CL=F
2012-04-10,102.33000183105469,101.0199966430664,CL=F
2012-04-11,100.94000244140625,102.69999694824219,CL=F
2012-04-12,102.55000305175781,103.63999938964844,CL=F
2012-04-13,103.66000366210938,102.83000183105469,CL=F
2012-04-16,102.80000305175781,102.93000030517578,CL=F
2012-04-17,103.1500015258789,104.19999694824219,CL=F
2012-04-18,104.22000122070312,102.66999816894531,CL=F
2012-04-19,102.7300033569336,102.2699966430664,CL=F
2012-04-20,102.56999969482422,103.05000305175781,CL=F
2012-04-23,103.81999969482422,103.11000061035156,CL=F
2012-04-24,103.11000061035156,103.55000305175781,CL=F
2012-04-25,103.76000213623047,104.12000274658203,CL=F
2012-04-26,103.95999908447266,104.55000305175781,CL=F
2012-04-27,104.0999984741211,104.93000030517578,CL=F
2012-04-30,104.93000030517578,104.87000274658203,CL=F
2012-05-01,104.88999938964844,106.16000366210938,CL=F
2012-05-02,105.9800033569336,105.22000122070312,CL=F
2012-05-03,105.38999938964844,102.54000091552734,CL=F
2012-05-04,102.58999633789062,98.48999786376953,CL=F
2012-05-07,98.05000305175781,97.94000244140625,CL=F
2012-05-08,97.95999908447266,97.01000213623047,CL=F
2012-05-09,97.37999725341797,96.80999755859375,CL=F
2012-05-10,96.44999694824219,97.08000183105469,CL=F
2012-05-11,96.52999877929688,96.12999725341797,CL=F
2012-05-14,95.79000091552734,94.77999877929688,CL=F
2012-05-15,93.91000366210938,93.9800033569336,CL=F
2012-05-16,93.16000366210938,92.80999755859375,CL=F
2012-05-17,92.7699966430664,92.55999755859375,CL=F
2012-05-18,92.86000061035156,91.4800033569336,CL=F
2012-05-21,91.2699966430664,92.56999969482422,CL=F
2012-05-22,92.63999938964844,91.66000366210938,CL=F
2012-05-23,91.54000091552734,89.9000015258789,CL=F
2012-05-24,90.52999877929688,90.66000366210938,CL=F
2012-05-25,90.79000091552734,90.86000061035156,CL=F
2012-05-29,91.0,90.76000213623047,CL=F
2012-05-30,90.86000061035156,87.81999969482422,CL=F
2012-05-31,87.55000305175781,86.52999877929688,CL=F
2012-06-01,86.44000244140625,83.2300033569336,CL=F
2012-06-04,82.95999908447266,83.9800033569336,CL=F
2012-06-05,84.13999938964844,84.29000091552734,CL=F
2012-06-06,84.12000274658203,85.0199966430664,CL=F
2012-06-07,85.5,84.81999969482422,CL=F
2012-06-08,83.62999725341797,84.0999984741211,CL=F
2012-06-11,85.72000122070312,82.69999694824219,CL=F
2012-06-12,81.18000030517578,83.31999969482422,CL=F
2012-06-13,83.51000213623047,82.62000274658203,CL=F
2012-06-14,82.44000244140625,83.91000366210938,CL=F
2012-06-15,84.33000183105469,84.02999877929688,CL=F
2012-06-18,85.08999633789062,83.2699966430664,CL=F
2012-06-19,83.05999755859375,84.02999877929688,CL=F
2012-06-20,84.04000091552734,81.80000305175781,CL=F
2012-06-21,81.08000183105469,78.19999694824219,CL=F
2012-06-22,78.11000061035156,79.76000213623047,CL=F
2012-06-25,80.19999694824219,79.20999908447266,CL=F
2012-06-26,79.2300033569336,79.36000061035156,CL=F
2012-06-27,79.47000122070312,80.20999908447266,CL=F
2012-06-28,80.4800033569336,77.69000244140625,CL=F
2012-06-29,78.45999908447266,84.95999908447266,CL=F
2012-07-02,84.6500015258789,83.75,CL=F
2012-07-03,83.66999816894531,87.66000366210938,CL=F
2012-07-05,87.75,87.22000122070312,CL=F
2012-07-06,86.7300033569336,84.44999694824219,CL=F
2012-07-09,84.19999694824219,85.98999786376953,CL=F
2012-07-10,85.83999633789062,83.91000366210938,CL=F
2012-07-11,84.01000213623047,85.80999755859375,CL=F
2012-07-12,86.19999694824219,86.08000183105469,CL=F
2012-07-13,85.86000061035156,87.0999984741211,CL=F
2012-07-16,87.12999725341797,88.43000030517578,CL=F
2012-07-17,88.26000213623047,89.22000122070312,CL=F
2012-07-18,89.12999725341797,89.87000274658203,CL=F
2012-07-19,90.08000183105469,92.66000366210938,CL=F
2012-07-20,92.22000122070312,91.44000244140625,CL=F
2012-07-23,91.61000061035156,88.13999938964844,CL=F
2012-07-24,88.05000305175781,88.5,CL=F
2012-07-25,88.19999694824219,88.97000122070312,CL=F
2012-07-26,89.0999984741211,89.38999938964844,CL=F
2012-07-27,89.43000030517578,90.12999725341797,CL=F
2012-07-30,90.13999938964844,89.77999877929688,CL=F
2012-07-31,89.66999816894531,88.05999755859375,CL=F
2012-08-01,88.02999877929688,88.91000366210938,CL=F
2012-08-02,88.87000274658203,87.12999725341797,CL=F
2012-08-03,87.26000213623047,91.4000015258789,CL=F
2012-08-06,91.33999633789062,92.19999694824219,CL=F
2012-08-07,92.05000305175781,93.66999816894531,CL=F
2012-08-08,93.41000366210938,93.3499984741211,CL=F
2012-08-09,93.43000030517578,93.36000061035156,CL=F
2012-08-10,93.45999908447266,92.87000274658203,CL=F
2012-08-13,93.25,92.7300033569336,CL=F
2012-08-14,92.70999908447266,93.43000030517578,CL=F
2012-08-15,93.25,94.33000183105469,CL=F
2012-08-16,94.20999908447266,95.5999984741211,CL=F
2012-08-17,95.2300033569336,96.01000213623047,CL=F
2012-08-20,96.36000061035156,95.97000122070312,CL=F
2012-08-21,95.97000122070312,96.68000030517578,CL=F
2012-08-22,96.94000244140625,97.26000213623047,CL=F
2012-08-23,97.30000305175781,96.2699966430664,CL=F
2012-08-24,96.05999755859375,96.1500015258789,CL=F
2012-08-27,96.66999816894531,95.47000122070312,CL=F
2012-08-28,95.66000366210938,96.33000183105469,CL=F
2012-08-29,96.08000183105469,95.48999786376953,CL=F
2012-08-30,95.30000305175781,94.62000274658203,CL=F
2012-08-31,94.75,96.47000122070312,CL=F
2012-09-04,96.37999725341797,95.30000305175781,CL=F
2012-09-05,95.61000061035156,95.36000061035156,CL=F
2012-09-06,96.0,95.52999877929688,CL=F
2012-09-07,94.69999694824219,96.41999816894531,CL=F
2012-09-10,96.23999786376953,96.54000091552734,CL=F
2012-09-11,96.29000091552734,97.16999816894531,CL=F
2012-09-12,96.8499984741211,97.01000213623047,CL=F
2012-09-13,96.93000030517578,98.30999755859375,CL=F
2012-09-14,98.04000091552734,99.0,CL=F
2012-09-17,99.1500015258789,96.62000274658203,CL=F
2012-09-18,96.70999908447266,95.29000091552734,CL=F
2012-09-19,95.48999786376953,91.9800033569336,CL=F
2012-09-20,91.7699966430664,91.87000274658203,CL=F
2012-09-21,92.93000030517578,92.88999938964844,CL=F
2012-09-24,93.18000030517578,91.93000030517578,CL=F
2012-09-25,92.11000061035156,91.37000274658203,CL=F
2012-09-26,90.81999969482422,89.9800033569336,CL=F
2012-09-27,90.08000183105469,91.8499984741211,CL=F
2012-09-28,92.3499984741211,92.19000244140625,CL=F
2012-10-01,92.1500015258789,92.4800033569336,CL=F
2012-10-02,92.41000366210938,91.88999938964844,CL=F
2012-10-03,91.63999938964844,88.13999938964844,CL=F
2012-10-04,88.01000213623047,91.70999908447266,CL=F
2012-10-05,91.51000213623047,89.87999725341797,CL=F
2012-10-08,89.8499984741211,89.33000183105469,CL=F
2012-10-09,89.62000274658203,92.38999938964844,CL=F
2012-10-10,92.26000213623047,91.25,CL=F
2012-10-11,91.2699966430664,92.06999969482422,CL=F
2012-10-12,92.41000366210938,91.86000061035156,CL=F
2012-10-15,91.62999725341797,91.8499984741211,CL=F
2012-10-16,91.76000213623047,92.08999633789062,CL=F
2012-10-17,92.08000183105469,92.12000274658203,CL=F
2012-10-18,92.05999755859375,92.0999984741211,CL=F
2012-10-19,92.04000091552734,90.05000305175781,CL=F
2012-10-22,89.5199966430664,88.7300033569336,CL=F
2012-10-23,89.13999938964844,86.66999816894531,CL=F
2012-10-24,86.5999984741211,85.7300033569336,CL=F
2012-10-25,85.6500015258789,86.05000305175781,CL=F
2012-10-26,86.0,86.27999877929688,CL=F
2012-10-31,85.7300033569336,86.23999786376953,CL=F
2012-11-01,86.0999984741211,87.08999633789062,CL=F
2012-11-02,86.91000366210938,84.86000061035156,CL=F
2012-11-05,84.6500015258789,85.6500015258789,CL=F
2012-11-06,85.66999816894531,88.70999908447266,CL=F
2012-11-07,88.41999816894531,84.44000244140625,CL=F
2012-11-08,84.5199966430664,85.08999633789062,CL=F
2012-11-09,85.0,86.06999969482422,CL=F
2012-11-12,86.19000244140625,85.56999969482422,CL=F
2012-11-13,85.58999633789062,85.37999725341797,CL=F
2012-11-14,85.37000274658203,86.31999969482422,CL=F
2012-11-15,86.36000061035156,85.44999694824219,CL=F
2012-11-16,85.27999877929688,86.66999816894531,CL=F
2012-11-19,87.30000305175781,89.27999877929688,CL=F
2012-11-20,89.1500015258789,86.75,CL=F
2012-11-21,87.27999877929688,87.37999725341797,CL=F
2012-11-23,87.68000030517578,88.27999877929688,CL=F
2012-11-26,88.20999908447266,87.73999786376953,CL=F
2012-11-27,87.81999969482422,87.18000030517578,CL=F
2012-11-28,87.33000183105469,86.48999786376953,CL=F
2012-11-29,86.56999969482422,88.06999969482422,CL=F
2012-11-30,87.66000366210938,88.91000366210938,CL=F
2012-12-03,88.8499984741211,89.08999633789062,CL=F
2012-12-04,88.93000030517578,88.5,CL=F
2012-12-05,88.5,87.87999725341797,CL=F
2012-12-06,87.87000274658203,86.26000213623047,CL=F
2012-12-07,86.38999938964844,85.93000030517578,CL=F
2012-12-10,85.9800033569336,85.55999755859375,CL=F
2012-12-11,85.69999694824219,85.79000091552734,CL=F
2012-12-12,85.69000244140625,86.7699966430664,CL=F
2012-12-13,86.7699966430664,85.88999938964844,CL=F
2012-12-14,86.12999725341797,86.7300033569336,CL=F
2012-12-17,86.87999725341797,87.19999694824219,CL=F
2012-12-18,87.44999694824219,87.93000030517578,CL=F
2012-12-19,87.94000244140625,89.51000213623047,CL=F
2012-12-20,89.69000244140625,90.12999725341797,CL=F
2012-12-21,90.0199966430664,88.66000366210938,CL=F
2012-12-24,88.5999984741211,88.61000061035156,CL=F
2012-12-26,88.62000274658203,90.9800033569336,CL=F
2012-12-27,91.0,90.87000274658203,CL=F
2012-12-28,91.1500015258789,90.80000305175781,CL=F
2012-12-31,90.41000366210938,91.81999969482422,CL=F
2013-01-02,91.77999877929688,93.12000274658203,CL=F
2013-01-03,92.91000366210938,92.91999816894531,CL=F
2013-01-04,92.86000061035156,93.08999633789062,CL=F
2013-01-07,93.20999908447266,93.19000244140625,CL=F
2013-01-08,93.31999969482422,93.1500015258789,CL=F
2013-01-09,93.1500015258789,93.0999984741211,CL=F
2013-01-10,93.19000244140625,93.81999969482422,CL=F
2013-01-11,93.87000274658203,93.55999755859375,CL=F
2013-01-14,93.73999786376953,94.13999938964844,CL=F
2013-01-15,94.19999694824219,93.27999877929688,CL=F
2013-01-16,93.4000015258789,94.23999786376953,CL=F
2013-01-17,94.19000244140625,95.48999786376953,CL=F
2013-01-18,95.19000244140625,95.55999755859375,CL=F
2013-01-22,95.25,96.23999786376953,CL=F
2013-01-23,96.76000213623047,95.2300033569336,CL=F
2013-01-24,95.5,95.94999694824219,CL=F
2013-01-25,95.94999694824219,95.87999725341797,CL=F
2013-01-28,96.04000091552734,96.44000244140625,CL=F
2013-01-29,96.45999908447266,97.56999969482422,CL=F
2013-01-30,97.31999969482422,97.94000244140625,CL=F
2013-01-31,97.95999908447266,97.48999786376953,CL=F
2013-02-01,97.41999816894531,97.7699966430664,CL=F
2013-02-04,97.72000122070312,96.16999816894531,CL=F
2013-02-05,96.12999725341797,96.63999938964844,CL=F
2013-02-06,96.63999938964844,96.62000274658203,CL=F
2013-02-07,96.86000061035156,95.83000183105469,CL=F
2013-02-08,95.91999816894531,95.72000122070312,CL=F
2013-02-11,95.79000091552734,97.02999877929688,CL=F
2013-02-12,96.95999908447266,97.51000213623047,CL=F
2013-02-13,97.58999633789062,97.01000213623047,CL=F
2013-02-14,97.16999816894531,97.30999755859375,CL=F
2013-02-15,97.33999633789062,95.86000061035156,CL=F
2013-02-19,95.97000122070312,96.66000366210938,CL=F
2013-02-20,96.66000366210938,94.45999908447266,CL=F
2013-02-21,94.72000122070312,92.83999633789062,CL=F
2013-02-22,92.95999908447266,93.12999725341797,CL=F
2013-02-25,93.2300033569336,93.11000061035156,CL=F
2013-02-26,91.91999816894531,92.62999725341797,CL=F
2013-02-27,92.72000122070312,92.76000213623047,CL=F
2013-02-28,92.88999938964844,92.05000305175781,CL=F
2013-03-01,91.76000213623047,90.68000030517578,CL=F
2013-03-04,90.70999908447266,90.12000274658203,CL=F
2013-03-05,90.2300033569336,90.81999969482422,CL=F
2013-03-06,90.83000183105469,90.43000030517578,CL=F
2013-03-07,90.41999816894531,91.55999755859375,CL=F
2013-03-08,91.41999816894531,91.94999694824219,CL=F
2013-03-11,91.83000183105469,92.05999755859375,CL=F
2013-03-12,91.94000244140625,92.54000091552734,CL=F
2013-03-13,92.62000274658203,92.5199966430664,CL=F
2013-03-14,92.51000213623047,93.02999877929688,CL=F
2013-03-15,93.1500015258789,93.44999694824219,CL=F
2013-03-18,93.26000213623047,93.73999786376953,CL=F
2013-03-19,93.80000305175781,92.16000366210938,CL=F
2013-03-20,92.08999633789062,92.95999908447266,CL=F
2013-03-21,93.4000015258789,92.44999694824219,CL=F
2013-03-22,92.33000183105469,93.70999908447266,CL=F
2013-03-25,93.72000122070312,94.80999755859375,CL=F
2013-03-26,94.75,96.33999633789062,CL=F
2013-03-27,96.18000030517578,96.58000183105469,CL=F
2013-03-28,96.68000030517578,97.2300033569336,CL=F
2013-04-01,97.36000061035156,97.06999969482422,CL=F
2013-04-02,97.0,97.19000244140625,CL=F
2013-04-03,96.93000030517578,94.44999694824219,CL=F
2013-04-04,94.5,93.26000213623047,CL=F
2013-04-05,93.36000061035156,92.69999694824219,CL=F
2013-04-08,93.0199966430664,93.36000061035156,CL=F
2013-04-09,93.48999786376953,94.19999694824219,CL=F
2013-04-10,93.95999908447266,94.63999938964844,CL=F
2013-04-11,94.55999755859375,93.51000213623047,CL=F
2013-04-12,93.48999786376953,91.29000091552734,CL=F
2013-04-15,90.94999694824219,88.70999908447266,CL=F
2013-04-16,87.41999816894531,88.72000122070312,CL=F
2013-04-17,88.80000305175781,86.68000030517578,CL=F
2013-04-18,86.38999938964844,87.7300033569336,CL=F
2013-04-19,88.37000274658203,88.01000213623047,CL=F
2013-04-22,87.95999908447266,88.76000213623047,CL=F
2013-04-23,89.27999877929688,89.18000030517578,CL=F
2013-04-24,89.5999984741211,91.43000030517578,CL=F
2013-04-25,91.58000183105469,93.63999938964844,CL=F
2013-04-26,93.23999786376953,93.0,CL=F
2013-04-29,92.69999694824219,94.5,CL=F
2013-04-30,94.41999816894531,93.45999908447266,CL=F
2013-05-01,93.08000183105469,91.02999877929688,CL=F
2013-05-02,91.0,93.98999786376953,CL=F
2013-05-03,93.98999786376953,95.61000061035156,CL=F
2013-05-06,95.58000183105469,96.16000366210938,CL=F
2013-05-07,95.79000091552734,95.62000274658203,CL=F
2013-05-08,95.55999755859375,96.62000274658203,CL=F
2013-05-09,96.5999984741211,96.38999938964844,CL=F
2013-05-10,96.16000366210938,96.04000091552734,CL=F
2013-05-13,95.76000213623047,95.16999816894531,CL=F
2013-05-14,94.93000030517578,94.20999908447266,CL=F
2013-05-15,94.12999725341797,94.30000305175781,CL=F
2013-05-16,94.33999633789062,95.16000366210938,CL=F
2013-05-17,95.1500015258789,96.0199966430664,CL=F
2013-05-20,95.93000030517578,96.70999908447266,CL=F
2013-05-21,96.69999694824219,96.16000366210938,CL=F
2013-05-22,95.9000015258789,94.27999877929688,CL=F
2013-05-23,94.18000030517578,94.25,CL=F
2013-05-24,94.37000274658203,94.1500015258789,CL=F
2013-05-28,93.88999938964844,95.01000213623047,CL=F
2013-05-29,95.05000305175781,93.12999725341797,CL=F
2013-05-30,92.88999938964844,93.61000061035156,CL=F
2013-05-31,93.63999938964844,91.97000122070312,CL=F
2013-06-03,91.7300033569336,93.44999694824219,CL=F
2013-06-04,93.3499984741211,93.30999755859375,CL=F
2013-06-05,93.86000061035156,93.73999786376953,CL=F
2013-06-06,93.69999694824219,94.76000213623047,CL=F
2013-06-07,94.72000122070312,96.02999877929688,CL=F
2013-06-10,96.08999633789062,95.7699966430664,CL=F
2013-06-11,95.76000213623047,95.37999725341797,CL=F
2013-06-12,94.88999938964844,95.87999725341797,CL=F
2013-06-13,95.7699966430664,96.69000244140625,CL=F
2013-06-14,96.63999938964844,97.8499984741211,CL=F
2013-06-17,97.8499984741211,97.7699966430664,CL=F
2013-06-18,97.93000030517578,98.44000244140625,CL=F
2013-06-19,98.58999633789062,98.23999786376953,CL=F
2013-06-20,98.0199966430664,95.4000015258789,CL=F
2013-06-21,94.95999908447266,93.69000244140625,CL=F
2013-06-24,93.8499984741211,95.18000030517578,CL=F
2013-06-25,95.0199966430664,95.31999969482422,CL=F
2013-06-26,95.16999816894531,95.5,CL=F
2013-06-27,95.5199966430664,97.05000305175781,CL=F
2013-06-28,96.80999755859375,96.55999755859375,CL=F
2013-07-01,96.58000183105469,97.98999786376953,CL=F
2013-07-02,98.05999755859375,99.5999984741211,CL=F
2013-07-03,99.61000061035156,101.23999786376953,CL=F
2013-07-05,101.08999633789062,103.22000122070312,CL=F
2013-07-08,103.94999694824219,103.13999938964844,CL=F
2013-07-09,103.0,103.52999877929688,CL=F
2013-07-10,104.56999969482422,106.5199966430664,CL=F
2013-07-11,106.1500015258789,104.91000366210938,CL=F
2013-07-12,104.58000183105469,105.94999694824219,CL=F
2013-07-15,106.05000305175781,106.31999969482422,CL=F
2013-07-16,106.44000244140625,106.0,CL=F
2013-07-17,105.77999877929688,106.4800033569336,CL=F
2013-07-18,106.55999755859375,108.04000091552734,CL=F
2013-07-19,108.12000274658203,108.05000305175781,CL=F
2013-07-22,108.33999633789062,106.91000366210938,CL=F
2013-07-23,107.0,107.2300033569336,CL=F
2013-07-24,107.36000061035156,105.38999938964844,CL=F
2013-07-25,105.37000274658203,105.48999786376953,CL=F
2013-07-26,105.55999755859375,104.69999694824219,CL=F
2013-07-29,104.61000061035156,104.55000305175781,CL=F
2013-07-30,104.5199966430664,103.08000183105469,CL=F
2013-07-31,103.1500015258789,105.02999877929688,CL=F
2013-08-01,105.26000213623047,107.88999938964844,CL=F
2013-08-02,107.80000305175781,106.94000244140625,CL=F
2013-08-05,106.83999633789062,106.55999755859375,CL=F
2013-08-06,106.4800033569336,105.30000305175781,CL=F
2013-08-07,105.68000030517578,104.37000274658203,CL=F
2013-08-08,104.18000030517578,103.4000015258789,CL=F
2013-08-09,103.87000274658203,105.97000122070312,CL=F
2013-08-12,105.83999633789062,106.11000061035156,CL=F
2013-08-13,106.1500015258789,106.83000183105469,CL=F
2013-08-14,106.54000091552734,106.8499984741211,CL=F
2013-08-15,106.9800033569336,107.33000183105469,CL=F
2013-08-16,107.18000030517578,107.45999908447266,CL=F
2013-08-19,107.77999877929688,107.0999984741211,CL=F
2013-08-20,106.93000030517578,104.97000122070312,CL=F
2013-08-21,105.18000030517578,103.8499984741211,CL=F
2013-08-22,103.87999725341797,105.02999877929688,CL=F
2013-08-23,105.22000122070312,106.41999816894531,CL=F
2013-08-26,106.91000366210938,105.91999816894531,CL=F
2013-08-27,106.13999938964844,109.01000213623047,CL=F
2013-08-28,109.22000122070312,110.0999984741211,CL=F
2013-08-29,109.52999877929688,108.80000305175781,CL=F
2013-08-30,108.16999816894531,107.6500015258789,CL=F
2013-09-03,107.06999969482422,108.54000091552734,CL=F
2013-09-04,108.44000244140625,107.2300033569336,CL=F
2013-09-05,107.58999633789062,108.37000274658203,CL=F
2013-09-06,108.5199966430664,110.52999877929688,CL=F
2013-09-09,110.27999877929688,109.5199966430664,CL=F
2013-09-10,108.91999816894531,107.38999938964844,CL=F
2013-09-11,107.36000061035156,107.55999755859375,CL=F
2013-09-12,107.7699966430664,108.5999984741211,CL=F
2013-09-13,108.63999938964844,108.20999908447266,CL=F
2013-09-16,107.5,106.58999633789062,CL=F
2013-09-17,106.22000122070312,105.41999816894531,CL=F
2013-09-18,105.52999877929688,108.06999969482422,CL=F
2013-09-19,108.22000122070312,106.38999938964844,CL=F
2013-09-20,106.37000274658203,104.68000030517578,CL=F
2013-09-23,104.88999938964844,103.58999633789062,CL=F
2013-09-24,103.44000244140625,103.12999725341797,CL=F
2013-09-25,103.41000366210938,102.66000366210938,CL=F
2013-09-26,102.30000305175781,103.02999877929688,CL=F
2013-09-27,102.91000366210938,102.87000274658203,CL=F
2013-09-30,102.45999908447266,102.33000183105469,CL=F
2013-10-01,102.30999755859375,102.04000091552734,CL=F
2013-10-02,101.62000274658203,104.0999984741211,CL=F
2013-10-03,103.81999969482422,103.30999755859375,CL=F
2013-10-04,102.91999816894531,103.83999633789062,CL=F
2013-10-07,103.44999694824219,103.02999877929688,CL=F
2013-10-08,103.16000366210938,103.48999786376953,CL=F
2013-10-09,103.48999786376953,101.61000061035156,CL=F
2013-10-10,101.45999908447266,103.01000213623047,CL=F
2013-10-11,102.94000244140625,102.0199966430664,CL=F
2013-10-14,101.37000274658203,102.41000366210938,CL=F
2013-10-15,102.19000244140625,101.20999908447266,CL=F
2013-10-16,100.87999725341797,102.29000091552734,CL=F
2013-10-17,102.12999725341797,100.66999816894531,CL=F
2013-10-18,100.72000122070312,100.80999755859375,CL=F
2013-10-21,100.62999725341797,99.22000122070312,CL=F
2013-10-22,99.05999755859375,97.80000305175781,CL=F
2013-10-23,98.12000274658203,96.86000061035156,CL=F
2013-10-24,97.0999984741211,97.11000061035156,CL=F
2013-10-25,97.19000244140625,97.8499984741211,CL=F
2013-10-28,97.87999725341797,98.68000030517578,CL=F
2013-10-29,98.54000091552734,98.19999694824219,CL=F
2013-10-30,97.7699966430664,96.7699966430664,CL=F
2013-10-31,96.62000274658203,96.37999725341797,CL=F
2013-11-01,96.31999969482422,94.61000061035156,CL=F
2013-11-04,94.5199966430664,94.62000274658203,CL=F
2013-11-05,94.47000122070312,93.37000274658203,CL=F
2013-11-06,93.73999786376953,94.80000305175781,CL=F
2013-11-07,94.91000366210938,94.19999694824219,CL=F
2013-11-08,94.36000061035156,94.5999984741211,CL=F
2013-11-11,94.44999694824219,95.13999938964844,CL=F
2013-11-12,95.0,93.04000091552734,CL=F
2013-11-13,93.06999969482422,93.87999725341797,CL=F
2013-11-14,93.5,93.76000213623047,CL=F
2013-11-15,93.88999938964844,93.83999633789062,CL=F
2013-11-18,93.77999877929688,93.02999877929688,CL=F
2013-11-19,93.0,93.33999633789062,CL=F
2013-11-20,93.33000183105469,93.33000183105469,CL=F
2013-11-21,93.7300033569336,95.44000244140625,CL=F
2013-11-22,95.29000091552734,94.83999633789062,CL=F
2013-11-25,94.1500015258789,94.08999633789062,CL=F
2013-11-26,94.20999908447266,93.68000030517578,CL=F
2013-11-27,93.5,92.30000305175781,CL=F
2013-11-29,92.33000183105469,92.72000122070312,CL=F
2013-12-02,92.70999908447266,93.81999969482422,CL=F
2013-12-03,93.86000061035156,96.04000091552734,CL=F
2013-12-04,96.9000015258789,97.19999694824219,CL=F
2013-12-05,97.33000183105469,97.37999725341797,CL=F
2013-12-06,97.37999725341797,97.6500015258789,CL=F
2013-12-09,97.66000366210938,97.33999633789062,CL=F
2013-12-10,97.25,98.51000213623047,CL=F
2013-12-11,98.6500015258789,97.44000244140625,CL=F
2013-12-12,97.55000305175781,97.5,CL=F
2013-12-13,97.58000183105469,96.5999984741211,CL=F
2013-12-16,96.55000305175781,97.4800033569336,CL=F
2013-12-17,97.30000305175781,97.22000122070312,CL=F
2013-12-18,97.30000305175781,97.80000305175781,CL=F
2013-12-19,97.69000244140625,98.7699966430664,CL=F
2013-12-20,98.69999694824219,99.31999969482422,CL=F
2013-12-23,99.19999694824219,98.91000366210938,CL=F
2013-12-24,98.62000274658203,99.22000122070312,CL=F
2013-12-26,99.19999694824219,99.55000305175781,CL=F
2013-12-27,99.62999725341797,100.31999969482422,CL=F
2013-12-30,100.1500015258789,99.29000091552734,CL=F
2013-12-31,99.25,98.41999816894531,CL=F
2014-01-02,98.5,95.44000244140625,CL=F
2014-01-03,95.47000122070312,93.95999908447266,CL=F
2014-01-06,94.18000030517578,93.43000030517578,CL=F
2014-01-07,93.5999984741211,93.66999816894531,CL=F
2014-01-08,93.95999908447266,92.33000183105469,CL=F
2014-01-09,92.58000183105469,91.66000366210938,CL=F
2014-01-10,92.30000305175781,92.72000122070312,CL=F
2014-01-13,92.83000183105469,91.80000305175781,CL=F
2014-01-14,91.51000213623047,92.58999633789062,CL=F
2014-01-15,92.6500015258789,94.16999816894531,CL=F
2014-01-16,94.29000091552734,93.95999908447266,CL=F
2014-01-17,94.16999816894531,94.37000274658203,CL=F
2014-01-21,94.0,94.98999786376953,CL=F
2014-01-22,95.19999694824219,96.7300033569336,CL=F
2014-01-23,96.69000244140625,97.31999969482422,CL=F
2014-01-24,97.37000274658203,96.63999938964844,CL=F
2014-01-27,96.9000015258789,95.72000122070312,CL=F
2014-01-28,95.66000366210938,97.41000366210938,CL=F
2014-01-29,97.16999816894531,97.36000061035156,CL=F
2014-01-30,97.41999816894531,98.2300033569336,CL=F
2014-01-31,97.97000122070312,97.48999786376953,CL=F
2014-02-03,97.4000015258789,96.43000030517578,CL=F
2014-02-04,96.52999877929688,97.19000244140625,CL=F
2014-02-05,97.66999816894531,97.37999725341797,CL=F
2014-02-06,97.25,97.83999633789062,CL=F
2014-02-07,97.97000122070312,99.87999725341797,CL=F
2014-02-10,100.05000305175781,100.05999755859375,CL=F
2014-02-11,99.97000122070312,99.94000244140625,CL=F
2014-02-12,100.45999908447266,100.37000274658203,CL=F
2014-02-13,100.2699966430664,100.3499984741211,CL=F
2014-02-14,100.33999633789062,100.30000305175781,CL=F
2014-02-18,100.31999969482422,102.43000030517578,CL=F
2014-02-19,103.13999938964844,103.30999755859375,CL=F
2014-02-20,103.41000366210938,102.91999816894531,CL=F
2014-02-21,102.87000274658203,102.19999694824219,CL=F
2014-02-24,102.29000091552734,102.81999969482422,CL=F
2014-02-25,102.80000305175781,101.83000183105469,CL=F
2014-02-26,102.04000091552734,102.58999633789062,CL=F
2014-02-27,102.56999969482422,102.4000015258789,CL=F
2014-02-28,102.1500015258789,102.58999633789062,CL=F
2014-03-03,103.0,104.91999816894531,CL=F
2014-03-04,104.88999938964844,103.33000183105469,CL=F
2014-03-05,103.3499984741211,101.44999694824219,CL=F
2014-03-06,101.04000091552734,101.55999755859375,CL=F
2014-03-07,101.97000122070312,102.58000183105469,CL=F
2014-03-10,102.75,101.12000274658203,CL=F
2014-03-11,100.94000244140625,100.02999877929688,CL=F
2014-03-12,99.4800033569336,97.98999786376953,CL=F
2014-03-13,98.0999984741211,98.19999694824219,CL=F
2014-03-14,98.25,98.88999938964844,CL=F
2014-03-17,99.38999938964844,98.08000183105469,CL=F
2014-03-18,97.97000122070312,99.69999694824219,CL=F
2014-03-19,99.52999877929688,100.37000274658203,CL=F
2014-03-20,100.38999938964844,99.43000030517578,CL=F
2014-03-21,98.58999633789062,99.45999908447266,CL=F
2014-03-24,99.48999786376953,99.5999984741211,CL=F
2014-03-25,99.43000030517578,99.19000244140625,CL=F
2014-03-26,99.18000030517578,100.26000213623047,CL=F
2014-03-27,100.30000305175781,101.27999877929688,CL=F
2014-03-28,101.33999633789062,101.66999816894531,CL=F
2014-03-31,101.69000244140625,101.58000183105469,CL=F
2014-04-01,101.52999877929688,99.73999786376953,CL=F
2014-04-02,99.63999938964844,99.62000274658203,CL=F
2014-04-03,99.29000091552734,100.29000091552734,CL=F
2014-04-04,100.37999725341797,101.13999938964844,CL=F
2014-04-07,100.91000366210938,100.44000244140625,CL=F
2014-04-08,100.69000244140625,102.55999755859375,CL=F
2014-04-09,102.3499984741211,103.5999984741211,CL=F
2014-04-10,103.44000244140625,103.4000015258789,CL=F
2014-04-11,103.33999633789062,103.73999786376953,CL=F
2014-04-14,103.55999755859375,104.05000305175781,CL=F
2014-04-15,103.5999984741211,103.75,CL=F
2014-04-16,103.76000213623047,103.76000213623047,CL=F
2014-04-17,103.83999633789062,104.30000305175781,CL=F
2014-04-21,104.54000091552734,104.37000274658203,CL=F
2014-04-22,104.36000061035156,102.12999725341797,CL=F
2014-04-23,101.86000061035156,101.44000244140625,CL=F
2014-04-24,101.54000091552734,101.94000244140625,CL=F
2014-04-25,101.93000030517578,100.5999984741211,CL=F
2014-04-28,100.48999786376953,100.83999633789062,CL=F
2014-04-29,100.88999938964844,101.27999877929688,CL=F
2014-04-30,100.76000213623047,99.73999786376953,CL=F
2014-05-01,99.72000122070312,99.41999816894531,CL=F
2014-05-02,99.16999816894531,99.76000213623047,CL=F
2014-05-05,99.95999908447266,99.4800033569336,CL=F
2014-05-06,99.37999725341797,99.5,CL=F
2014-05-07,99.83000183105469,100.7699966430664,CL=F
2014-05-08,100.81999969482422,100.26000213623047,CL=F
2014-05-09,100.2699966430664,99.98999786376953,CL=F
2014-05-12,100.12000274658203,100.58999633789062,CL=F
2014-05-13,100.62999725341797,101.69999694824219,CL=F
2014-05-14,101.91000366210938,102.37000274658203,CL=F
2014-05-15,102.02999877929688,101.5,CL=F
2014-05-16,101.55999755859375,102.0199966430664,CL=F
2014-05-19,102.12999725341797,102.61000061035156,CL=F
2014-05-20,102.5999984741211,102.44000244140625,CL=F
2014-05-21,102.95999908447266,104.06999969482422,CL=F
2014-05-22,103.8499984741211,103.73999786376953,CL=F
2014-05-23,103.70999908447266,104.3499984741211,CL=F
2014-05-27,104.33999633789062,104.11000061035156,CL=F
2014-05-28,104.13999938964844,102.72000122070312,CL=F
2014-05-29,103.05999755859375,103.58000183105469,CL=F
2014-05-30,103.51000213623047,102.70999908447266,CL=F
2014-06-02,102.91999816894531,102.47000122070312,CL=F
2014-06-03,102.44000244140625,102.66000366210938,CL=F
2014-06-04,102.79000091552734,102.63999938964844,CL=F
2014-06-05,102.37000274658203,102.4800033569336,CL=F
2014-06-06,102.44000244140625,102.66000366210938,CL=F
2014-06-09,102.77999877929688,104.41000366210938,CL=F
2014-06-10,104.45999908447266,104.3499984741211,CL=F
2014-06-11,104.30000305175781,104.4000015258789,CL=F
2014-06-12,104.47000122070312,106.52999877929688,CL=F
2014-06-13,106.83999633789062,106.91000366210938,CL=F
2014-06-16,106.87999725341797,106.9000015258789,CL=F
2014-06-17,106.58999633789062,106.36000061035156,CL=F
2014-06-18,106.5999984741211,105.97000122070312,CL=F
2014-06-19,106.11000061035156,106.43000030517578,CL=F
2014-06-20,106.5999984741211,107.26000213623047,CL=F
2014-06-23,107.41999816894531,106.16999816894531,CL=F
2014-06-24,106.0199966430664,106.02999877929688,CL=F
2014-06-25,106.13999938964844,106.5,CL=F
2014-06-26,106.70999908447266,105.83999633789062,CL=F
2014-06-27,105.63999938964844,105.73999786376953,CL=F
2014-06-30,105.69000244140625,105.37000274658203,CL=F
2014-07-01,105.44000244140625,105.33999633789062,CL=F
2014-07-02,105.20999908447266,104.4800033569336,CL=F
2014-07-03,104.2699966430664,104.05999755859375,CL=F
2014-07-07,104.05999755859375,103.52999877929688,CL=F
2014-07-08,103.38999938964844,103.4000015258789,CL=F
2014-07-09,103.44999694824219,102.29000091552734,CL=F
2014-07-10,101.94999694824219,102.93000030517578,CL=F
2014-07-11,102.86000061035156,100.83000183105469,CL=F
2014-07-14,100.45999908447266,100.91000366210938,CL=F
2014-07-15,100.93000030517578,99.95999908447266,CL=F
2014-07-16,100.20999908447266,101.19999694824219,CL=F
2014-07-17,101.48999786376953,103.19000244140625,CL=F
2014-07-18,103.72000122070312,103.12999725341797,CL=F
2014-07-21,102.97000122070312,104.58999633789062,CL=F
2014-07-22,104.58000183105469,104.41999816894531,CL=F
2014-07-23,101.95999908447266,103.12000274658203,CL=F
2014-07-24,103.19999694824219,102.06999969482422,CL=F
2014-07-25,102.04000091552734,102.08999633789062,CL=F
2014-07-28,101.87000274658203,101.66999816894531,CL=F
2014-07-29,101.5999984741211,100.97000122070312,CL=F
2014-07-30,101.02999877929688,100.2699966430664,CL=F
2014-07-31,99.47000122070312,98.16999816894531,CL=F
2014-08-01,97.69999694824219,97.87999725341797,CL=F
2014-08-04,97.66999816894531,98.29000091552734,CL=F
2014-08-05,98.41000366210938,97.37999725341797,CL=F
2014-08-06,97.62000274658203,96.91999816894531,CL=F
2014-08-07,96.88999938964844,97.33999633789062,CL=F
2014-08-08,97.63999938964844,97.6500015258789,CL=F
2014-08-11,97.54000091552734,98.08000183105469,CL=F
2014-08-12,97.83999633789062,97.37000274658203,CL=F
2014-08-13,97.19999694824219,97.58999633789062,CL=F
2014-08-14,97.30000305175781,95.58000183105469,CL=F
2014-08-15,95.5,97.3499984741211,CL=F
2014-08-18,97.0999984741211,96.41000366210938,CL=F
2014-08-19,96.55999755859375,94.4800033569336,CL=F
2014-08-20,94.69999694824219,96.06999969482422,CL=F
2014-08-21,93.48999786376953,93.95999908447266,CL=F
2014-08-22,93.88999938964844,93.6500015258789,CL=F
2014-08-25,93.33999633789062,93.3499984741211,CL=F
2014-08-26,93.36000061035156,93.86000061035156,CL=F
2014-08-27,93.87999725341797,93.87999725341797,CL=F
2014-08-28,93.75,94.55000305175781,CL=F
2014-08-29,94.55999755859375,95.95999908447266,CL=F
2014-09-02,95.80999755859375,92.87999725341797,CL=F
2014-09-03,93.27999877929688,95.54000091552734,CL=F
2014-09-04,95.06999969482422,94.44999694824219,CL=F
2014-09-05,94.56999969482422,93.29000091552734,CL=F
2014-09-08,93.48999786376953,92.66000366210938,CL=F
2014-09-09,93.11000061035156,92.75,CL=F
2014-09-10,92.79000091552734,91.66999816894531,CL=F
2014-09-11,91.70999908447266,92.83000183105469,CL=F
2014-09-12,93.05000305175781,92.2699966430664,CL=F
2014-09-15,92.12999725341797,92.91999816894531,CL=F
2014-09-16,92.80999755859375,94.87999725341797,CL=F
2014-09-17,94.70999908447266,94.41999816894531,CL=F
2014-09-18,93.97000122070312,93.06999969482422,CL=F
2014-09-19,92.97000122070312,92.41000366210938,CL=F
2014-09-22,92.22000122070312,91.5199966430664,CL=F
2014-09-23,90.69999694824219,91.55999755859375,CL=F
2014-09-24,91.72000122070312,92.80000305175781,CL=F
2014-09-25,92.88999938964844,92.52999877929688,CL=F
2014-09-26,92.47000122070312,93.54000091552734,CL=F
2014-09-29,93.3499984741211,94.56999969482422,CL=F
2014-09-30,94.33999633789062,91.16000366210938,CL=F
2014-10-01,91.36000061035156,90.7300033569336,CL=F
2014-10-02,90.73999786376953,91.01000213623047,CL=F
2014-10-03,91.37999725341797,89.73999786376953,CL=F
2014-10-06,89.7699966430664,90.33999633789062,CL=F
2014-10-07,90.44999694824219,88.8499984741211,CL=F
2014-10-08,88.43000030517578,87.30999755859375,CL=F
2014-10-09,87.7300033569336,85.7699966430664,CL=F
2014-10-10,84.38999938964844,85.81999969482422,CL=F
2014-10-13,85.19999694824219,85.73999786376953,CL=F
2014-10-14,84.9800033569336,81.83999633789062,CL=F
2014-10-15,82.31999969482422,81.77999877929688,CL=F
2014-10-16,81.05999755859375,82.69999694824219,CL=F
2014-10-17,83.18000030517578,82.75,CL=F
2014-10-20,83.12999725341797,82.70999908447266,CL=F
2014-10-21,82.76000213623047,82.80999755859375,CL=F
2014-10-22,82.55000305175781,80.5199966430664,CL=F
2014-10-23,80.41999816894531,82.08999633789062,CL=F
2014-10-24,81.94999694824219,81.01000213623047,CL=F
2014-10-27,81.2699966430664,81.0,CL=F
2014-10-28,80.63999938964844,81.41999816894531,CL=F
2014-10-29,81.55000305175781,82.19999694824219,CL=F
2014-10-30,81.93000030517578,81.12000274658203,CL=F
2014-10-31,81.04000091552734,80.54000091552734,CL=F
2014-11-03,80.58999633789062,78.77999877929688,CL=F
2014-11-04,78.22000122070312,77.19000244140625,CL=F
2014-11-05,77.36000061035156,78.68000030517578,CL=F
2014-11-06,78.87000274658203,77.91000366210938,CL=F
2014-11-07,77.86000061035156,78.6500015258789,CL=F
2014-11-10,78.5,77.4000015258789,CL=F
2014-11-11,77.18000030517578,77.94000244140625,CL=F
2014-11-12,77.5,77.18000030517578,CL=F
2014-11-13,76.94999694824219,74.20999908447266,CL=F
2014-11-14,74.36000061035156,75.81999969482422,CL=F
2014-11-17,75.93000030517578,75.63999938964844,CL=F
2014-11-18,75.48999786376953,74.61000061035156,CL=F
2014-11-19,74.2300033569336,74.58000183105469,CL=F
2014-11-20,74.25,75.58000183105469,CL=F
2014-11-21,76.29000091552734,76.51000213623047,CL=F
2014-11-24,76.62000274658203,75.77999877929688,CL=F
2014-11-25,75.51000213623047,74.08999633789062,CL=F
2014-11-26,73.87000274658203,73.69000244140625,CL=F
2014-11-28,73.5,66.1500015258789,CL=F
2014-12-01,66.0,69.0,CL=F
2014-12-02,69.23999786376953,66.87999725341797,CL=F
2014-12-03,67.5999984741211,67.37999725341797,CL=F
2014-12-04,67.4000015258789,66.80999755859375,CL=F
2014-12-05,66.80000305175781,65.83999633789062,CL=F
2014-12-08,65.45999908447266,63.04999923706055,CL=F
2014-12-09,63.0099983215332,63.81999969482422,CL=F
2014-12-10,63.33000183105469,60.939998626708984,CL=F
2014-12-11,61.119998931884766,59.95000076293945,CL=F
2014-12-12,59.16999816894531,57.810001373291016,CL=F
2014-12-15,57.06999969482422,55.90999984741211,CL=F
2014-12-16,55.400001525878906,55.93000030517578,CL=F
2014-12-17,55.5,56.470001220703125,CL=F
2014-12-18,55.83000183105469,54.11000061035156,CL=F
2014-12-19,55.5,56.52000045776367,CL=F
2014-12-22,57.75,55.2599983215332,CL=F
2014-12-23,55.38999938964844,57.119998931884766,CL=F
2014-12-24,56.79999923706055,55.84000015258789,CL=F
2014-12-26,55.86000061035156,54.72999954223633,CL=F
2014-12-29,55.04999923706055,53.61000061035156,CL=F
2014-12-30,53.720001220703125,54.119998931884766,CL=F
2014-12-31,53.869998931884766,53.27000045776367,CL=F
2015-01-02,53.7599983215332,52.689998626708984,CL=F
2015-01-05,52.61000061035156,50.040000915527344,CL=F
2015-01-06,50.0,47.93000030517578,CL=F
2015-01-07,48.0,48.650001525878906,CL=F
2015-01-08,48.779998779296875,48.790000915527344,CL=F
2015-01-09,48.91999816894531,48.36000061035156,CL=F
2015-01-12,48.189998626708984,46.06999969482422,CL=F
2015-01-13,45.689998626708984,45.88999938964844,CL=F
2015-01-14,46.15999984741211,48.47999954223633,CL=F
2015-01-15,48.599998474121094,46.25,CL=F
2015-01-16,46.349998474121094,48.689998626708984,CL=F
2015-01-20,48.689998626708984,46.38999938964844,CL=F
2015-01-21,46.689998626708984,47.779998779296875,CL=F
2015-01-22,47.349998474121094,46.310001373291016,CL=F
2015-01-23,46.630001068115234,45.59000015258789,CL=F
2015-01-26,45.20000076293945,45.150001525878906,CL=F
2015-01-27,45.130001068115234,46.22999954223633,CL=F
2015-01-28,45.83000183105469,44.45000076293945,CL=F
2015-01-29,44.43000030517578,44.529998779296875,CL=F
2015-01-30,44.630001068115234,48.2400016784668,CL=F
2015-02-02,47.59000015258789,49.56999969482422,CL=F
2015-02-03,49.790000915527344,53.04999923706055,CL=F
2015-02-04,51.66999816894531,48.45000076293945,CL=F
2015-02-05,48.66999816894531,50.47999954223633,CL=F
2015-02-06,50.86000061035156,51.689998626708984,CL=F
2015-02-09,52.0099983215332,52.86000061035156,CL=F
2015-02-10,52.43000030517578,50.02000045776367,CL=F
2015-02-11,50.97999954223633,48.84000015258789,CL=F
2015-02-12,49.41999816894531,51.209999084472656,CL=F
2015-02-13,51.349998474121094,52.779998779296875,CL=F
2015-02-17,52.75,53.529998779296875,CL=F
2015-02-18,53.2400016784668,52.13999938964844,CL=F
2015-02-19,50.54999923706055,51.15999984741211,CL=F
2015-02-20,51.2400016784668,50.34000015258789,CL=F
2015-02-23,50.75,49.45000076293945,CL=F
2015-02-24,49.41999816894531,49.279998779296875,CL=F
2015-02-25,49.15999984741211,50.9900016784668,CL=F
2015-02-26,51.0,48.16999816894531,CL=F
2015-02-27,48.970001220703125,49.7599983215332,CL=F
2015-03-02,49.45000076293945,49.59000015258789,CL=F
2015-03-03,49.79999923706055,50.52000045776367,CL=F
2015-03-04,50.61000061035156,51.529998779296875,CL=F
2015-03-05,51.619998931884766,50.7599983215332,CL=F
2015-03-06,50.88999938964844,49.61000061035156,CL=F
2015-03-09,49.599998474121094,50.0,CL=F
2015-03-10,50.08000183105469,48.290000915527344,CL=F
2015-03-11,48.77000045776367,48.16999816894531,CL=F
2015-03-12,48.439998626708984,47.04999923706055,CL=F
2015-03-13,46.93000030517578,44.84000015258789,CL=F
2015-03-16,44.810001373291016,43.880001068115234,CL=F
2015-03-17,43.84000015258789,43.459999084472656,CL=F
2015-03-18,42.5099983215332,44.65999984741211,CL=F
2015-03-19,44.599998474121094,43.959999084472656,CL=F
2015-03-20,43.9900016784668,45.720001220703125,CL=F
2015-03-23,46.40999984741211,47.45000076293945,CL=F
2015-03-24,47.459999084472656,47.5099983215332,CL=F
2015-03-25,47.720001220703125,49.209999084472656,CL=F
2015-03-26,49.02000045776367,51.43000030517578,CL=F
2015-03-27,51.0099983215332,48.869998931884766,CL=F
2015-03-30,48.56999969482422,48.68000030517578,CL=F
2015-03-31,48.72999954223633,47.599998474121094,CL=F
2015-04-01,47.54999923706055,50.09000015258789,CL=F
2015-04-02,49.59000015258789,49.13999938964844,CL=F
2015-04-06,49.470001220703125,52.13999938964844,CL=F
2015-04-07,51.95000076293945,53.97999954223633,CL=F
2015-04-08,53.18000030517578,50.41999816894531,CL=F
2015-04-09,51.0,50.790000915527344,CL=F
2015-04-10,50.72999954223633,51.63999938964844,CL=F
2015-04-13,51.810001373291016,51.90999984741211,CL=F
2015-04-14,52.04999923706055,53.290000915527344,CL=F
2015-04-15,53.54999923706055,56.38999938964844,CL=F
2015-04-16,55.91999816894531,56.709999084472656,CL=F
2015-04-17,56.560001373291016,55.7400016784668,CL=F
2015-04-20,56.15999984741211,56.380001068115234,CL=F
2015-04-21,56.40999984741211,55.2599983215332,CL=F
2015-04-22,56.34000015258789,56.15999984741211,CL=F
2015-04-23,56.279998779296875,57.7400016784668,CL=F
2015-04-24,57.529998779296875,57.150001525878906,CL=F
2015-04-27,57.29999923706055,56.9900016784668,CL=F
2015-04-28,56.650001525878906,57.060001373291016,CL=F
2015-04-29,56.93000030517578,58.58000183105469,CL=F
2015-04-30,58.54999923706055,59.630001068115234,CL=F
2015-05-01,59.790000915527344,59.150001525878906,CL=F
2015-05-04,59.29999923706055,58.93000030517578,CL=F
2015-05-05,58.95000076293945,60.400001525878906,CL=F
2015-05-06,60.720001220703125,60.93000030517578,CL=F
2015-05-07,60.689998626708984,58.939998626708984,CL=F
2015-05-08,59.02000045776367,59.38999938964844,CL=F
2015-05-11,59.43000030517578,59.25,CL=F
2015-05-12,59.27000045776367,60.75,CL=F
2015-05-13,61.22999954223633,60.5,CL=F
2015-05-14,60.099998474121094,59.880001068115234,CL=F
2015-05-15,59.66999816894531,59.689998626708984,CL=F
2015-05-18,59.849998474121094,59.43000030517578,CL=F
2015-05-19,59.540000915527344,57.2599983215332,CL=F
2015-05-20,58.31999969482422,58.97999954223633,CL=F
2015-05-21,58.810001373291016,60.720001220703125,CL=F
2015-05-22,60.65999984741211,59.720001220703125,CL=F
2015-05-26,60.04999923706055,58.029998779296875,CL=F
2015-05-27,58.31999969482422,57.5099983215332,CL=F
2015-05-28,57.630001068115234,57.68000030517578,CL=F
2015-05-29,57.970001220703125,60.29999923706055,CL=F
2015-06-01,60.290000915527344,60.20000076293945,CL=F
2015-06-02,60.18000030517578,61.2599983215332,CL=F
2015-06-03,61.02000045776367,59.63999938964844,CL=F
2015-06-04,59.56999969482422,58.0,CL=F
2015-06-05,57.9900016784668,59.130001068115234,CL=F
2015-06-08,58.959999084472656,58.13999938964844,CL=F
2015-06-09,58.310001373291016,60.13999938964844,CL=F
2015-06-10,60.58000183105469,61.43000030517578,CL=F
2015-06-11,61.13999938964844,60.77000045776367,CL=F
2015-06-12,60.54999923706055,59.959999084472656,CL=F
2015-06-15,59.900001525878906,59.52000045776367,CL=F
2015-06-16,59.599998474121094,59.970001220703125,CL=F
2015-06-17,60.029998779296875,59.91999816894531,CL=F
2015-06-18,59.779998779296875,60.45000076293945,CL=F
2015-06-19,60.5,59.61000061035156,CL=F
2015-06-22,59.439998626708984,59.68000030517578,CL=F
2015-06-23,60.209999084472656,61.0099983215332,CL=F
2015-06-24,61.13999938964844,60.27000045776367,CL=F
2015-06-25,60.220001220703125,59.70000076293945,CL=F
2015-06-26,59.65999984741211,59.630001068115234,CL=F
2015-06-29,58.84000015258789,58.33000183105469,CL=F
2015-06-30,58.27000045776367,59.470001220703125,CL=F
2015-07-01,58.97999954223633,56.959999084472656,CL=F
2015-07-02,56.869998931884766,56.93000030517578,CL=F
2015-07-06,54.900001525878906,52.529998779296875,CL=F
2015-07-07,52.75,52.33000183105469,CL=F
2015-07-08,52.90999984741211,51.650001525878906,CL=F
2015-07-09,51.83000183105469,52.779998779296875,CL=F
2015-07-10,52.47999954223633,52.7400016784668,CL=F
2015-07-13,52.150001525878906,52.20000076293945,CL=F
2015-07-14,52.0,53.040000915527344,CL=F
2015-07-15,53.400001525878906,51.40999984741211,CL=F
2015-07-16,51.619998931884766,50.90999984741211,CL=F
2015-07-17,50.90999984741211,50.88999938964844,CL=F
2015-07-20,50.7599983215332,50.150001525878906,CL=F
2015-07-21,49.95000076293945,50.36000061035156,CL=F
2015-07-22,50.709999084472656,49.189998626708984,CL=F
2015-07-23,49.22999954223633,48.45000076293945,CL=F
2015-07-24,48.790000915527344,48.13999938964844,CL=F
2015-07-27,48.0,47.38999938964844,CL=F
2015-07-28,47.02000045776367,47.97999954223633,CL=F
2015-07-29,47.810001373291016,48.790000915527344,CL=F
2015-07-30,48.83000183105469,48.52000045776367,CL=F
2015-07-31,48.470001220703125,47.119998931884766,CL=F
2015-08-03,46.86000061035156,45.16999816894531,CL=F
2015-08-04,45.349998474121094,45.7400016784668,CL=F
2015-08-05,45.959999084472656,45.150001525878906,CL=F
2015-08-06,45.15999984741211,44.65999984741211,CL=F
2015-08-07,44.81999969482422,43.869998931884766,CL=F
2015-08-10,43.58000183105469,44.959999084472656,CL=F
2015-08-11,44.810001373291016,43.08000183105469,CL=F
2015-08-12,43.27000045776367,43.29999923706055,CL=F
2015-08-13,43.34000015258789,42.22999954223633,CL=F
2015-08-14,42.22999954223633,42.5,CL=F
2015-08-17,42.18000030517578,41.869998931884766,CL=F
2015-08-18,41.880001068115234,42.619998931884766,CL=F
2015-08-19,42.40999984741211,40.79999923706055,CL=F
2015-08-20,40.58000183105469,41.13999938964844,CL=F
2015-08-21,41.029998779296875,40.45000076293945,CL=F
2015-08-24,40.29999923706055,38.2400016784668,CL=F
2015-08-25,38.18000030517578,39.310001373291016,CL=F
2015-08-26,39.689998626708984,38.599998474121094,CL=F
2015-08-27,38.959999084472656,42.560001373291016,CL=F
2015-08-28,42.68000030517578,45.220001220703125,CL=F
2015-08-31,45.0,49.20000076293945,CL=F
2015-09-01,48.099998474121094,45.40999984741211,CL=F
2015-09-02,44.2599983215332,46.25,CL=F
2015-09-03,46.11000061035156,46.75,CL=F
2015-09-04,46.68000030517578,46.04999923706055,CL=F
2015-09-08,45.81999969482422,45.939998626708984,CL=F
2015-09-09,45.790000915527344,44.150001525878906,CL=F
2015-09-10,44.15999984741211,45.91999816894531,CL=F
2015-09-11,45.709999084472656,44.630001068115234,CL=F
2015-09-14,44.779998779296875,44.0,CL=F
2015-09-15,44.11000061035156,44.59000015258789,CL=F
2015-09-16,45.15999984741211,47.150001525878906,CL=F
2015-09-17,47.130001068115234,46.900001525878906,CL=F
2015-09-18,46.88999938964844,44.68000030517578,CL=F
2015-09-21,44.970001220703125,46.68000030517578,CL=F
2015-09-22,46.45000076293945,45.83000183105469,CL=F
2015-09-23,46.540000915527344,44.47999954223633,CL=F
2015-09-24,44.619998931884766,44.90999984741211,CL=F
2015-09-25,45.04999923706055,45.70000076293945,CL=F
2015-09-28,45.380001068115234,44.43000030517578,CL=F
2015-09-29,44.5,45.22999954223633,CL=F
2015-09-30,44.91999816894531,45.09000015258789,CL=F
2015-10-01,45.380001068115234,44.7400016784668,CL=F
2015-10-02,45.06999969482422,45.540000915527344,CL=F
2015-10-05,45.650001525878906,46.2599983215332,CL=F
2015-10-06,46.20000076293945,48.529998779296875,CL=F
2015-10-07,49.0,47.810001373291016,CL=F
2015-10-08,48.11000061035156,49.43000030517578,CL=F
2015-10-09,49.689998626708984,49.630001068115234,CL=F
2015-10-12,49.5099983215332,47.099998474121094,CL=F
2015-10-13,47.459999084472656,46.65999984741211,CL=F
2015-10-14,46.689998626708984,46.63999938964844,CL=F
2015-10-15,46.279998779296875,46.380001068115234,CL=F
2015-10-16,46.869998931884766,47.2599983215332,CL=F
2015-10-19,47.27000045776367,45.88999938964844,CL=F
2015-10-20,46.25,45.54999923706055,CL=F
2015-10-21,45.880001068115234,45.20000076293945,CL=F
2015-10-22,45.27000045776367,45.380001068115234,CL=F
2015-10-23,45.439998626708984,44.599998474121094,CL=F
2015-10-26,44.7400016784668,43.97999954223633,CL=F
2015-10-27,43.779998779296875,43.20000076293945,CL=F
2015-10-28,43.439998626708984,45.939998626708984,CL=F
2015-10-29,46.060001373291016,46.060001373291016,CL=F
2015-10-30,45.7400016784668,46.59000015258789,CL=F
2015-11-02,46.43000030517578,46.13999938964844,CL=F
2015-11-03,46.11000061035156,47.900001525878906,CL=F
2015-11-04,47.7400016784668,46.31999969482422,CL=F
2015-11-05,46.56999969482422,45.20000076293945,CL=F
2015-11-06,45.40999984741211,44.290000915527344,CL=F
2015-11-09,44.52000045776367,43.869998931884766,CL=F
2015-11-10,44.099998474121094,44.209999084472656,CL=F
2015-11-11,43.630001068115234,42.93000030517578,CL=F
2015-11-12,43.04999923706055,41.75,CL=F
2015-11-13,41.61000061035156,40.7400016784668,CL=F
2015-11-16,40.91999816894531,41.7400016784668,CL=F
2015-11-17,41.959999084472656,40.66999816894531,CL=F
2015-11-18,41.11000061035156,40.75,CL=F
2015-11-19,40.720001220703125,40.540000915527344,CL=F
2015-11-20,40.540000915527344,40.38999938964844,CL=F
2015-11-23,41.4900016784668,41.75,CL=F
2015-11-24,42.040000915527344,42.869998931884766,CL=F
2015-11-25,42.689998626708984,43.040000915527344,CL=F
2015-11-27,43.25,41.709999084472656,CL=F
2015-11-30,41.77000045776367,41.650001525878906,CL=F
2015-12-01,41.72999954223633,41.849998474121094,CL=F
2015-12-02,41.689998626708984,39.939998626708984,CL=F
2015-12-03,40.150001525878906,41.08000183105469,CL=F
2015-12-04,41.310001373291016,39.970001220703125,CL=F
2015-12-07,40.099998474121094,37.650001525878906,CL=F
2015-12-08,37.68000030517578,37.5099983215332,CL=F
2015-12-09,37.86000061035156,37.15999984741211,CL=F
2015-12-10,37.27000045776367,36.7599983215332,CL=F
2015-12-11,36.630001068115234,35.619998931884766,CL=F
2015-12-14,35.400001525878906,36.310001373291016,CL=F
2015-12-15,36.31999969482422,37.349998474121094,CL=F
2015-12-16,36.790000915527344,35.52000045776367,CL=F
2015-12-17,35.79999923706055,34.95000076293945,CL=F
2015-12-18,34.869998931884766,34.72999954223633,CL=F
2015-12-21,34.58000183105469,34.7400016784668,CL=F
2015-12-22,35.79999923706055,36.13999938964844,CL=F
2015-12-23,36.470001220703125,37.5,CL=F
2015-12-24,37.86000061035156,38.099998474121094,CL=F
2015-12-28,38.0,36.810001373291016,CL=F
2015-12-29,36.70000076293945,37.869998931884766,CL=F
2015-12-30,37.36000061035156,36.599998474121094,CL=F
2015-12-31,36.810001373291016,37.040000915527344,CL=F
2016-01-04,37.599998474121094,36.7599983215332,CL=F
2016-01-05,36.900001525878906,35.970001220703125,CL=F
2016-01-06,36.18000030517578,33.970001220703125,CL=F
2016-01-07,34.09000015258789,33.27000045776367,CL=F
2016-01-08,33.29999923706055,33.15999984741211,CL=F
2016-01-11,32.939998626708984,31.40999984741211,CL=F
2016-01-12,31.110000610351562,30.440000534057617,CL=F
2016-01-13,30.540000915527344,30.479999542236328,CL=F
2016-01-14,30.600000381469727,31.200000762939453,CL=F
2016-01-15,31.18000030517578,29.420000076293945,CL=F
2016-01-19,29.200000762939453,28.459999084472656,CL=F
2016-01-20,28.329999923706055,26.549999237060547,CL=F
2016-01-21,28.350000381469727,29.530000686645508,CL=F
2016-01-22,29.84000015258789,32.189998626708984,CL=F
2016-01-25,32.04999923706055,30.34000015258789,CL=F
2016-01-26,29.809999465942383,31.450000762939453,CL=F
2016-01-27,30.549999237060547,32.29999923706055,CL=F
2016-01-28,32.189998626708984,33.220001220703125,CL=F
2016-01-29,33.70000076293945,33.619998931884766,CL=F
2016-02-01,33.83000183105469,31.6200008392334,CL=F
2016-02-02,31.3700008392334,29.8799991607666,CL=F
2016-02-03,29.75,32.279998779296875,CL=F
2016-02-04,32.709999084472656,31.719999313354492,CL=F
2016-02-05,31.639999389648438,30.889999389648438,CL=F
2016-02-08,30.969999313354492,29.690000534057617,CL=F
2016-02-09,30.170000076293945,27.940000534057617,CL=F
2016-02-10,28.360000610351562,27.450000762939453,CL=F
2016-02-11,27.34000015258789,26.209999084472656,CL=F
2016-02-12,27.299999237060547,29.440000534057617,CL=F
2016-02-16,29.079999923706055,29.040000915527344,CL=F
2016-02-17,29.139999389648438,30.65999984741211,CL=F
2016-02-18,31.350000381469727,30.770000457763672,CL=F
2016-02-19,30.600000381469727,29.639999389648438,CL=F
2016-02-22,29.719999313354492,31.479999542236328,CL=F
2016-02-23,33.34000015258789,31.8700008392334,CL=F
2016-02-24,31.280000686645508,32.150001525878906,CL=F
2016-02-25,32.189998626708984,33.06999969482422,CL=F
2016-02-26,33.040000915527344,32.779998779296875,CL=F
2016-02-29,32.720001220703125,33.75,CL=F
2016-03-01,33.900001525878906,34.400001525878906,CL=F
2016-03-02,33.88999938964844,34.65999984741211,CL=F
2016-03-03,34.72999954223633,34.56999969482422,CL=F
2016-03-04,34.65999984741211,35.91999816894531,CL=F
2016-03-07,36.20000076293945,37.900001525878906,CL=F
2016-03-08,37.939998626708984,36.5,CL=F
2016-03-09,36.36000061035156,38.290000915527344,CL=F
2016-03-10,38.16999816894531,37.84000015258789,CL=F
2016-03-11,37.9900016784668,38.5,CL=F
2016-03-14,38.16999816894531,37.18000030517578,CL=F
2016-03-15,37.369998931884766,36.34000015258789,CL=F
2016-03-16,36.7400016784668,38.459999084472656,CL=F
2016-03-17,38.59000015258789,40.20000076293945,CL=F
2016-03-18,40.25,39.439998626708984,CL=F
2016-03-21,39.060001373291016,39.90999984741211,CL=F
2016-03-22,41.59000015258789,41.45000076293945,CL=F
2016-03-23,41.189998626708984,39.790000915527344,CL=F
2016-03-24,39.72999954223633,39.459999084472656,CL=F
2016-03-28,39.54999923706055,39.38999938964844,CL=F
2016-03-29,39.31999969482422,38.279998779296875,CL=F
2016-03-30,38.52000045776367,38.31999969482422,CL=F
2016-03-31,38.29999923706055,38.34000015258789,CL=F
2016-04-01,38.13999938964844,36.790000915527344,CL=F
2016-04-04,36.61000061035156,35.70000076293945,CL=F
2016-04-05,35.5,35.88999938964844,CL=F
2016-04-06,36.52000045776367,37.75,CL=F
2016-04-07,37.7599983215332,37.2599983215332,CL=F
2016-04-08,37.52000045776367,39.720001220703125,CL=F
2016-04-11,39.720001220703125,40.36000061035156,CL=F
2016-04-12,40.349998474121094,42.16999816894531,CL=F
2016-04-13,41.630001068115234,41.7599983215332,CL=F
2016-04-14,41.540000915527344,41.5,CL=F
2016-04-15,41.43000030517578,40.36000061035156,CL=F
2016-04-18,38.75,39.779998779296875,CL=F
2016-04-19,40.040000915527344,41.08000183105469,CL=F
2016-04-20,40.79999923706055,42.630001068115234,CL=F
2016-04-21,43.970001220703125,43.18000030517578,CL=F
2016-04-22,43.41999816894531,43.72999954223633,CL=F
2016-04-25,43.75,42.63999938964844,CL=F
2016-04-26,42.959999084472656,44.040000915527344,CL=F
2016-04-27,44.63999938964844,45.33000183105469,CL=F
2016-04-28,45.29999923706055,46.029998779296875,CL=F
2016-04-29,45.900001525878906,45.91999816894531,CL=F
2016-05-02,45.900001525878906,44.779998779296875,CL=F
2016-05-03,44.91999816894531,43.650001525878906,CL=F
2016-05-04,43.849998474121094,43.779998779296875,CL=F
2016-05-05,44.040000915527344,44.31999969482422,CL=F
2016-05-06,44.52000045776367,44.65999984741211,CL=F
2016-05-09,45.0,43.439998626708984,CL=F
2016-05-10,43.25,44.65999984741211,CL=F
2016-05-11,44.599998474121094,46.22999954223633,CL=F
2016-05-12,46.0,46.70000076293945,CL=F
2016-05-13,46.40999984741211,46.209999084472656,CL=F
2016-05-16,46.279998779296875,47.720001220703125,CL=F
2016-05-17,47.900001525878906,48.310001373291016,CL=F
2016-05-18,48.529998779296875,48.189998626708984,CL=F
2016-05-19,47.869998931884766,48.15999984741211,CL=F
2016-05-20,48.20000076293945,47.75,CL=F
2016-05-23,48.459999084472656,48.08000183105469,CL=F
2016-05-24,48.08000183105469,48.619998931884766,CL=F
2016-05-25,49.09000015258789,49.560001373291016,CL=F
2016-05-26,49.70000076293945,49.47999954223633,CL=F
2016-05-27,49.310001373291016,49.33000183105469,CL=F
2016-05-31,49.540000915527344,49.099998474121094,CL=F
2016-06-01,48.81999969482422,49.0099983215332,CL=F
2016-06-02,48.900001525878906,49.16999816894531,CL=F
2016-06-03,49.040000915527344,48.619998931884766,CL=F
2016-06-06,48.880001068115234,49.689998626708984,CL=F
2016-06-07,49.709999084472656,50.36000061035156,CL=F
2016-06-08,50.40999984741211,51.22999954223633,CL=F
2016-06-09,51.45000076293945,50.560001373291016,CL=F
2016-06-10,50.470001220703125,49.06999969482422,CL=F
2016-06-13,48.849998474121094,48.880001068115234,CL=F
2016-06-14,48.52000045776367,48.4900016784668,CL=F
2016-06-15,47.900001525878906,48.0099983215332,CL=F
2016-06-16,47.45000076293945,46.209999084472656,CL=F
2016-06-17,45.9900016784668,47.97999954223633,CL=F
2016-06-20,48.290000915527344,49.369998931884766,CL=F
2016-06-21,49.13999938964844,48.849998474121094,CL=F
2016-06-22,50.220001220703125,49.130001068115234,CL=F
2016-06-23,49.08000183105469,50.11000061035156,CL=F
2016-06-24,50.29999923706055,47.63999938964844,CL=F
2016-06-27,47.810001373291016,46.33000183105469,CL=F
2016-06-28,46.59000015258789,47.849998474121094,CL=F
2016-06-29,48.060001373291016,49.880001068115234,CL=F
2016-06-30,49.54999923706055,48.33000183105469,CL=F
2016-07-01,48.380001068115234,48.9900016784668,CL=F
2016-07-05,49.11000061035156,46.599998474121094,CL=F
2016-07-06,46.83000183105469,47.43000030517578,CL=F
2016-07-07,47.880001068115234,45.13999938964844,CL=F
2016-07-08,45.189998626708984,45.40999984741211,CL=F
2016-07-11,45.06999969482422,44.7599983215332,CL=F
2016-07-12,44.58000183105469,46.79999923706055,CL=F
2016-07-13,46.58000183105469,44.75,CL=F
2016-07-14,45.13999938964844,45.68000030517578,CL=F
2016-07-15,45.52000045776367,45.95000076293945,CL=F
2016-07-18,46.119998931884766,45.2400016784668,CL=F
2016-07-19,45.22999954223633,44.650001525878906,CL=F
2016-07-20,44.59000015258789,44.939998626708984,CL=F
2016-07-21,45.650001525878906,44.75,CL=F
2016-07-22,44.599998474121094,44.189998626708984,CL=F
2016-07-25,44.20000076293945,43.130001068115234,CL=F
2016-07-26,43.06999969482422,42.91999816894531,CL=F
2016-07-27,42.65999984741211,41.91999816894531,CL=F
2016-07-28,41.93000030517578,41.13999938964844,CL=F
2016-07-29,41.119998931884766,41.599998474121094,CL=F
2016-08-01,41.349998474121094,40.060001373291016,CL=F
2016-08-02,40.08000183105469,39.5099983215332,CL=F
2016-08-03,39.70000076293945,40.83000183105469,CL=F
2016-08-04,41.15999984741211,41.93000030517578,CL=F
2016-08-05,41.84000015258789,41.79999923706055,CL=F
2016-08-08,41.9900016784668,43.02000045776367,CL=F
2016-08-09,42.83000183105469,42.77000045776367,CL=F
2016-08-10,42.7400016784668,41.709999084472656,CL=F
2016-08-11,41.47999954223633,43.4900016784668,CL=F
2016-08-12,43.459999084472656,44.4900016784668,CL=F
2016-08-15,44.7400016784668,45.7400016784668,CL=F
2016-08-16,45.59000015258789,46.58000183105469,CL=F
2016-08-17,46.369998931884766,46.790000915527344,CL=F
2016-08-18,46.900001525878906,48.220001220703125,CL=F
2016-08-19,48.33000183105469,48.52000045776367,CL=F
2016-08-22,48.400001525878906,47.04999923706055,CL=F
2016-08-23,47.38999938964844,48.099998474121094,CL=F
2016-08-24,47.59000015258789,46.77000045776367,CL=F
2016-08-25,46.79999923706055,47.33000183105469,CL=F
2016-08-26,47.369998931884766,47.63999938964844,CL=F
2016-08-29,47.220001220703125,46.97999954223633,CL=F
2016-08-30,46.97999954223633,46.349998474121094,CL=F
2016-08-31,46.2400016784668,44.70000076293945,CL=F
2016-09-01,44.849998474121094,43.15999984741211,CL=F
2016-09-02,43.54999923706055,44.439998626708984,CL=F
2016-09-06,44.150001525878906,44.83000183105469,CL=F
2016-09-07,44.849998474121094,45.5,CL=F
2016-09-08,46.119998931884766,47.619998931884766,CL=F
2016-09-09,47.36000061035156,45.880001068115234,CL=F
2016-09-12,45.56999969482422,46.290000915527344,CL=F
2016-09-13,46.060001373291016,44.900001525878906,CL=F
2016-09-14,45.0,43.58000183105469,CL=F
2016-09-15,43.70000076293945,43.90999984741211,CL=F
2016-09-16,43.709999084472656,43.029998779296875,CL=F
2016-09-19,43.18000030517578,43.29999923706055,CL=F
2016-09-20,43.130001068115234,43.439998626708984,CL=F
2016-09-21,44.5,45.34000015258789,CL=F
2016-09-22,45.619998931884766,46.31999969482422,CL=F
2016-09-23,46.06999969482422,44.47999954223633,CL=F
2016-09-26,44.619998931884766,45.93000030517578,CL=F
2016-09-27,45.619998931884766,44.66999816894531,CL=F
2016-09-28,44.959999084472656,47.04999923706055,CL=F
2016-09-29,47.20000076293945,47.83000183105469,CL=F
2016-09-30,47.7599983215332,48.2400016784668,CL=F
2016-10-03,48.040000915527344,48.810001373291016,CL=F
2016-10-04,48.650001525878906,48.689998626708984,CL=F
2016-10-05,49.2599983215332,49.83000183105469,CL=F
2016-10-06,49.650001525878906,50.439998626708984,CL=F
2016-10-07,50.59000015258789,49.810001373291016,CL=F
2016-10-11,51.099998474121094,50.790000915527344,CL=F
2016-10-12,50.84000015258789,50.18000030517578,CL=F
2016-10-13,50.0,50.439998626708984,CL=F
2016-10-14,50.58000183105469,50.349998474121094,CL=F
2016-10-17,50.22999954223633,49.939998626708984,CL=F
2016-10-18,50.040000915527344,50.290000915527344,CL=F
2016-10-19,50.77000045776367,51.599998474121094,CL=F
2016-10-20,51.400001525878906,50.43000030517578,CL=F
2016-10-21,50.65999984741211,50.849998474121094,CL=F
2016-10-24,50.849998474121094,50.52000045776367,CL=F
2016-10-25,50.4900016784668,49.959999084472656,CL=F
2016-10-26,49.310001373291016,49.18000030517578,CL=F
2016-10-27,49.220001220703125,49.720001220703125,CL=F
2016-10-28,49.61000061035156,48.70000076293945,CL=F
2016-10-31,48.25,46.86000061035156,CL=F
2016-11-01,46.77000045776367,46.66999816894531,CL=F
2016-11-02,46.31999969482422,45.34000015258789,CL=F
2016-11-03,45.47999954223633,44.65999984741211,CL=F
2016-11-04,44.630001068115234,44.06999969482422,CL=F
2016-11-07,44.45000076293945,44.88999938964844,CL=F
2016-11-08,44.970001220703125,44.97999954223633,CL=F
2016-11-09,44.81999969482422,45.27000045776367,CL=F
2016-11-10,45.310001373291016,44.65999984741211,CL=F
2016-11-14,43.20000076293945,43.31999969482422,CL=F
2016-11-15,43.7599983215332,45.810001373291016,CL=F
2016-11-16,45.77000045776367,45.56999969482422,CL=F
2016-11-17,45.369998931884766,45.41999816894531,CL=F
2016-11-18,44.93000030517578,45.689998626708984,CL=F
2016-11-21,45.83000183105469,47.4900016784668,CL=F
2016-11-22,48.369998931884766,48.029998779296875,CL=F
2016-11-23,47.939998626708984,47.959999084472656,CL=F
2016-11-25,47.970001220703125,46.060001373291016,CL=F
2016-11-28,45.43000030517578,47.08000183105469,CL=F
2016-11-29,46.880001068115234,45.22999954223633,CL=F
2016-11-30,45.2400016784668,49.439998626708984,CL=F
2016-12-01,49.06999969482422,51.060001373291016,CL=F
2016-12-02,51.0099983215332,51.68000030517578,CL=F
2016-12-05,51.459999084472656,51.790000915527344,CL=F
2016-12-06,50.970001220703125,50.93000030517578,CL=F
2016-12-07,50.93000030517578,49.77000045776367,CL=F
2016-12-08,49.880001068115234,50.84000015258789,CL=F
2016-12-09,50.91999816894531,51.5,CL=F
2016-12-12,52.58000183105469,52.83000183105469,CL=F
2016-12-13,52.5099983215332,52.97999954223633,CL=F
2016-12-14,52.45000076293945,51.040000915527344,CL=F
2016-12-15,50.790000915527344,50.900001525878906,CL=F
2016-12-16,51.099998474121094,51.900001525878906,CL=F
2016-12-19,52.150001525878906,52.119998931884766,CL=F
2016-12-20,52.11000061035156,52.22999954223633,CL=F
2016-12-21,53.560001373291016,52.4900016784668,CL=F
2016-12-22,52.52000045776367,52.95000076293945,CL=F
2016-12-23,52.68000030517578,53.02000045776367,CL=F
2016-12-27,53.290000915527344,53.900001525878906,CL=F
2016-12-28,53.93000030517578,54.060001373291016,CL=F
2016-12-29,53.65999984741211,53.77000045776367,CL=F
2016-12-30,53.869998931884766,53.720001220703125,CL=F
2017-01-03,54.20000076293945,52.33000183105469,CL=F
2017-01-04,52.4900016784668,53.2599983215332,CL=F
2017-01-05,53.38999938964844,53.7599983215332,CL=F
2017-01-06,53.72999954223633,53.9900016784668,CL=F
2017-01-09,53.75,51.959999084472656,CL=F
2017-01-10,51.83000183105469,50.81999969482422,CL=F
2017-01-11,50.810001373291016,52.25,CL=F
2017-01-12,52.369998931884766,53.0099983215332,CL=F
2017-01-13,53.04999923706055,52.369998931884766,CL=F
2017-01-17,52.54999923706055,52.47999954223633,CL=F
2017-01-18,52.52000045776367,51.08000183105469,CL=F
2017-01-19,51.38999938964844,51.369998931884766,CL=F
2017-01-20,51.45000076293945,52.41999816894531,CL=F
2017-01-23,53.33000183105469,52.75,CL=F
2017-01-24,52.86000061035156,53.18000030517578,CL=F
2017-01-25,52.95000076293945,52.75,CL=F
2017-01-26,52.959999084472656,53.779998779296875,CL=F
2017-01-27,53.7400016784668,53.16999816894531,CL=F
2017-01-30,53.150001525878906,52.630001068115234,CL=F
2017-01-31,52.599998474121094,52.810001373291016,CL=F
2017-02-01,52.7599983215332,53.880001068115234,CL=F
2017-02-02,53.56999969482422,53.540000915527344,CL=F
2017-02-03,53.68000030517578,53.83000183105469,CL=F
2017-02-06,53.810001373291016,53.0099983215332,CL=F
2017-02-07,53.13999938964844,52.16999816894531,CL=F
2017-02-08,51.63999938964844,52.34000015258789,CL=F
2017-02-09,52.369998931884766,53.0,CL=F
2017-02-10,53.150001525878906,53.86000061035156,CL=F
2017-02-13,53.79999923706055,52.93000030517578,CL=F
2017-02-14,52.90999984741211,53.20000076293945,CL=F
2017-02-15,53.0,53.11000061035156,CL=F
2017-02-16,53.0099983215332,53.36000061035156,CL=F
2017-02-17,53.470001220703125,53.400001525878906,CL=F
2017-02-21,53.47999954223633,54.060001373291016,CL=F
2017-02-22,54.2599983215332,53.59000015258789,CL=F
2017-02-23,53.90999984741211,54.45000076293945,CL=F
2017-02-24,54.33000183105469,53.9900016784668,CL=F
2017-02-27,54.02000045776367,54.04999923706055,CL=F
2017-02-28,54.040000915527344,54.0099983215332,CL=F
2017-03-01,53.95000076293945,53.83000183105469,CL=F
2017-03-02,53.689998626708984,52.61000061035156,CL=F
2017-03-03,52.58000183105469,53.33000183105469,CL=F
2017-03-06,53.189998626708984,53.20000076293945,CL=F
2017-03-07,53.16999816894531,53.13999938964844,CL=F
2017-03-08,52.790000915527344,50.279998779296875,CL=F
2017-03-09,50.220001220703125,49.279998779296875,CL=F
2017-03-10,49.61000061035156,48.4900016784668,CL=F
2017-03-13,48.45000076293945,48.400001525878906,CL=F
2017-03-14,48.45000076293945,47.720001220703125,CL=F
2017-03-15,48.7599983215332,48.86000061035156,CL=F
2017-03-16,49.0099983215332,48.75,CL=F
2017-03-17,48.790000915527344,48.779998779296875,CL=F
2017-03-20,48.70000076293945,48.220001220703125,CL=F
2017-03-21,47.93000030517578,47.34000015258789,CL=F
2017-03-22,48.15999984741211,48.040000915527344,CL=F
2017-03-23,48.150001525878906,47.70000076293945,CL=F
2017-03-24,47.66999816894531,47.970001220703125,CL=F
2017-03-27,48.119998931884766,47.72999954223633,CL=F
2017-03-28,47.88999938964844,48.369998931884766,CL=F
2017-03-29,48.470001220703125,49.5099983215332,CL=F
2017-03-30,49.599998474121094,50.349998474121094,CL=F
2017-03-31,50.31999969482422,50.599998474121094,CL=F
2017-04-03,50.689998626708984,50.2400016784668,CL=F
2017-04-04,50.2400016784668,51.029998779296875,CL=F
2017-04-05,51.18000030517578,51.150001525878906,CL=F
2017-04-06,50.79999923706055,51.70000076293945,CL=F
2017-04-07,51.70000076293945,52.2400016784668,CL=F
2017-04-10,52.310001373291016,53.08000183105469,CL=F
2017-04-11,53.130001068115234,53.400001525878906,CL=F
2017-04-12,53.400001525878906,53.11000061035156,CL=F
2017-04-13,52.849998474121094,53.18000030517578,CL=F
2017-04-17,52.970001220703125,52.650001525878906,CL=F
2017-04-18,52.75,52.40999984741211,CL=F
2017-04-19,52.36000061035156,50.439998626708984,CL=F
2017-04-20,50.630001068115234,50.27000045776367,CL=F
2017-04-21,50.709999084472656,49.619998931884766,CL=F
2017-04-24,49.68000030517578,49.22999954223633,CL=F
2017-04-25,49.220001220703125,49.560001373291016,CL=F
2017-04-26,49.36000061035156,49.619998931884766,CL=F
2017-04-27,49.220001220703125,48.970001220703125,CL=F
2017-04-28,49.27000045776367,49.33000183105469,CL=F
2017-05-01,49.16999816894531,48.84000015258789,CL=F
2017-05-02,48.779998779296875,47.65999984741211,CL=F
2017-05-03,48.119998931884766,47.81999969482422,CL=F
2017-05-04,47.599998474121094,45.52000045776367,CL=F
2017-05-05,45.5099983215332,46.220001220703125,CL=F
2017-05-08,46.349998474121094,46.43000030517578,CL=F
2017-05-09,46.4900016784668,45.880001068115234,CL=F
2017-05-10,46.18000030517578,47.33000183105469,CL=F
2017-05-11,47.38999938964844,47.83000183105469,CL=F
2017-05-12,47.810001373291016,47.84000015258789,CL=F
2017-05-15,47.849998474121094,48.849998474121094,CL=F
2017-05-16,48.81999969482422,48.65999984741211,CL=F
2017-05-17,48.22999954223633,49.06999969482422,CL=F
2017-05-18,48.93000030517578,49.349998474121094,CL=F
2017-05-19,49.279998779296875,50.33000183105469,CL=F
2017-05-22,50.599998474121094,50.72999954223633,CL=F
2017-05-23,51.040000915527344,51.470001220703125,CL=F
2017-05-24,51.439998626708984,51.36000061035156,CL=F
2017-05-25,51.25,48.900001525878906,CL=F
2017-05-26,48.75,49.79999923706055,CL=F
2017-05-30,49.93000030517578,49.65999984741211,CL=F
2017-05-31,49.650001525878906,48.31999969482422,CL=F
2017-06-01,48.630001068115234,48.36000061035156,CL=F
2017-06-02,48.040000915527344,47.65999984741211,CL=F
2017-06-05,47.709999084472656,47.400001525878906,CL=F
2017-06-06,47.400001525878906,48.189998626708984,CL=F
2017-06-07,47.97999954223633,45.720001220703125,CL=F
2017-06-08,45.849998474121094,45.63999938964844,CL=F
2017-06-09,45.709999084472656,45.83000183105469,CL=F
2017-06-12,45.79999923706055,46.08000183105469,CL=F
2017-06-13,46.0099983215332,46.459999084472656,CL=F
2017-06-14,45.939998626708984,44.72999954223633,CL=F
2017-06-15,44.689998626708984,44.459999084472656,CL=F
2017-06-16,44.25,44.7400016784668,CL=F
2017-06-19,44.68000030517578,44.20000076293945,CL=F
2017-06-20,44.11000061035156,43.22999954223633,CL=F
2017-06-21,43.380001068115234,42.529998779296875,CL=F
2017-06-22,42.54999923706055,42.7400016784668,CL=F
2017-06-23,42.79999923706055,43.0099983215332,CL=F
2017-06-26,43.15999984741211,43.380001068115234,CL=F
2017-06-27,43.4900016784668,44.2400016784668,CL=F
2017-06-28,43.70000076293945,44.7400016784668,CL=F
2017-06-29,44.88999938964844,44.93000030517578,CL=F
2017-06-30,44.88999938964844,46.040000915527344,CL=F
2017-07-03,46.279998779296875,47.06999969482422,CL=F
2017-07-05,47.040000915527344,45.130001068115234,CL=F
2017-07-06,45.650001525878906,45.52000045776367,CL=F
2017-07-07,45.349998474121094,44.22999954223633,CL=F
2017-07-10,44.349998474121094,44.400001525878906,CL=F
2017-07-11,44.58000183105469,45.040000915527344,CL=F
2017-07-12,45.7400016784668,45.4900016784668,CL=F
2017-07-13,45.439998626708984,46.08000183105469,CL=F
2017-07-14,46.08000183105469,46.540000915527344,CL=F
2017-07-17,46.68000030517578,46.02000045776367,CL=F
2017-07-18,45.9900016784668,46.400001525878906,CL=F
2017-07-19,46.25,47.119998931884766,CL=F
2017-07-20,47.09000015258789,46.790000915527344,CL=F
2017-07-21,46.90999984741211,45.77000045776367,CL=F
2017-07-24,45.619998931884766,46.34000015258789,CL=F
2017-07-25,46.459999084472656,47.88999938964844,CL=F
2017-07-26,48.5099983215332,48.75,CL=F
2017-07-27,48.70000076293945,49.040000915527344,CL=F
2017-07-28,49.16999816894531,49.709999084472656,CL=F
2017-07-31,49.849998474121094,50.16999816894531,CL=F
2017-08-01,50.209999084472656,49.15999984741211,CL=F
2017-08-02,48.79999923706055,49.59000015258789,CL=F
2017-08-03,49.59000015258789,49.029998779296875,CL=F
2017-08-04,48.95000076293945,49.58000183105469,CL=F
2017-08-07,49.59000015258789,49.38999938964844,CL=F
2017-08-08,49.310001373291016,49.16999816894531,CL=F
2017-08-09,49.0,49.560001373291016,CL=F
2017-08-10,49.68000030517578,48.59000015258789,CL=F
2017-08-11,48.52000045776367,48.81999969482422,CL=F
2017-08-14,48.790000915527344,47.59000015258789,CL=F
2017-08-15,47.4900016784668,47.54999923706055,CL=F
2017-08-16,47.720001220703125,46.779998779296875,CL=F
2017-08-17,46.79999923706055,47.09000015258789,CL=F
2017-08-18,46.93000030517578,48.5099983215332,CL=F
2017-08-21,48.720001220703125,47.369998931884766,CL=F
2017-08-22,47.45000076293945,47.63999938964844,CL=F
2017-08-23,47.63999938964844,48.40999984741211,CL=F
2017-08-24,48.36000061035156,47.43000030517578,CL=F
2017-08-25,47.619998931884766,47.869998931884766,CL=F
2017-08-28,47.88999938964844,46.56999969482422,CL=F
2017-08-29,46.86000061035156,46.439998626708984,CL=F
2017-08-30,46.310001373291016,45.959999084472656,CL=F
2017-08-31,45.95000076293945,47.22999954223633,CL=F
2017-09-01,47.08000183105469,47.290000915527344,CL=F
2017-09-05,47.279998779296875,48.65999984741211,CL=F
2017-09-06,48.59000015258789,49.15999984741211,CL=F
2017-09-07,49.13999938964844,49.09000015258789,CL=F
2017-09-08,49.09000015258789,47.47999954223633,CL=F
2017-09-11,47.58000183105469,48.06999969482422,CL=F
2017-09-12,48.119998931884766,48.22999954223633,CL=F
2017-09-13,48.34000015258789,49.29999923706055,CL=F
2017-09-14,49.310001373291016,49.88999938964844,CL=F
2017-09-15,49.720001220703125,49.88999938964844,CL=F
2017-09-18,49.849998474121094,49.90999984741211,CL=F
2017-09-19,49.90999984741211,49.47999954223633,CL=F
2017-09-20,49.84000015258789,50.40999984741211,CL=F
2017-09-21,50.720001220703125,50.54999923706055,CL=F
2017-09-22,50.72999954223633,50.65999984741211,CL=F
2017-09-25,50.68000030517578,52.220001220703125,CL=F
2017-09-26,52.119998931884766,51.880001068115234,CL=F
2017-09-27,52.09000015258789,52.13999938964844,CL=F
2017-09-28,52.04999923706055,51.560001373291016,CL=F
2017-09-29,51.58000183105469,51.66999816894531,CL=F
2017-10-02,51.63999938964844,50.58000183105469,CL=F
2017-10-03,50.59000015258789,50.41999816894531,CL=F
2017-10-04,50.15999984741211,49.97999954223633,CL=F
2017-10-05,49.880001068115234,50.790000915527344,CL=F
2017-10-06,50.75,49.290000915527344,CL=F
2017-10-09,49.25,49.58000183105469,CL=F
2017-10-10,49.54999923706055,50.91999816894531,CL=F
2017-10-11,50.939998626708984,51.29999923706055,CL=F
2017-10-12,51.0,50.599998474121094,CL=F
2017-10-13,50.72999954223633,51.45000076293945,CL=F
2017-10-16,51.43000030517578,51.869998931884766,CL=F
2017-10-17,51.93000030517578,51.880001068115234,CL=F
2017-10-18,51.939998626708984,52.040000915527344,CL=F
2017-10-19,52.04999923706055,51.290000915527344,CL=F
2017-10-20,51.41999816894531,51.470001220703125,CL=F
2017-10-23,52.06999969482422,51.900001525878906,CL=F
2017-10-24,51.88999938964844,52.470001220703125,CL=F
2017-10-25,52.560001373291016,52.18000030517578,CL=F
2017-10-26,52.189998626708984,52.63999938964844,CL=F
2017-10-27,52.79999923706055,53.900001525878906,CL=F
2017-10-30,54.15999984741211,54.150001525878906,CL=F
2017-10-31,54.08000183105469,54.380001068115234,CL=F
2017-11-01,54.650001525878906,54.29999923706055,CL=F
2017-11-02,54.279998779296875,54.540000915527344,CL=F
2017-11-03,54.72999954223633,55.63999938964844,CL=F
2017-11-06,55.970001220703125,57.349998474121094,CL=F
2017-11-07,57.27000045776367,57.20000076293945,CL=F
2017-11-08,56.959999084472656,56.810001373291016,CL=F
2017-11-09,56.849998474121094,57.16999816894531,CL=F
2017-11-10,57.02000045776367,56.7400016784668,CL=F
2017-11-13,56.900001525878906,56.7599983215332,CL=F
2017-11-14,56.720001220703125,55.70000076293945,CL=F
2017-11-15,55.060001373291016,55.33000183105469,CL=F
2017-11-16,55.29999923706055,55.13999938964844,CL=F
2017-11-17,55.25,56.54999923706055,CL=F
2017-11-20,56.689998626708984,56.09000015258789,CL=F
2017-11-21,56.380001068115234,56.83000183105469,CL=F
2017-11-22,57.119998931884766,58.02000045776367,CL=F
2017-11-24,58.04999923706055,58.95000076293945,CL=F
2017-11-27,58.95000076293945,58.11000061035156,CL=F
2017-11-28,57.86000061035156,57.9900016784668,CL=F
2017-11-29,57.72999954223633,57.29999923706055,CL=F
2017-11-30,57.40999984741211,57.400001525878906,CL=F
2017-12-01,57.41999816894531,58.36000061035156,CL=F
2017-12-04,58.31999969482422,57.470001220703125,CL=F
2017-12-05,57.47999954223633,57.619998931884766,CL=F
2017-12-06,57.45000076293945,55.959999084472656,CL=F
2017-12-07,56.0,56.689998626708984,CL=F
2017-12-08,56.650001525878906,57.36000061035156,CL=F
2017-12-11,57.25,57.9900016784668,CL=F
2017-12-12,58.02000045776367,57.13999938964844,CL=F
2017-12-13,57.45000076293945,56.599998474121094,CL=F
2017-12-14,56.70000076293945,57.040000915527344,CL=F
2017-12-15,57.150001525878906,57.29999923706055,CL=F
2017-12-18,57.369998931884766,57.15999984741211,CL=F
2017-12-19,57.29999923706055,57.459999084472656,CL=F
2017-12-20,57.65999984741211,58.09000015258789,CL=F
2017-12-21,58.02000045776367,58.36000061035156,CL=F
2017-12-22,58.209999084472656,58.470001220703125,CL=F
2017-12-26,58.400001525878906,59.970001220703125,CL=F
2017-12-27,59.790000915527344,59.63999938964844,CL=F
2017-12-28,59.529998779296875,59.84000015258789,CL=F
2017-12-29,59.90999984741211,60.41999816894531,CL=F
2018-01-02,60.20000076293945,60.369998931884766,CL=F
2018-01-03,60.38999938964844,61.630001068115234,CL=F
2018-01-04,61.959999084472656,62.0099983215332,CL=F
2018-01-05,61.900001525878906,61.439998626708984,CL=F
2018-01-08,61.61000061035156,61.72999954223633,CL=F
2018-01-09,61.91999816894531,62.959999084472656,CL=F
2018-01-10,63.40999984741211,63.56999969482422,CL=F
2018-01-11,63.5,63.79999923706055,CL=F
2018-01-12,63.56999969482422,64.30000305175781,CL=F
2018-01-16,64.43000030517578,63.72999954223633,CL=F
2018-01-17,63.88999938964844,63.970001220703125,CL=F
2018-01-18,64.06999969482422,63.95000076293945,CL=F
2018-01-19,63.7400016784668,63.369998931884766,CL=F
2018-01-22,63.61000061035156,63.4900016784668,CL=F
2018-01-23,63.880001068115234,64.47000122070312,CL=F
2018-01-24,64.41999816894531,65.61000061035156,CL=F
2018-01-25,65.87999725341797,65.51000213623047,CL=F
2018-01-26,65.25,66.13999938964844,CL=F
2018-01-29,66.18000030517578,65.55999755859375,CL=F
2018-01-30,65.52999877929688,64.5,CL=F
2018-01-31,64.02999877929688,64.7300033569336,CL=F
2018-02-01,64.76000213623047,65.80000305175781,CL=F
2018-02-02,65.98999786376953,65.44999694824219,CL=F
2018-02-05,65.0999984741211,64.1500015258789,CL=F
2018-02-06,63.43000030517578,63.38999938964844,CL=F
2018-02-07,63.91999816894531,61.790000915527344,CL=F
2018-02-08,61.70000076293945,61.150001525878906,CL=F
2018-02-09,60.43000030517578,59.20000076293945,CL=F
2018-02-12,59.119998931884766,59.290000915527344,CL=F
2018-02-13,59.349998474121094,59.189998626708984,CL=F
2018-02-14,58.97999954223633,60.599998474121094,CL=F
2018-02-15,60.709999084472656,61.34000015258789,CL=F
2018-02-16,61.45000076293945,61.68000030517578,CL=F
2018-02-20,61.630001068115234,61.900001525878906,CL=F
2018-02-21,61.630001068115234,61.68000030517578,CL=F
2018-02-22,61.34000015258789,62.77000045776367,CL=F
2018-02-23,62.599998474121094,63.54999923706055,CL=F
2018-02-26,63.599998474121094,63.90999984741211,CL=F
2018-02-27,64.05999755859375,63.0099983215332,CL=F
2018-02-28,62.790000915527344,61.63999938964844,CL=F
2018-03-01,61.54999923706055,60.9900016784668,CL=F
2018-03-02,61.34000015258789,61.25,CL=F
2018-03-05,61.54999923706055,62.56999969482422,CL=F
2018-03-06,62.58000183105469,62.599998474121094,CL=F
2018-03-07,62.29999923706055,61.150001525878906,CL=F
2018-03-08,61.33000183105469,60.119998931884766,CL=F
2018-03-09,60.27000045776367,62.040000915527344,CL=F
2018-03-12,62.099998474121094,61.36000061035156,CL=F
2018-03-13,61.369998931884766,60.709999084472656,CL=F
2018-03-14,60.869998931884766,60.959999084472656,CL=F
2018-03-15,60.95000076293945,61.189998626708984,CL=F
2018-03-16,61.189998626708984,62.34000015258789,CL=F
2018-03-19,62.22999954223633,62.060001373291016,CL=F
2018-03-20,62.099998474121094,63.400001525878906,CL=F
2018-03-21,63.720001220703125,65.16999816894531,CL=F
2018-03-22,65.5,64.30000305175781,CL=F
2018-03-23,64.27999877929688,65.87999725341797,CL=F
2018-03-26,65.9000015258789,65.55000305175781,CL=F
2018-03-27,65.52999877929688,65.25,CL=F
2018-03-28,64.69999694824219,64.37999725341797,CL=F
2018-03-29,64.69000244140625,64.94000244140625,CL=F
2018-04-02,64.91000366210938,63.0099983215332,CL=F
2018-04-03,62.88999938964844,63.5099983215332,CL=F
2018-04-04,63.59000015258789,63.369998931884766,CL=F
2018-04-05,63.599998474121094,63.540000915527344,CL=F
2018-04-06,63.70000076293945,62.060001373291016,CL=F
2018-04-09,62.0,63.41999816894531,CL=F
2018-04-10,63.29999923706055,65.51000213623047,CL=F
2018-04-11,65.58999633789062,66.81999969482422,CL=F
2018-04-12,66.75,67.06999969482422,CL=F
2018-04-13,67.18000030517578,67.38999938964844,CL=F
2018-04-16,67.23999786376953,66.22000122070312,CL=F
2018-04-17,66.41999816894531,66.5199966430664,CL=F
2018-04-18,66.68000030517578,68.47000122070312,CL=F
2018-04-19,68.75,68.29000091552734,CL=F
2018-04-20,68.26000213623047,68.37999725341797,CL=F
2018-04-23,68.22000122070312,68.63999938964844,CL=F
2018-04-24,68.94999694824219,67.69999694824219,CL=F
2018-04-25,67.75,68.05000305175781,CL=F
2018-04-26,68.02999877929688,68.19000244140625,CL=F
2018-04-27,68.20999908447266,68.0999984741211,CL=F
2018-04-30,68.1500015258789,68.56999969482422,CL=F
2018-05-01,68.55999755859375,67.25,CL=F
2018-05-02,67.48999786376953,67.93000030517578,CL=F
2018-05-03,67.68000030517578,68.43000030517578,CL=F
2018-05-04,68.5,69.72000122070312,CL=F
2018-05-07,69.8499984741211,70.7300033569336,CL=F
2018-05-08,70.02999877929688,69.05999755859375,CL=F
2018-05-09,70.05000305175781,71.13999938964844,CL=F
2018-05-10,71.2300033569336,71.36000061035156,CL=F
2018-05-11,71.44999694824219,70.69999694824219,CL=F
2018-05-14,70.54000091552734,70.95999908447266,CL=F
2018-05-15,71.1500015258789,71.30999755859375,CL=F
2018-05-16,71.0199966430664,71.48999786376953,CL=F
2018-05-17,71.55999755859375,71.48999786376953,CL=F
2018-05-18,71.5999984741211,71.27999877929688,CL=F
2018-05-21,71.47000122070312,72.23999786376953,CL=F
2018-05-22,72.52999877929688,72.12999725341797,CL=F
2018-05-23,72.11000061035156,71.83999633789062,CL=F
2018-05-24,71.83000183105469,70.70999908447266,CL=F
2018-05-25,70.6500015258789,67.87999725341797,CL=F
2018-05-29,66.48999786376953,66.7300033569336,CL=F
2018-05-30,66.8499984741211,68.20999908447266,CL=F
2018-05-31,68.23999786376953,67.04000091552734,CL=F
2018-06-01,67.06999969482422,65.80999755859375,CL=F
2018-06-04,65.70999908447266,64.75,CL=F
2018-06-05,64.94000244140625,65.5199966430664,CL=F
2018-06-06,65.51000213623047,64.7300033569336,CL=F
2018-06-07,65.06999969482422,65.94999694824219,CL=F
2018-06-08,65.9800033569336,65.73999786376953,CL=F
2018-06-11,65.55999755859375,66.0999984741211,CL=F
2018-06-12,66.05000305175781,66.36000061035156,CL=F
2018-06-13,66.01000213623047,66.63999938964844,CL=F
2018-06-14,66.62000274658203,66.88999938964844,CL=F
2018-06-15,66.62000274658203,65.05999755859375,CL=F
2018-06-18,64.4000015258789,65.8499984741211,CL=F
2018-06-19,65.81999969482422,65.06999969482422,CL=F
2018-06-20,65.11000061035156,66.22000122070312,CL=F
2018-06-21,65.33999633789062,65.54000091552734,CL=F
2018-06-22,65.93000030517578,68.58000183105469,CL=F
2018-06-25,68.75,68.08000183105469,CL=F
2018-06-26,68.20999908447266,70.52999877929688,CL=F
2018-06-27,70.68000030517578,72.76000213623047,CL=F
2018-06-28,72.2699966430664,73.44999694824219,CL=F
2018-06-29,73.33000183105469,74.1500015258789,CL=F
2018-07-02,73.62000274658203,73.94000244140625,CL=F
2018-07-03,74.08000183105469,74.13999938964844,CL=F
2018-07-05,74.3499984741211,72.94000244140625,CL=F
2018-07-06,73.16000366210938,73.80000305175781,CL=F
2018-07-09,73.87000274658203,73.8499984741211,CL=F
2018-07-10,74.04000091552734,74.11000061035156,CL=F
2018-07-11,74.19999694824219,70.37999725341797,CL=F
2018-07-12,70.5999984741211,70.33000183105469,CL=F
2018-07-13,70.37999725341797,71.01000213623047,CL=F
2018-07-16,70.5199966430664,68.05999755859375,CL=F
2018-07-17,68.02999877929688,68.08000183105469,CL=F
2018-07-18,67.61000061035156,68.76000213623047,CL=F
2018-07-19,69.0,69.45999908447266,CL=F
2018-07-20,69.38999938964844,70.45999908447266,CL=F
2018-07-23,68.16999816894531,67.88999938964844,CL=F
2018-07-24,67.80000305175781,68.5199966430664,CL=F
2018-07-25,68.7699966430664,69.30000305175781,CL=F
2018-07-26,69.37999725341797,69.61000061035156,CL=F
2018-07-27,69.58000183105469,68.69000244140625,CL=F
2018-07-30,69.01000213623047,70.12999725341797,CL=F
2018-07-31,70.05000305175781,68.76000213623047,CL=F
2018-08-01,68.43000030517578,67.66000366210938,CL=F
2018-08-02,67.86000061035156,68.95999908447266,CL=F
2018-08-03,68.98999786376953,68.48999786376953,CL=F
2018-08-06,68.6500015258789,69.01000213623047,CL=F
2018-08-07,68.9000015258789,69.16999816894531,CL=F
2018-08-08,69.08999633789062,66.94000244140625,CL=F
2018-08-09,66.79000091552734,66.80999755859375,CL=F
2018-08-10,66.73999786376953,67.62999725341797,CL=F
2018-08-13,67.77999877929688,67.19999694824219,CL=F
2018-08-14,67.41999816894531,67.04000091552734,CL=F
2018-08-15,66.62000274658203,65.01000213623047,CL=F
2018-08-16,64.94999694824219,65.45999908447266,CL=F
2018-08-17,65.47000122070312,65.91000366210938,CL=F
2018-08-20,65.91000366210938,66.43000030517578,CL=F
2018-08-21,66.62000274658203,67.3499984741211,CL=F
2018-08-22,66.08000183105469,67.86000061035156,CL=F
2018-08-23,68.06999969482422,67.83000183105469,CL=F
2018-08-24,67.9000015258789,68.72000122070312,CL=F
2018-08-27,68.56999969482422,68.87000274658203,CL=F
2018-08-28,68.93000030517578,68.52999877929688,CL=F
2018-08-29,68.54000091552734,69.51000213623047,CL=F
2018-08-30,69.70999908447266,70.25,CL=F
2018-08-31,70.05999755859375,69.80000305175781,CL=F
2018-09-04,70.12000274658203,69.87000274658203,CL=F
2018-09-05,69.43000030517578,68.72000122070312,CL=F
2018-09-06,68.63999938964844,67.7699966430664,CL=F
2018-09-07,67.87999725341797,67.75,CL=F
2018-09-10,67.81999969482422,67.54000091552734,CL=F
2018-09-11,67.52999877929688,69.25,CL=F
2018-09-12,69.88999938964844,70.37000274658203,CL=F
2018-09-13,70.23999786376953,68.58999633789062,CL=F
2018-09-14,68.79000091552734,68.98999786376953,CL=F
2018-09-17,68.93000030517578,68.91000366210938,CL=F
2018-09-18,68.80000305175781,69.8499984741211,CL=F
2018-09-19,69.70999908447266,71.12000274658203,CL=F
2018-09-20,71.38999938964844,70.80000305175781,CL=F
2018-09-21,70.19999694824219,70.77999877929688,CL=F
2018-09-24,71.13999938964844,72.08000183105469,CL=F
2018-09-25,72.25,72.27999877929688,CL=F
2018-09-26,72.08999633789062,71.56999969482422,CL=F
2018-09-27,72.01000213623047,72.12000274658203,CL=F
2018-09-28,72.18000030517578,73.25,CL=F
2018-10-01,73.29000091552734,75.30000305175781,CL=F
2018-10-02,75.41999816894531,75.2300033569336,CL=F
2018-10-03,75.12000274658203,76.41000366210938,CL=F
2018-10-04,76.18000030517578,74.33000183105469,CL=F
2018-10-05,74.66999816894531,74.33999633789062,CL=F
2018-10-08,74.4000015258789,74.29000091552734,CL=F
2018-10-09,74.20999908447266,74.95999908447266,CL=F
2018-10-10,74.66000366210938,73.16999816894531,CL=F
2018-10-11,72.68000030517578,70.97000122070312,CL=F
2018-10-12,70.98999786376953,71.33999633789062,CL=F
2018-10-15,71.8499984741211,71.77999877929688,CL=F
2018-10-16,71.72000122070312,71.91999816894531,CL=F
2018-10-17,72.16999816894531,69.75,CL=F
2018-10-18,70.02999877929688,68.6500015258789,CL=F
2018-10-19,68.68000030517578,69.12000274658203,CL=F
2018-10-22,69.41000366210938,69.16999816894531,CL=F
2018-10-23,69.55000305175781,66.43000030517578,CL=F
2018-10-24,66.16999816894531,66.81999969482422,CL=F
2018-10-25,66.36000061035156,67.33000183105469,CL=F
2018-10-26,66.94999694824219,67.58999633789062,CL=F
2018-10-29,67.55000305175781,67.04000091552734,CL=F
2018-10-30,66.68000030517578,66.18000030517578,CL=F
2018-10-31,66.31999969482422,65.30999755859375,CL=F
2018-11-01,64.87999725341797,63.689998626708984,CL=F
2018-11-02,63.5,63.13999938964844,CL=F
2018-11-05,62.9900016784668,63.099998474121094,CL=F
2018-11-06,62.70000076293945,62.209999084472656,CL=F
2018-11-07,61.7400016784668,61.66999816894531,CL=F
2018-11-08,61.63999938964844,60.66999816894531,CL=F
2018-11-09,60.75,60.189998626708984,CL=F
2018-11-12,60.70000076293945,59.93000030517578,CL=F
2018-11-13,58.880001068115234,55.689998626708984,CL=F
2018-11-14,55.27000045776367,56.25,CL=F
2018-11-15,56.02000045776367,56.459999084472656,CL=F
2018-11-16,56.58000183105469,56.459999084472656,CL=F
2018-11-19,56.720001220703125,56.7599983215332,CL=F
2018-11-20,57.38999938964844,53.43000030517578,CL=F
2018-11-21,53.38999938964844,54.630001068115234,CL=F
2018-11-23,53.869998931884766,50.41999816894531,CL=F
2018-11-26,50.619998931884766,51.630001068115234,CL=F
2018-11-27,51.540000915527344,51.560001373291016,CL=F
2018-11-28,52.09000015258789,50.290000915527344,CL=F
2018-11-29,50.310001373291016,51.45000076293945,CL=F
2018-11-30,51.27000045776367,50.93000030517578,CL=F
2018-12-03,52.45000076293945,52.95000076293945,CL=F
2018-12-04,53.130001068115234,53.25,CL=F
2018-12-06,52.93000030517578,51.4900016784668,CL=F
2018-12-07,51.7599983215332,52.61000061035156,CL=F
2018-12-10,52.029998779296875,51.0,CL=F
2018-12-11,50.88999938964844,51.650001525878906,CL=F
2018-12-12,51.95000076293945,51.150001525878906,CL=F
2018-12-13,51.20000076293945,52.58000183105469,CL=F
2018-12-14,52.83000183105469,51.20000076293945,CL=F
2018-12-17,51.25,49.880001068115234,CL=F
2018-12-18,49.15999984741211,46.2400016784668,CL=F
2018-12-19,45.93000030517578,47.20000076293945,CL=F
2018-12-20,47.38999938964844,45.880001068115234,CL=F
2018-12-21,46.25,45.59000015258789,CL=F
2018-12-24,45.45000076293945,42.529998779296875,CL=F
2018-12-26,42.849998474121094,46.220001220703125,CL=F
2018-12-27,46.58000183105469,44.61000061035156,CL=F
2018-12-28,45.439998626708984,45.33000183105469,CL=F
2018-12-31,45.220001220703125,45.40999984741211,CL=F
2019-01-02,45.79999923706055,46.540000915527344,CL=F
2019-01-03,46.2599983215332,47.09000015258789,CL=F
2019-01-04,46.900001525878906,47.959999084472656,CL=F
2019-01-07,48.29999923706055,48.52000045776367,CL=F
2019-01-08,48.72999954223633,49.779998779296875,CL=F
2019-01-09,49.79999923706055,52.36000061035156,CL=F
2019-01-10,52.18000030517578,52.59000015258789,CL=F
2019-01-11,52.279998779296875,51.59000015258789,CL=F
2019-01-14,51.72999954223633,50.5099983215332,CL=F
2019-01-15,50.779998779296875,52.11000061035156,CL=F
2019-01-16,52.0,52.310001373291016,CL=F
2019-01-17,52.29999923706055,52.06999969482422,CL=F
2019-01-18,52.22999954223633,53.79999923706055,CL=F
2019-01-22,53.72999954223633,52.56999969482422,CL=F
2019-01-23,52.95000076293945,52.619998931884766,CL=F
2019-01-24,52.45000076293945,53.130001068115234,CL=F
2019-01-25,53.16999816894531,53.689998626708984,CL=F
2019-01-28,53.560001373291016,51.9900016784668,CL=F
2019-01-29,52.119998931884766,53.310001373291016,CL=F
2019-01-30,53.2400016784668,54.22999954223633,CL=F
2019-01-31,54.279998779296875,53.790000915527344,CL=F
2019-02-01,54.0099983215332,55.2599983215332,CL=F
2019-02-04,55.31999969482422,54.560001373291016,CL=F
2019-02-05,54.86000061035156,53.65999984741211,CL=F
2019-02-06,53.72999954223633,54.0099983215332,CL=F
2019-02-07,53.939998626708984,52.63999938964844,CL=F
2019-02-08,52.59000015258789,52.720001220703125,CL=F
2019-02-11,52.65999984741211,52.40999984741211,CL=F
2019-02-12,52.470001220703125,53.099998474121094,CL=F
2019-02-13,53.349998474121094,53.900001525878906,CL=F
2019-02-14,53.959999084472656,54.40999984741211,CL=F
2019-02-15,54.47999954223633,55.59000015258789,CL=F
2019-02-19,55.779998779296875,56.09000015258789,CL=F
2019-02-20,55.939998626708984,56.91999816894531,CL=F
2019-02-21,57.2400016784668,56.959999084472656,CL=F
2019-02-22,56.84000015258789,57.2599983215332,CL=F
2019-02-25,57.16999816894531,55.47999954223633,CL=F
2019-02-26,55.459999084472656,55.5,CL=F
2019-02-27,55.95000076293945,56.939998626708984,CL=F
2019-02-28,57.0,57.220001220703125,CL=F
2019-03-01,57.220001220703125,55.79999923706055,CL=F
2019-03-04,55.83000183105469,56.59000015258789,CL=F
2019-03-05,56.45000076293945,56.560001373291016,CL=F
2019-03-06,56.279998779296875,56.220001220703125,CL=F
2019-03-07,56.20000076293945,56.65999984741211,CL=F
2019-03-08,56.43000030517578,56.06999969482422,CL=F
2019-03-11,56.06999969482422,56.790000915527344,CL=F
2019-03-12,56.7599983215332,56.869998931884766,CL=F
2019-03-13,57.09000015258789,58.2599983215332,CL=F
2019-03-14,58.349998474121094,58.61000061035156,CL=F
2019-03-15,58.5099983215332,58.52000045776367,CL=F
2019-03-18,58.45000076293945,59.09000015258789,CL=F
2019-03-19,59.0099983215332,59.029998779296875,CL=F
2019-03-20,59.02000045776367,59.83000183105469,CL=F
2019-03-21,59.9900016784668,59.97999954223633,CL=F
2019-03-22,59.869998931884766,59.040000915527344,CL=F
2019-03-25,58.97999954223633,58.81999969482422,CL=F
2019-03-26,59.119998931884766,59.939998626708984,CL=F
2019-03-27,60.029998779296875,59.40999984741211,CL=F
2019-03-28,59.400001525878906,59.29999923706055,CL=F
2019-03-29,59.529998779296875,60.13999938964844,CL=F
2019-04-01,60.2400016784668,61.59000015258789,CL=F
2019-04-02,61.810001373291016,62.58000183105469,CL=F
2019-04-03,62.63999938964844,62.459999084472656,CL=F
2019-04-04,62.5,62.099998474121094,CL=F
2019-04-05,62.18000030517578,63.08000183105469,CL=F
2019-04-08,63.33000183105469,64.4000015258789,CL=F
2019-04-09,64.4000015258789,63.97999954223633,CL=F
2019-04-10,64.22000122070312,64.61000061035156,CL=F
2019-04-11,64.4800033569336,63.58000183105469,CL=F
2019-04-12,63.709999084472656,63.88999938964844,CL=F
2019-04-15,63.7599983215332,63.400001525878906,CL=F
2019-04-16,63.56999969482422,64.05000305175781,CL=F
2019-04-17,64.31999969482422,63.7599983215332,CL=F
2019-04-18,63.75,64.0,CL=F
2019-04-22,64.0,65.69999694824219,CL=F
2019-04-23,65.75,66.30000305175781,CL=F
2019-04-24,66.16999816894531,65.88999938964844,CL=F
2019-04-25,65.80999755859375,65.20999908447266,CL=F
2019-04-26,65.12999725341797,63.29999923706055,CL=F
2019-04-29,62.95000076293945,63.5,CL=F
2019-04-30,63.58000183105469,63.90999984741211,CL=F
2019-05-01,63.400001525878906,63.599998474121094,CL=F
2019-05-02,63.61000061035156,61.810001373291016,CL=F
2019-05-03,61.54999923706055,61.939998626708984,CL=F
2019-05-06,61.43000030517578,62.25,CL=F
2019-05-07,62.16999816894531,61.400001525878906,CL=F
2019-05-08,61.439998626708984,62.119998931884766,CL=F
2019-05-09,62.02000045776367,61.70000076293945,CL=F
2019-05-10,61.63999938964844,61.65999984741211,CL=F
2019-05-13,61.650001525878906,61.040000915527344,CL=F
2019-05-14,60.86000061035156,61.779998779296875,CL=F
2019-05-15,61.369998931884766,62.02000045776367,CL=F
2019-05-16,62.119998931884766,62.869998931884766,CL=F
2019-05-17,63.119998931884766,62.7599983215332,CL=F
2019-05-20,63.529998779296875,63.099998474121094,CL=F
2019-05-21,63.279998779296875,62.9900016784668,CL=F
2019-05-22,62.63999938964844,61.41999816894531,CL=F
2019-05-23,61.27000045776367,57.90999984741211,CL=F
2019-05-24,58.209999084472656,58.630001068115234,CL=F
2019-05-28,58.939998626708984,59.13999938964844,CL=F
2019-05-29,59.06999969482422,58.810001373291016,CL=F
2019-05-30,59.119998931884766,56.59000015258789,CL=F
2019-05-31,56.459999084472656,53.5,CL=F
2019-06-03,53.41999816894531,53.25,CL=F
2019-06-04,52.88999938964844,53.47999954223633,CL=F
2019-06-05,52.86000061035156,51.68000030517578,CL=F
2019-06-06,51.65999984741211,52.59000015258789,CL=F
2019-06-07,53.099998474121094,53.9900016784668,CL=F
2019-06-10,54.2400016784668,53.2599983215332,CL=F
2019-06-11,53.43000030517578,53.27000045776367,CL=F
2019-06-12,53.040000915527344,51.13999938964844,CL=F
2019-06-13,51.06999969482422,52.279998779296875,CL=F
2019-06-14,52.18000030517578,52.5099983215332,CL=F
2019-06-17,52.5,51.93000030517578,CL=F
2019-06-18,51.95000076293945,53.900001525878906,CL=F
2019-06-19,54.09000015258789,53.7599983215332,CL=F
2019-06-20,54.119998931884766,56.650001525878906,CL=F
2019-06-21,57.2599983215332,57.43000030517578,CL=F
2019-06-24,57.720001220703125,57.900001525878906,CL=F
2019-06-25,57.7400016784668,57.83000183105469,CL=F
2019-06-26,58.84000015258789,59.380001068115234,CL=F
2019-06-27,59.27000045776367,59.43000030517578,CL=F
2019-06-28,59.220001220703125,58.470001220703125,CL=F
2019-07-01,59.27000045776367,59.09000015258789,CL=F
2019-07-02,59.13999938964844,56.25,CL=F
2019-07-03,56.4900016784668,57.34000015258789,CL=F
2019-07-05,57.380001068115234,57.5099983215332,CL=F
2019-07-08,57.77000045776367,57.65999984741211,CL=F
2019-07-09,57.560001373291016,57.83000183105469,CL=F
2019-07-10,58.400001525878906,60.43000030517578,CL=F
2019-07-11,60.439998626708984,60.20000076293945,CL=F
2019-07-12,60.459999084472656,60.209999084472656,CL=F
2019-07-15,60.25,59.58000183105469,CL=F
2019-07-16,59.2599983215332,57.619998931884766,CL=F
2019-07-17,57.52000045776367,56.779998779296875,CL=F
2019-07-18,56.599998474121094,55.29999923706055,CL=F
2019-07-19,55.720001220703125,55.630001068115234,CL=F
2019-07-22,56.220001220703125,56.220001220703125,CL=F
2019-07-23,56.16999816894531,56.77000045776367,CL=F
2019-07-24,57.22999954223633,55.880001068115234,CL=F
2019-07-25,55.900001525878906,56.02000045776367,CL=F
2019-07-26,55.93000030517578,56.20000076293945,CL=F
2019-07-29,56.20000076293945,56.869998931884766,CL=F
2019-07-30,57.06999969482422,58.04999923706055,CL=F
2019-07-31,58.34000015258789,58.58000183105469,CL=F
2019-08-01,57.849998474121094,53.95000076293945,CL=F
2019-08-02,54.540000915527344,55.65999984741211,CL=F
2019-08-05,55.380001068115234,54.689998626708984,CL=F
2019-08-06,54.95000076293945,53.630001068115234,CL=F
2019-08-07,53.41999816894531,51.09000015258789,CL=F
2019-08-08,52.33000183105469,52.540000915527344,CL=F
2019-08-09,52.880001068115234,54.5,CL=F
2019-08-12,54.31999969482422,54.93000030517578,CL=F
2019-08-13,54.72999954223633,57.099998474121094,CL=F
2019-08-14,56.7400016784668,55.22999954223633,CL=F
2019-08-15,54.900001525878906,54.470001220703125,CL=F
2019-08-16,54.7400016784668,54.869998931884766,CL=F
2019-08-19,54.959999084472656,56.209999084472656,CL=F
2019-08-20,56.099998474121094,56.34000015258789,CL=F
2019-08-21,56.04999923706055,55.68000030517578,CL=F
2019-08-22,55.939998626708984,55.349998474121094,CL=F
2019-08-23,55.349998474121094,54.16999816894531,CL=F
2019-08-26,53.25,53.63999938964844,CL=F
2019-08-27,53.7599983215332,54.93000030517578,CL=F
2019-08-28,55.709999084472656,55.779998779296875,CL=F
2019-08-29,55.880001068115234,56.709999084472656,CL=F
2019-08-30,56.630001068115234,55.099998474121094,CL=F
2019-09-03,55.0,53.939998626708984,CL=F
2019-09-04,53.91999816894531,56.2599983215332,CL=F
2019-09-05,55.95000076293945,56.29999923706055,CL=F
2019-09-06,56.189998626708984,56.52000045776367,CL=F
2019-09-09,56.79999923706055,57.849998474121094,CL=F
2019-09-10,58.029998779296875,57.400001525878906,CL=F
2019-09-11,57.88999938964844,55.75,CL=F
2019-09-12,55.93000030517578,55.09000015258789,CL=F
2019-09-13,55.150001525878906,54.849998474121094,CL=F
2019-09-16,61.47999954223633,62.900001525878906,CL=F
2019-09-17,61.959999084472656,59.34000015258789,CL=F
2019-09-18,58.810001373291016,58.11000061035156,CL=F
2019-09-19,58.20000076293945,58.130001068115234,CL=F
2019-09-20,58.650001525878906,58.09000015258789,CL=F
2019-09-23,59.25,58.63999938964844,CL=F
2019-09-24,58.439998626708984,57.290000915527344,CL=F
2019-09-25,56.70000076293945,56.4900016784668,CL=F
2019-09-26,56.689998626708984,56.40999984741211,CL=F
2019-09-27,56.5099983215332,55.90999984741211,CL=F
2019-09-30,56.540000915527344,54.06999969482422,CL=F
2019-10-01,54.279998779296875,53.619998931884766,CL=F
2019-10-02,54.0,52.63999938964844,CL=F
2019-10-03,52.470001220703125,52.45000076293945,CL=F
2019-10-04,52.290000915527344,52.810001373291016,CL=F
2019-10-07,52.689998626708984,52.75,CL=F
2019-10-08,52.810001373291016,52.630001068115234,CL=F
2019-10-09,52.56999969482422,52.59000015258789,CL=F
2019-10-10,52.689998626708984,53.54999923706055,CL=F
2019-10-11,53.880001068115234,54.70000076293945,CL=F
2019-10-14,54.900001525878906,53.59000015258789,CL=F
2019-10-15,53.5099983215332,52.810001373291016,CL=F
2019-10-16,52.91999816894531,53.36000061035156,CL=F
2019-10-17,52.9900016784668,53.93000030517578,CL=F
2019-10-18,54.09000015258789,53.779998779296875,CL=F
2019-10-21,53.709999084472656,53.310001373291016,CL=F
2019-10-22,53.38999938964844,54.15999984741211,CL=F
2019-10-23,54.29999923706055,55.970001220703125,CL=F
2019-10-24,55.900001525878906,56.22999954223633,CL=F
2019-10-25,56.06999969482422,56.65999984741211,CL=F
2019-10-28,56.650001525878906,55.810001373291016,CL=F
2019-10-29,55.79999923706055,55.540000915527344,CL=F
2019-10-30,55.529998779296875,55.060001373291016,CL=F
2019-10-31,54.900001525878906,54.18000030517578,CL=F
2019-11-01,54.150001525878906,56.20000076293945,CL=F
2019-11-04,56.40999984741211,56.540000915527344,CL=F
2019-11-05,56.560001373291016,57.22999954223633,CL=F
2019-11-06,57.2599983215332,56.349998474121094,CL=F
2019-11-07,56.349998474121094,57.150001525878906,CL=F
2019-11-08,57.08000183105469,57.2400016784668,CL=F
2019-11-11,57.400001525878906,56.86000061035156,CL=F
2019-11-12,56.88999938964844,56.79999923706055,CL=F
2019-11-13,56.790000915527344,57.119998931884766,CL=F
2019-11-14,57.38999938964844,56.77000045776367,CL=F
2019-11-15,56.90999984741211,57.720001220703125,CL=F
2019-11-18,57.880001068115234,57.04999923706055,CL=F
2019-11-19,56.900001525878906,55.209999084472656,CL=F
2019-11-20,55.15999984741211,57.11000061035156,CL=F
2019-11-21,57.0,58.58000183105469,CL=F
2019-11-22,58.310001373291016,57.77000045776367,CL=F
2019-11-25,57.91999816894531,58.0099983215332,CL=F
2019-11-26,57.91999816894531,58.40999984741211,CL=F
2019-11-27,58.27000045776367,58.11000061035156,CL=F
2019-11-29,58.130001068115234,55.16999816894531,CL=F
2019-12-02,55.470001220703125,55.959999084472656,CL=F
2019-12-03,55.959999084472656,56.099998474121094,CL=F
2019-12-04,56.43000030517578,58.43000030517578,CL=F
2019-12-05,58.36000061035156,58.43000030517578,CL=F
2019-12-06,58.31999969482422,59.20000076293945,CL=F
2019-12-09,59.11000061035156,59.02000045776367,CL=F
2019-12-10,58.91999816894531,59.2400016784668,CL=F
2019-12-11,59.060001373291016,58.7599983215332,CL=F
2019-12-12,58.880001068115234,59.18000030517578,CL=F
2019-12-13,59.36000061035156,60.06999969482422,CL=F
2019-12-16,59.869998931884766,60.209999084472656,CL=F
2019-12-17,60.22999954223633,60.939998626708984,CL=F
2019-12-18,60.54999923706055,60.93000030517578,CL=F
2019-12-19,60.86000061035156,61.220001220703125,CL=F
2019-12-20,61.11000061035156,60.439998626708984,CL=F
2019-12-23,60.40999984741211,60.52000045776367,CL=F
2019-12-24,60.630001068115234,61.11000061035156,CL=F
2019-12-26,61.20000076293945,61.68000030517578,CL=F
2019-12-27,61.72999954223633,61.720001220703125,CL=F
2019-12-30,61.709999084472656,61.68000030517578,CL=F
2019-12-31,61.68000030517578,61.060001373291016,CL=F
2020-01-02,61.599998474121094,61.18000030517578,CL=F
2020-01-03,61.18000030517578,63.04999923706055,CL=F
2020-01-06,63.709999084472656,63.27000045776367,CL=F
2020-01-07,62.90999984741211,62.70000076293945,CL=F
2020-01-08,62.84000015258789,59.61000061035156,CL=F
2020-01-09,59.9900016784668,59.560001373291016,CL=F
2020-01-10,59.61000061035156,59.040000915527344,CL=F
2020-01-13,59.040000915527344,58.08000183105469,CL=F
2020-01-14,58.029998779296875,58.22999954223633,CL=F
2020-01-15,58.20000076293945,57.810001373291016,CL=F
2020-01-16,58.099998474121094,58.52000045776367,CL=F
2020-01-17,58.59000015258789,58.540000915527344,CL=F
2020-01-21,59.16999816894531,58.34000015258789,CL=F
2020-01-22,58.2599983215332,56.7400016784668,CL=F
2020-01-23,56.11000061035156,55.59000015258789,CL=F
2020-01-24,55.689998626708984,54.189998626708984,CL=F
2020-01-27,53.70000076293945,53.13999938964844,CL=F
2020-01-28,52.77000045776367,53.47999954223633,CL=F
2020-01-29,53.970001220703125,53.33000183105469,CL=F
2020-01-30,53.09000015258789,52.13999938964844,CL=F
2020-01-31,52.91999816894531,51.560001373291016,CL=F
2020-02-03,51.0099983215332,50.11000061035156,CL=F
2020-02-04,49.939998626708984,49.61000061035156,CL=F
2020-02-05,49.5099983215332,50.75,CL=F
2020-02-06,51.16999816894531,50.95000076293945,CL=F
2020-02-07,51.11000061035156,50.31999969482422,CL=F
2020-02-10,50.119998931884766,49.56999969482422,CL=F
2020-02-11,49.61000061035156,49.939998626708984,CL=F
2020-02-12,49.959999084472656,51.16999816894531,CL=F
2020-02-13,51.720001220703125,51.41999816894531,CL=F
2020-02-14,51.5099983215332,52.04999923706055,CL=F
2020-02-18,52.22999954223633,52.04999923706055,CL=F
2020-02-19,52.119998931884766,53.290000915527344,CL=F
2020-02-20,53.5,53.779998779296875,CL=F
2020-02-21,53.7400016784668,53.380001068115234,CL=F
2020-02-24,52.599998474121094,51.43000030517578,CL=F
2020-02-25,51.369998931884766,49.900001525878906,CL=F
2020-02-26,50.08000183105469,48.72999954223633,CL=F
2020-02-27,48.630001068115234,47.09000015258789,CL=F
2020-02-28,46.4900016784668,44.7599983215332,CL=F
2020-03-02,43.70000076293945,46.75,CL=F
2020-03-03,47.720001220703125,47.18000030517578,CL=F
2020-03-04,46.939998626708984,46.779998779296875,CL=F
2020-03-05,47.130001068115234,45.900001525878906,CL=F
2020-03-06,46.09000015258789,41.279998779296875,CL=F
2020-03-09,32.869998931884766,31.1299991607666,CL=F
2020-03-10,30.3700008392334,34.36000061035156,CL=F
2020-03-11,34.619998931884766,32.97999954223633,CL=F
2020-03-12,33.06999969482422,31.5,CL=F
2020-03-13,30.770000457763672,31.729999542236328,CL=F
2020-03-16,33.75,28.700000762939453,CL=F
2020-03-17,28.690000534057617,26.950000762939453,CL=F
2020-03-18,26.940000534057617,20.3700008392334,CL=F
2020-03-19,22.299999237060547,25.219999313354492,CL=F
2020-03-20,24.729999542236328,22.43000030517578,CL=F
2020-03-23,22.520000457763672,23.360000610351562,CL=F
2020-03-24,23.8700008392334,24.010000228881836,CL=F
2020-03-25,24.3700008392334,24.489999771118164,CL=F
2020-03-26,24.25,22.600000381469727,CL=F
2020-03-27,23.290000915527344,21.510000228881836,CL=F
2020-03-30,20.93000030517578,20.09000015258789,CL=F
2020-03-31,20.229999542236328,20.479999542236328,CL=F
2020-04-01,20.100000381469727,20.309999465942383,CL=F
2020-04-02,21.219999313354492,25.31999969482422,CL=F
2020-04-03,24.809999465942383,28.34000015258789,CL=F
2020-04-06,26.09000015258789,26.079999923706055,CL=F
2020-04-07,26.34000015258789,23.6299991607666,CL=F
2020-04-08,24.299999237060547,25.09000015258789,CL=F
2020-04-09,26.280000686645508,22.760000228881836,CL=F
2020-04-13,24.600000381469727,22.40999984741211,CL=F
2020-04-14,22.360000610351562,20.110000610351562,CL=F
2020-04-15,20.719999313354492,19.8700008392334,CL=F
2020-04-16,20.149999618530273,19.8700008392334,CL=F
2020-04-17,20.0,18.270000457763672,CL=F
2020-04-22,13.119999885559082,13.779999732971191,CL=F
2020-04-23,14.199999809265137,16.5,CL=F
2020-04-24,16.780000686645508,16.940000534057617,CL=F
2020-04-27,16.84000015258789,12.779999732971191,CL=F
2020-04-28,12.960000038146973,12.34000015258789,CL=F
2020-04-29,13.350000381469727,15.0600004196167,CL=F
2020-04-30,15.640000343322754,18.84000015258789,CL=F
2020-05-01,19.040000915527344,19.780000686645508,CL=F
2020-05-04,19.110000610351562,20.389999389648438,CL=F
2020-05-05,21.239999771118164,24.559999465942383,CL=F
2020-05-06,25.520000457763672,23.989999771118164,CL=F
2020-05-07,24.09000015258789,23.549999237060547,CL=F
2020-05-08,23.350000381469727,24.739999771118164,CL=F
2020-05-11,24.489999771118164,24.139999389648438,CL=F
2020-05-12,24.489999771118164,25.780000686645508,CL=F
2020-05-13,25.299999237060547,25.290000915527344,CL=F
2020-05-14,25.559999465942383,27.559999465942383,CL=F
2020-05-15,27.639999389648438,29.43000030517578,CL=F
2020-05-18,29.530000686645508,31.81999969482422,CL=F
2020-05-19,32.83000183105469,32.5,CL=F
2020-05-20,31.889999389648438,33.4900016784668,CL=F
2020-05-21,33.529998779296875,33.91999816894531,CL=F
2020-05-22,33.95000076293945,33.25,CL=F
2020-05-26,33.29999923706055,34.349998474121094,CL=F
2020-05-27,34.13999938964844,32.810001373291016,CL=F
2020-05-28,32.099998474121094,33.709999084472656,CL=F
2020-05-29,33.68000030517578,35.4900016784668,CL=F
2020-06-01,35.209999084472656,35.439998626708984,CL=F
2020-06-02,35.560001373291016,36.810001373291016,CL=F
2020-06-03,36.86000061035156,37.290000915527344,CL=F
2020-06-04,36.7599983215332,37.40999984741211,CL=F
2020-06-05,37.33000183105469,39.54999923706055,CL=F
2020-06-08,39.40999984741211,38.189998626708984,CL=F
2020-06-09,38.220001220703125,38.939998626708984,CL=F
2020-06-10,38.5,39.599998474121094,CL=F
2020-06-11,39.09000015258789,36.34000015258789,CL=F
2020-06-12,36.2599983215332,36.2599983215332,CL=F
2020-06-15,36.029998779296875,37.119998931884766,CL=F
2020-06-16,37.04999923706055,38.380001068115234,CL=F
2020-06-17,37.93000030517578,37.959999084472656,CL=F
2020-06-18,37.7400016784668,38.84000015258789,CL=F
2020-06-19,38.849998474121094,39.75,CL=F
2020-06-22,39.18000030517578,40.459999084472656,CL=F
2020-06-23,40.68000030517578,40.369998931884766,CL=F
2020-06-24,39.9900016784668,38.0099983215332,CL=F
2020-06-25,38.04999923706055,38.720001220703125,CL=F
2020-06-26,39.09000015258789,38.4900016784668,CL=F
2020-06-29,37.959999084472656,39.70000076293945,CL=F
2020-06-30,39.63999938964844,39.27000045776367,CL=F
2020-07-01,39.84000015258789,39.81999969482422,CL=F
2020-07-02,39.779998779296875,40.650001525878906,CL=F
2020-07-06,40.380001068115234,40.630001068115234,CL=F
2020-07-07,40.68000030517578,40.619998931884766,CL=F
2020-07-08,40.47999954223633,40.900001525878906,CL=F
2020-07-09,40.869998931884766,39.619998931884766,CL=F
2020-07-10,39.58000183105469,40.54999923706055,CL=F
2020-07-13,40.349998474121094,40.099998474121094,CL=F
2020-07-14,39.599998474121094,40.290000915527344,CL=F
2020-07-15,40.54999923706055,41.20000076293945,CL=F
2020-07-16,40.970001220703125,40.75,CL=F
2020-07-17,40.720001220703125,40.59000015258789,CL=F
2020-07-20,40.63999938964844,40.810001373291016,CL=F
2020-07-21,40.650001525878906,41.959999084472656,CL=F
2020-07-22,41.540000915527344,41.900001525878906,CL=F
2020-07-23,41.95000076293945,41.06999969482422,CL=F
2020-07-24,41.060001373291016,41.290000915527344,CL=F
2020-07-27,41.2599983215332,41.599998474121094,CL=F
2020-07-28,41.650001525878906,41.040000915527344,CL=F
2020-07-29,41.130001068115234,41.27000045776367,CL=F
2020-07-30,41.31999969482422,39.91999816894531,CL=F
2020-07-31,40.34000015258789,40.27000045776367,CL=F
2020-08-03,40.38999938964844,41.0099983215332,CL=F
2020-08-04,40.779998779296875,41.70000076293945,CL=F
2020-08-05,41.560001373291016,42.189998626708984,CL=F
2020-08-06,42.189998626708984,41.95000076293945,CL=F
2020-08-07,41.970001220703125,41.220001220703125,CL=F
2020-08-10,41.5,41.939998626708984,CL=F
2020-08-11,41.97999954223633,41.61000061035156,CL=F
2020-08-12,41.619998931884766,42.66999816894531,CL=F
2020-08-13,42.56999969482422,42.2400016784668,CL=F
2020-08-14,42.33000183105469,42.0099983215332,CL=F
2020-08-17,42.2400016784668,42.88999938964844,CL=F
2020-08-18,42.790000915527344,42.88999938964844,CL=F
2020-08-19,42.599998474121094,42.93000030517578,CL=F
2020-08-20,42.7400016784668,42.58000183105469,CL=F
2020-08-21,42.75,42.34000015258789,CL=F
2020-08-24,42.47999954223633,42.619998931884766,CL=F
2020-08-25,42.36000061035156,43.349998474121094,CL=F
2020-08-26,43.38999938964844,43.38999938964844,CL=F
2020-08-27,43.45000076293945,43.040000915527344,CL=F
2020-08-28,42.97999954223633,42.970001220703125,CL=F
2020-08-31,42.90999984741211,42.61000061035156,CL=F
2020-09-01,42.83000183105469,42.7599983215332,CL=F
2020-09-02,43.02000045776367,41.5099983215332,CL=F
2020-09-03,41.630001068115234,41.369998931884766,CL=F
2020-09-04,41.25,39.77000045776367,CL=F
2020-09-08,39.47999954223633,36.7599983215332,CL=F
2020-09-09,36.790000915527344,38.04999923706055,CL=F
2020-09-10,37.79999923706055,37.29999923706055,CL=F
2020-09-11,37.0099983215332,37.33000183105469,CL=F
2020-09-14,37.31999969482422,37.2599983215332,CL=F
2020-09-15,37.279998779296875,38.279998779296875,CL=F
2020-09-16,38.349998474121094,40.15999984741211,CL=F
2020-09-17,40.189998626708984,40.970001220703125,CL=F
2020-09-18,40.970001220703125,41.11000061035156,CL=F
2020-09-21,40.97999954223633,39.310001373291016,CL=F
2020-09-22,39.630001068115234,39.599998474121094,CL=F
2020-09-23,39.7599983215332,39.93000030517578,CL=F
2020-09-24,39.599998474121094,40.310001373291016,CL=F
2020-09-25,40.150001525878906,40.25,CL=F
2020-09-28,40.06999969482422,40.599998474121094,CL=F
2020-09-29,40.58000183105469,39.290000915527344,CL=F
2020-09-30,39.15999984741211,40.220001220703125,CL=F
2020-10-01,39.900001525878906,38.720001220703125,CL=F
2020-10-02,38.599998474121094,37.04999923706055,CL=F
2020-10-05,37.0,39.220001220703125,CL=F
2020-10-06,39.349998474121094,40.66999816894531,CL=F
2020-10-07,39.83000183105469,39.95000076293945,CL=F
2020-10-08,39.9900016784668,41.189998626708984,CL=F
2020-10-09,41.310001373291016,40.599998474121094,CL=F
2020-10-12,40.400001525878906,39.43000030517578,CL=F
2020-10-13,39.529998779296875,40.20000076293945,CL=F
2020-10-14,40.189998626708984,41.040000915527344,CL=F
2020-10-15,41.130001068115234,40.959999084472656,CL=F
2020-10-16,40.880001068115234,40.880001068115234,CL=F
2020-10-19,40.689998626708984,40.83000183105469,CL=F
2020-10-20,40.650001525878906,41.459999084472656,CL=F
2020-10-21,41.220001220703125,40.029998779296875,CL=F
2020-10-22,40.040000915527344,40.63999938964844,CL=F
2020-10-23,40.61000061035156,39.849998474121094,CL=F
2020-10-26,39.689998626708984,38.560001373291016,CL=F
2020-10-27,38.59000015258789,39.56999969482422,CL=F
2020-10-28,38.970001220703125,37.38999938964844,CL=F
2020-10-29,37.38999938964844,36.16999816894531,CL=F
2020-10-30,36.06999969482422,35.790000915527344,CL=F
2020-11-02,35.2400016784668,36.810001373291016,CL=F
2020-11-03,37.029998779296875,37.65999984741211,CL=F
2020-11-04,38.150001525878906,39.150001525878906,CL=F
2020-11-05,39.16999816894531,38.790000915527344,CL=F
2020-11-06,38.540000915527344,37.13999938964844,CL=F
2020-11-09,37.34000015258789,40.290000915527344,CL=F
2020-11-10,39.90999984741211,41.36000061035156,CL=F
2020-11-11,41.790000915527344,41.45000076293945,CL=F
2020-11-12,41.470001220703125,41.119998931884766,CL=F
2020-11-13,40.939998626708984,40.130001068115234,CL=F
2020-11-16,40.16999816894531,41.34000015258789,CL=F
2020-11-17,41.439998626708984,41.43000030517578,CL=F
2020-11-18,41.349998474121094,41.81999969482422,CL=F
2020-11-19,41.61000061035156,41.7400016784668,CL=F
2020-11-20,41.70000076293945,42.150001525878906,CL=F
2020-11-23,42.459999084472656,43.060001373291016,CL=F
2020-11-24,42.84000015258789,44.90999984741211,CL=F
2020-11-25,44.81999969482422,45.709999084472656,CL=F
2020-11-27,45.900001525878906,45.529998779296875,CL=F
2020-11-30,45.34000015258789,45.34000015258789,CL=F
2020-12-01,45.08000183105469,44.54999923706055,CL=F
2020-12-02,44.380001068115234,45.279998779296875,CL=F
2020-12-03,44.9900016784668,45.63999938964844,CL=F
2020-12-04,45.63999938964844,46.2599983215332,CL=F
2020-12-07,46.150001525878906,45.7599983215332,CL=F
2020-12-08,45.65999984741211,45.599998474121094,CL=F
2020-12-09,45.599998474121094,45.52000045776367,CL=F
2020-12-10,45.689998626708984,46.779998779296875,CL=F
2020-12-11,46.970001220703125,46.56999969482422,CL=F
2020-12-14,46.72999954223633,46.9900016784668,CL=F
2020-12-15,46.9900016784668,47.619998931884766,CL=F
2020-12-16,47.599998474121094,47.81999969482422,CL=F
2020-12-17,47.849998474121094,48.36000061035156,CL=F
2020-12-18,48.43000030517578,49.099998474121094,CL=F
2020-12-21,48.540000915527344,47.7400016784668,CL=F
2020-12-22,47.93000030517578,47.02000045776367,CL=F
2020-12-23,46.790000915527344,48.119998931884766,CL=F
2020-12-24,48.09000015258789,48.22999954223633,CL=F
2020-12-28,48.22999954223633,47.619998931884766,CL=F
2020-12-29,47.720001220703125,48.0,CL=F
2020-12-30,48.130001068115234,48.400001525878906,CL=F
2020-12-31,48.349998474121094,48.52000045776367,CL=F
2021-01-04,48.400001525878906,47.619998931884766,CL=F
2021-01-05,47.380001068115234,49.93000030517578,CL=F
2021-01-06,49.81999969482422,50.630001068115234,CL=F
2021-01-07,50.529998779296875,50.83000183105469,CL=F
2021-01-08,50.93000030517578,52.2400016784668,CL=F
2021-01-11,52.58000183105469,52.25,CL=F
2021-01-12,52.18000030517578,53.209999084472656,CL=F
2021-01-13,53.310001373291016,52.90999984741211,CL=F
2021-01-14,52.84000015258789,53.56999969482422,CL=F
2021-01-15,53.79999923706055,52.36000061035156,CL=F
2021-01-19,52.0,52.97999954223633,CL=F
2021-01-20,53.130001068115234,53.2400016784668,CL=F
2021-01-21,52.93000030517578,53.130001068115234,CL=F
2021-01-22,53.099998474121094,52.27000045776367,CL=F
2021-01-25,52.16999816894531,52.77000045776367,CL=F
2021-01-26,52.90999984741211,52.61000061035156,CL=F
2021-01-27,52.7599983215332,52.849998474121094,CL=F
2021-01-28,52.650001525878906,52.34000015258789,CL=F
2021-01-29,52.150001525878906,52.20000076293945,CL=F
2021-02-01,51.9900016784668,53.54999923706055,CL=F
2021-02-02,53.47999954223633,54.7599983215332,CL=F
2021-02-03,55.04999923706055,55.689998626708984,CL=F
2021-02-04,55.959999084472656,56.22999954223633,CL=F
2021-02-05,56.459999084472656,56.849998474121094,CL=F
2021-02-08,57.060001373291016,57.970001220703125,CL=F
2021-02-09,58.11000061035156,58.36000061035156,CL=F
2021-02-10,58.45000076293945,58.68000030517578,CL=F
2021-02-11,58.400001525878906,58.2400016784668,CL=F
2021-02-12,57.939998626708984,59.470001220703125,CL=F
2021-02-16,59.97999954223633,60.04999923706055,CL=F
2021-02-17,60.2400016784668,61.13999938964844,CL=F
2021-02-18,61.68000030517578,60.52000045776367,CL=F
2021-02-19,60.20000076293945,59.2400016784668,CL=F
2021-02-22,58.880001068115234,61.4900016784668,CL=F
2021-02-23,62.15999984741211,61.66999816894531,CL=F
2021-02-24,61.290000915527344,63.220001220703125,CL=F
2021-02-25,63.38999938964844,63.529998779296875,CL=F
2021-02-26,63.459999084472656,61.5,CL=F
2021-03-01,61.95000076293945,60.63999938964844,CL=F
2021-03-02,60.22999954223633,59.75,CL=F
2021-03-03,59.54999923706055,61.279998779296875,CL=F
2021-03-04,61.08000183105469,63.83000183105469,CL=F
2021-03-05,64.16000366210938,66.08999633789062,CL=F
2021-03-08,66.68000030517578,65.05000305175781,CL=F
2021-03-09,64.7300033569336,64.01000213623047,CL=F
2021-03-10,63.84000015258789,64.44000244140625,CL=F
2021-03-11,64.69999694824219,66.0199966430664,CL=F
2021-03-12,65.95999908447266,65.61000061035156,CL=F
2021-03-15,65.55999755859375,65.38999938964844,CL=F
2021-03-16,65.33000183105469,64.80000305175781,CL=F
2021-03-17,64.75,64.5999984741211,CL=F
2021-03-18,64.41999816894531,60.0,CL=F
2021-03-19,59.560001373291016,61.41999816894531,CL=F
2021-03-22,61.54999923706055,61.54999923706055,CL=F
2021-03-23,61.279998779296875,57.7599983215332,CL=F
2021-03-24,57.400001525878906,61.18000030517578,CL=F
2021-03-25,60.79999923706055,58.560001373291016,CL=F
2021-03-26,58.47999954223633,60.970001220703125,CL=F
2021-03-29,60.93000030517578,61.560001373291016,CL=F
2021-03-30,61.959999084472656,60.54999923706055,CL=F
2021-03-31,60.45000076293945,59.15999984741211,CL=F
2021-04-01,59.4900016784668,61.45000076293945,CL=F
2021-04-05,61.5,58.650001525878906,CL=F
2021-04-06,58.79999923706055,59.33000183105469,CL=F
2021-04-07,59.2599983215332,59.77000045776367,CL=F
2021-04-08,59.52000045776367,59.599998474121094,CL=F
2021-04-09,59.7599983215332,59.31999969482422,CL=F
2021-04-12,59.349998474121094,59.70000076293945,CL=F
2021-04-13,59.63999938964844,60.18000030517578,CL=F
2021-04-14,60.439998626708984,63.150001525878906,CL=F
2021-04-15,62.83000183105469,63.459999084472656,CL=F
2021-04-16,63.31999969482422,63.130001068115234,CL=F
2021-04-19,62.97999954223633,63.380001068115234,CL=F
2021-04-20,63.470001220703125,62.439998626708984,CL=F
2021-04-21,62.38999938964844,61.349998474121094,CL=F
2021-04-22,61.11000061035156,61.43000030517578,CL=F
2021-04-23,61.650001525878906,62.13999938964844,CL=F
2021-04-26,62.060001373291016,61.90999984741211,CL=F
2021-04-27,61.970001220703125,62.939998626708984,CL=F
2021-04-28,63.040000915527344,63.86000061035156,CL=F
2021-04-29,63.70000076293945,65.01000213623047,CL=F
2021-04-30,64.87999725341797,63.58000183105469,CL=F
2021-05-03,63.63999938964844,64.48999786376953,CL=F
2021-05-04,64.52999877929688,65.69000244140625,CL=F
2021-05-05,66.44999694824219,65.62999725341797,CL=F
2021-05-06,65.2699966430664,64.70999908447266,CL=F
2021-05-07,64.9000015258789,64.9000015258789,CL=F
2021-05-10,65.56999969482422,64.91999816894531,CL=F
2021-05-11,64.9000015258789,65.27999877929688,CL=F
2021-05-12,65.45999908447266,66.08000183105469,CL=F
2021-05-13,65.75,63.81999969482422,CL=F
2021-05-14,63.83000183105469,65.37000274658203,CL=F
2021-05-17,65.5,66.2699966430664,CL=F
2021-05-18,66.33000183105469,65.48999786376953,CL=F
2021-05-19,65.27999877929688,63.36000061035156,CL=F
2021-05-20,63.38999938964844,62.04999923706055,CL=F
2021-05-21,61.88999938964844,63.58000183105469,CL=F
2021-05-24,63.869998931884766,66.05000305175781,CL=F
2021-05-25,66.0199966430664,66.06999969482422,CL=F
2021-05-26,66.04000091552734,66.20999908447266,CL=F
2021-05-27,66.16000366210938,66.8499984741211,CL=F
2021-05-28,66.94999694824219,66.31999969482422,CL=F
2021-06-01,66.68000030517578,67.72000122070312,CL=F
2021-06-02,67.98999786376953,68.83000183105469,CL=F
2021-06-03,68.76000213623047,68.80999755859375,CL=F
2021-06-04,68.91000366210938,69.62000274658203,CL=F
2021-06-07,69.5199966430664,69.2300033569336,CL=F
2021-06-08,69.29000091552734,70.05000305175781,CL=F
2021-06-09,70.01000213623047,69.95999908447266,CL=F
2021-06-10,69.76000213623047,70.29000091552734,CL=F
2021-06-11,70.0999984741211,70.91000366210938,CL=F
2021-06-14,70.6500015258789,70.87999725341797,CL=F
2021-06-15,71.16000366210938,72.12000274658203,CL=F
2021-06-16,72.44999694824219,72.1500015258789,CL=F
2021-06-17,71.6500015258789,71.04000091552734,CL=F
2021-06-18,71.0999984741211,71.63999938964844,CL=F
2021-06-21,71.5199966430664,73.66000366210938,CL=F
2021-06-22,73.41000366210938,73.05999755859375,CL=F
2021-06-23,72.91000366210938,73.08000183105469,CL=F
2021-06-24,73.27999877929688,73.30000305175781,CL=F
2021-06-25,73.31999969482422,74.05000305175781,CL=F
2021-06-28,73.98999786376953,72.91000366210938,CL=F
2021-06-29,72.77999877929688,72.9800033569336,CL=F
2021-06-30,73.47000122070312,73.47000122070312,CL=F
2021-07-01,73.5,75.2300033569336,CL=F
2021-07-02,75.0199966430664,75.16000366210938,CL=F
2021-07-06,75.3499984741211,73.37000274658203,CL=F
2021-07-07,73.8499984741211,72.19999694824219,CL=F
2021-07-08,72.16999816894531,72.94000244140625,CL=F
2021-07-09,73.26000213623047,74.55999755859375,CL=F
2021-07-12,74.73999786376953,74.0999984741211,CL=F
2021-07-13,74.18000030517578,75.25,CL=F
2021-07-14,75.16999816894531,73.12999725341797,CL=F
2021-07-15,72.95999908447266,71.6500015258789,CL=F
2021-07-16,71.4800033569336,71.80999755859375,CL=F
2021-07-19,71.48999786376953,66.41999816894531,CL=F
2021-07-20,66.5999984741211,67.41999816894531,CL=F
2021-07-21,66.44999694824219,70.30000305175781,CL=F
2021-07-22,70.22000122070312,71.91000366210938,CL=F
2021-07-23,71.70999908447266,72.06999969482422,CL=F
2021-07-26,72.18000030517578,71.91000366210938,CL=F
2021-07-27,72.22000122070312,71.6500015258789,CL=F
2021-07-28,71.9000015258789,72.38999938964844,CL=F
2021-07-29,72.4000015258789,73.62000274658203,CL=F
2021-07-30,73.41000366210938,73.94999694824219,CL=F
2021-08-02,73.91000366210938,71.26000213623047,CL=F
2021-08-03,71.5199966430664,70.55999755859375,CL=F
2021-08-04,70.31999969482422,68.1500015258789,CL=F
2021-08-05,68.05999755859375,69.08999633789062,CL=F
2021-08-06,69.13999938964844,68.27999877929688,CL=F
2021-08-09,67.87999725341797,66.4800033569336,CL=F
2021-08-10,66.8499984741211,68.29000091552734,CL=F
2021-08-11,68.51000213623047,69.25,CL=F
2021-08-12,69.36000061035156,69.08999633789062,CL=F
2021-08-13,68.91000366210938,68.44000244140625,CL=F
2021-08-16,68.12999725341797,67.29000091552734,CL=F
2021-08-17,67.43000030517578,66.58999633789062,CL=F
2021-08-18,66.58000183105469,65.45999908447266,CL=F
2021-08-19,64.58000183105469,63.689998626708984,CL=F
2021-08-20,64.05000305175781,62.31999969482422,CL=F
2021-08-23,61.959999084472656,65.63999938964844,CL=F
2021-08-24,65.54000091552734,67.54000091552734,CL=F
2021-08-25,67.62999725341797,68.36000061035156,CL=F
2021-08-26,68.0,67.41999816894531,CL=F
2021-08-27,67.75,68.73999786376953,CL=F
2021-08-30,69.30000305175781,69.20999908447266,CL=F
2021-08-31,69.18000030517578,68.5,CL=F
2021-09-01,68.55000305175781,68.58999633789062,CL=F
2021-09-02,68.29000091552734,69.98999786376953,CL=F
2021-09-03,69.76000213623047,69.29000091552734,CL=F
2021-09-07,69.11000061035156,68.3499984741211,CL=F
2021-09-08,68.37000274658203,69.30000305175781,CL=F
2021-09-09,69.36000061035156,68.13999938964844,CL=F
2021-09-10,67.97000122070312,69.72000122070312,CL=F
2021-09-13,69.73999786376953,70.44999694824219,CL=F
2021-09-14,70.63999938964844,70.45999908447266,CL=F
2021-09-15,70.76000213623047,72.61000061035156,CL=F
2021-09-16,72.6500015258789,72.61000061035156,CL=F
2021-09-17,72.62000274658203,71.97000122070312,CL=F
2021-09-20,71.91999816894531,70.29000091552734,CL=F
2021-09-21,70.58999633789062,70.55999755859375,CL=F
2021-09-22,70.8499984741211,72.2300033569336,CL=F
2021-09-23,71.97000122070312,73.30000305175781,CL=F
2021-09-24,73.23999786376953,73.9800033569336,CL=F
2021-09-27,74.19000244140625,75.44999694824219,CL=F
2021-09-28,75.43000030517578,75.29000091552734,CL=F
2021-09-29,74.37999725341797,74.83000183105469,CL=F
2021-09-30,74.77999877929688,75.02999877929688,CL=F
2021-10-01,75.12000274658203,75.87999725341797,CL=F
2021-10-04,75.9000015258789,77.62000274658203,CL=F
2021-10-05,77.58000183105469,78.93000030517578,CL=F
2021-10-06,79.04000091552734,77.43000030517578,CL=F
2021-10-07,77.0,78.30000305175781,CL=F
2021-10-08,78.86000061035156,79.3499984741211,CL=F
2021-10-11,79.58999633789062,80.5199966430664,CL=F
2021-10-12,80.5,80.63999938964844,CL=F
2021-10-13,80.58000183105469,80.44000244140625,CL=F
2021-10-14,80.58999633789062,81.30999755859375,CL=F
2021-10-15,81.4800033569336,82.27999877929688,CL=F
2021-10-18,82.5999984741211,82.44000244140625,CL=F
2021-10-19,82.37000274658203,82.95999908447266,CL=F
2021-10-20,83.33999633789062,83.87000274658203,CL=F
2021-10-21,83.58000183105469,82.5,CL=F
2021-10-22,82.61000061035156,83.76000213623047,CL=F
2021-10-25,83.9800033569336,83.76000213623047,CL=F
2021-10-26,83.72000122070312,84.6500015258789,CL=F
2021-10-27,84.38999938964844,82.66000366210938,CL=F
2021-10-28,82.25,82.80999755859375,CL=F
2021-10-29,83.08999633789062,83.56999969482422,CL=F
2021-11-01,83.36000061035156,84.05000305175781,CL=F
2021-11-02,83.87000274658203,83.91000366210938,CL=F
2021-11-03,83.06999969482422,80.86000061035156,CL=F
2021-11-04,80.18000030517578,78.80999755859375,CL=F
2021-11-05,79.37000274658203,81.2699966430664,CL=F
2021-11-08,81.12999725341797,81.93000030517578,CL=F
2021-11-09,82.16000366210938,84.1500015258789,CL=F
2021-11-10,84.52999877929688,81.33999633789062,CL=F
2021-11-11,81.41000366210938,81.58999633789062,CL=F
2021-11-12,81.20999908447266,80.79000091552734,CL=F
2021-11-15,80.66000366210938,80.87999725341797,CL=F
2021-11-16,80.93000030517578,80.76000213623047,CL=F
2021-11-17,80.54000091552734,78.36000061035156,CL=F
2021-11-18,78.33999633789062,79.01000213623047,CL=F
2021-11-19,78.76000213623047,76.0999984741211,CL=F
2021-11-22,75.75,76.75,CL=F
2021-11-23,76.45999908447266,78.5,CL=F
2021-11-24,78.4800033569336,78.38999938964844,CL=F
2021-11-26,78.33999633789062,68.1500015258789,CL=F
2021-11-29,69.2300033569336,69.94999694824219,CL=F
2021-11-30,70.04000091552734,66.18000030517578,CL=F
2021-12-01,67.01000213623047,65.56999969482422,CL=F
2021-12-02,65.62999725341797,66.5,CL=F
2021-12-03,67.5,66.26000213623047,CL=F
2021-12-06,67.0199966430664,69.48999786376953,CL=F
2021-12-07,69.72000122070312,72.05000305175781,CL=F
2021-12-08,71.86000061035156,72.36000061035156,CL=F
2021-12-09,72.5199966430664,70.94000244140625,CL=F
2021-12-10,70.68000030517578,71.66999816894531,CL=F
2021-12-13,72.04000091552734,71.29000091552734,CL=F
2021-12-14,71.12000274658203,70.7300033569336,CL=F
2021-12-15,70.3499984741211,70.87000274658203,CL=F
2021-12-16,71.4800033569336,72.37999725341797,CL=F
2021-12-17,71.91999816894531,70.86000061035156,CL=F
2021-12-20,70.06999969482422,68.2300033569336,CL=F
2021-12-21,69.20999908447266,71.12000274658203,CL=F
2021-12-22,71.2699966430664,72.76000213623047,CL=F
2021-12-23,73.02999877929688,73.79000091552734,CL=F
2021-12-27,73.37999725341797,75.56999969482422,CL=F
2021-12-28,75.97000122070312,75.9800033569336,CL=F
2021-12-29,76.04000091552734,76.55999755859375,CL=F
2021-12-30,76.58000183105469,76.98999786376953,CL=F
2021-12-31,76.66000366210938,75.20999908447266,CL=F
2022-01-03,75.69000244140625,76.08000183105469,CL=F
2022-01-04,76.0199966430664,76.98999786376953,CL=F
2022-01-05,77.18000030517578,77.8499984741211,CL=F
2022-01-06,77.23999786376953,79.45999908447266,CL=F
2022-01-07,79.62000274658203,78.9000015258789,CL=F
2022-01-10,78.87999725341797,78.2300033569336,CL=F
2022-01-11,78.41999816894531,81.22000122070312,CL=F
2022-01-12,81.37999725341797,82.63999938964844,CL=F
2022-01-13,82.81999969482422,82.12000274658203,CL=F
2022-01-14,81.7300033569336,83.81999969482422,CL=F
2022-01-18,84.31999969482422,85.43000030517578,CL=F
2022-01-19,86.61000061035156,86.95999908447266,CL=F
2022-01-20,86.2300033569336,86.9000015258789,CL=F
2022-01-21,84.56999969482422,85.13999938964844,CL=F
2022-01-24,84.91000366210938,83.30999755859375,CL=F
2022-01-25,84.1500015258789,85.5999984741211,CL=F
2022-01-26,85.26000213623047,87.3499984741211,CL=F
2022-01-27,87.1500015258789,86.61000061035156,CL=F
2022-01-28,87.5,86.81999969482422,CL=F
2022-01-31,87.44999694824219,88.1500015258789,CL=F
2022-02-01,88.1500015258789,88.19999694824219,CL=F
2022-02-02,88.3499984741211,88.26000213623047,CL=F
2022-02-03,87.9800033569336,90.2699966430664,CL=F
2022-02-04,90.19000244140625,92.30999755859375,CL=F
2022-02-07,91.81999969482422,91.31999969482422,CL=F
2022-02-08,91.63999938964844,89.36000061035156,CL=F
2022-02-09,89.86000061035156,89.66000366210938,CL=F
2022-02-10,90.01000213623047,89.87999725341797,CL=F
2022-02-11,90.0,93.0999984741211,CL=F
2022-02-14,93.91000366210938,95.45999908447266,CL=F
2022-02-15,94.83000183105469,92.06999969482422,CL=F
2022-02-16,92.20999908447266,93.66000366210938,CL=F
2022-02-17,90.9000015258789,91.76000213623047,CL=F
2022-02-18,91.62999725341797,91.06999969482422,CL=F
2022-02-22,91.75,92.3499984741211,CL=F
2022-02-23,91.73999786376953,92.0999984741211,CL=F
2022-02-24,92.5199966430664,92.80999755859375,CL=F
2022-02-25,93.31999969482422,91.58999633789062,CL=F
2022-02-28,94.98999786376953,95.72000122070312,CL=F
2022-03-01,96.08999633789062,103.41000366210938,CL=F
2022-03-02,107.12000274658203,110.5999984741211,CL=F
2022-03-03,111.33000183105469,107.66999816894531,CL=F
2022-03-04,107.95999908447266,115.68000030517578,CL=F
2022-03-07,121.33000183105469,119.4000015258789,CL=F
2022-03-08,120.66999816894531,123.69999694824219,CL=F
2022-03-09,124.66000366210938,108.69999694824219,CL=F
2022-03-10,110.41000366210938,106.0199966430664,CL=F
2022-03-11,105.98999786376953,109.33000183105469,CL=F
2022-03-14,109.41999816894531,103.01000213623047,CL=F
2022-03-15,102.27999877929688,96.44000244140625,CL=F
2022-03-16,95.2300033569336,95.04000091552734,CL=F
2022-03-17,95.33999633789062,102.9800033569336,CL=F
2022-03-18,103.62000274658203,104.69999694824219,CL=F
2022-03-21,105.12999725341797,112.12000274658203,CL=F
2022-03-22,112.9000015258789,111.76000213623047,CL=F
2022-03-23,108.8499984741211,114.93000030517578,CL=F
2022-03-24,114.47000122070312,112.33999633789062,CL=F
2022-03-25,111.75,113.9000015258789,CL=F
2022-03-28,112.91999816894531,105.95999908447266,CL=F
2022-03-29,103.47000122070312,104.23999786376953,CL=F
2022-03-30,105.23999786376953,107.81999969482422,CL=F
2022-03-31,107.44999694824219,100.27999877929688,CL=F
2022-04-01,101.2300033569336,99.2699966430664,CL=F
2022-04-04,98.94999694824219,103.27999877929688,CL=F
2022-04-05,103.66000366210938,101.95999908447266,CL=F
2022-04-06,101.23999786376953,96.2300033569336,CL=F
2022-04-07,97.16000366210938,96.02999877929688,CL=F
2022-04-08,97.16999816894531,98.26000213623047,CL=F
2022-04-11,98.4000015258789,94.29000091552734,CL=F
2022-04-12,95.16999816894531,100.5999984741211,CL=F
2022-04-13,100.91000366210938,104.25,CL=F
2022-04-14,104.19999694824219,106.94999694824219,CL=F
2022-04-18,107.02999877929688,108.20999908447266,CL=F
2022-04-19,107.75,102.55999755859375,CL=F
2022-04-20,103.05000305175781,102.75,CL=F
2022-04-21,102.5,103.79000091552734,CL=F
2022-04-22,104.06999969482422,102.06999969482422,CL=F
2022-04-25,101.37999725341797,98.54000091552734,CL=F
2022-04-26,98.63999938964844,101.69999694824219,CL=F
2022-04-27,101.76000213623047,102.0199966430664,CL=F
2022-04-28,102.11000061035156,105.36000061035156,CL=F
2022-04-29,105.16999816894531,104.69000244140625,CL=F
2022-05-02,104.0,105.16999816894531,CL=F
2022-05-03,105.08000183105469,102.41000366210938,CL=F
2022-05-04,103.5,107.80999755859375,CL=F
2022-05-05,107.58000183105469,108.26000213623047,CL=F
2022-05-06,108.69999694824219,109.7699966430664,CL=F
2022-05-09,110.43000030517578,103.08999633789062,CL=F
2022-05-10,102.6500015258789,99.76000213623047,CL=F
2022-05-11,99.0,105.70999908447266,CL=F
2022-05-12,105.62999725341797,106.12999725341797,CL=F
2022-05-13,106.6500015258789,110.48999786376953,CL=F
2022-05-16,110.9800033569336,114.19999694824219,CL=F
2022-05-17,113.87000274658203,112.4000015258789,CL=F
2022-05-18,113.66000366210938,109.58999633789062,CL=F
2022-05-19,109.08999633789062,112.20999908447266,CL=F
2022-05-20,111.44999694824219,113.2300033569336,CL=F
2022-05-23,110.55999755859375,110.29000091552734,CL=F
2022-05-24,110.41000366210938,109.7699966430664,CL=F
2022-05-25,110.38999938964844,110.33000183105469,CL=F
2022-05-26,110.69000244140625,114.08999633789062,CL=F
2022-05-27,114.19999694824219,115.06999969482422,CL=F
2022-05-31,114.95999908447266,114.66999816894531,CL=F
2022-06-01,115.4000015258789,115.26000213623047,CL=F
2022-06-02,114.80000305175781,116.87000274658203,CL=F
2022-06-03,117.55000305175781,118.87000274658203,CL=F
2022-06-06,120.81999969482422,118.5,CL=F
2022-06-07,119.0999984741211,119.41000366210938,CL=F
2022-06-08,119.79000091552734,122.11000061035156,CL=F
2022-06-09,122.43000030517578,121.51000213623047,CL=F
2022-06-10,121.45999908447266,120.66999816894531,CL=F
2022-06-13,120.19000244140625,120.93000030517578,CL=F
2022-06-14,121.08999633789062,118.93000030517578,CL=F
2022-06-15,119.06999969482422,115.30999755859375,CL=F
2022-06-16,115.9800033569336,117.58999633789062,CL=F
2022-06-17,117.08000183105469,109.55999755859375,CL=F
2022-06-21,110.58000183105469,110.6500015258789,CL=F
2022-06-22,109.54000091552734,106.19000244140625,CL=F
2022-06-23,104.41999816894531,104.2699966430664,CL=F
2022-06-24,103.98999786376953,107.62000274658203,CL=F
2022-06-27,107.22000122070312,109.56999969482422,CL=F
2022-06-28,110.18000030517578,111.76000213623047,CL=F
2022-06-29,111.86000061035156,109.77999877929688,CL=F
2022-06-30,109.69999694824219,105.76000213623047,CL=F
2022-07-01,106.01000213623047,108.43000030517578,CL=F
2022-07-05,108.80000305175781,99.5,CL=F
2022-07-06,100.36000061035156,98.52999877929688,CL=F
2022-07-07,98.22000122070312,102.7300033569336,CL=F
2022-07-08,102.22000122070312,104.79000091552734,CL=F
2022-07-11,104.79000091552734,104.08999633789062,CL=F
2022-07-12,103.45999908447266,95.83999633789062,CL=F
2022-07-13,95.88999938964844,96.30000305175781,CL=F
2022-07-14,96.56999969482422,95.77999877929688,CL=F
2022-07-15,96.38999938964844,97.58999633789062,CL=F
2022-07-18,97.2699966430664,102.5999984741211,CL=F
2022-07-19,102.0,104.22000122070312,CL=F
2022-07-20,103.5999984741211,102.26000213623047,CL=F
2022-07-21,99.91000366210938,96.3499984741211,CL=F
2022-07-22,96.51000213623047,94.69999694824219,CL=F
2022-07-25,95.0999984741211,96.69999694824219,CL=F
2022-07-26,96.33000183105469,94.9800033569336,CL=F
2022-07-27,95.5999984741211,97.26000213623047,CL=F
2022-07-28,98.16999816894531,96.41999816894531,CL=F
2022-07-29,97.30000305175781,98.62000274658203,CL=F
2022-08-01,98.45999908447266,93.88999938964844,CL=F
2022-08-02,93.75,94.41999816894531,CL=F
2022-08-03,93.83000183105469,90.66000366210938,CL=F
2022-08-04,90.94999694824219,88.54000091552734,CL=F
2022-08-05,88.05999755859375,89.01000213623047,CL=F
2022-08-08,88.45999908447266,90.76000213623047,CL=F
2022-08-09,90.69000244140625,90.5,CL=F
2022-08-10,90.51000213623047,91.93000030517578,CL=F
2022-08-11,91.55000305175781,94.33999633789062,CL=F
2022-08-12,94.08999633789062,92.08999633789062,CL=F
2022-08-15,91.94000244140625,89.41000366210938,CL=F
2022-08-16,87.93000030517578,86.52999877929688,CL=F
2022-08-17,87.0999984741211,88.11000061035156,CL=F
2022-08-18,87.38999938964844,90.5,CL=F
2022-08-19,90.38999938964844,90.7699966430664,CL=F
2022-08-22,89.6500015258789,90.2300033569336,CL=F
2022-08-23,90.55000305175781,93.73999786376953,CL=F
2022-08-24,93.77999877929688,94.88999938964844,CL=F
2022-08-25,95.3499984741211,92.5199966430664,CL=F
2022-08-26,93.05999755859375,93.05999755859375,CL=F
2022-08-29,92.95999908447266,97.01000213623047,CL=F
2022-08-30,96.9000015258789,91.63999938964844,CL=F
2022-08-31,92.30999755859375,89.55000305175781,CL=F
2022-09-01,88.83000183105469,86.61000061035156,CL=F
2022-09-02,86.55999755859375,86.87000274658203,CL=F
2022-09-06,86.83999633789062,86.87999725341797,CL=F
2022-09-07,86.93000030517578,81.94000244140625,CL=F
2022-09-08,81.91000366210938,83.54000091552734,CL=F
2022-09-09,82.80000305175781,86.79000091552734,CL=F
2022-09-12,86.25,87.77999877929688,CL=F
2022-09-13,88.08999633789062,87.30999755859375,CL=F
2022-09-14,87.94000244140625,88.4800033569336,CL=F
2022-09-15,88.91000366210938,85.0999984741211,CL=F
2022-09-16,85.16000366210938,85.11000061035156,CL=F
2022-09-19,85.20999908447266,85.7300033569336,CL=F
2022-09-20,85.61000061035156,84.44999694824219,CL=F
2022-09-21,84.25,82.94000244140625,CL=F
2022-09-22,83.06999969482422,83.48999786376953,CL=F
2022-09-23,83.54000091552734,78.73999786376953,CL=F
2022-09-26,79.2300033569336,76.70999908447266,CL=F
2022-09-27,76.47000122070312,78.5,CL=F
2022-09-28,78.08000183105469,82.1500015258789,CL=F
2022-09-29,81.9000015258789,81.2300033569336,CL=F
2022-09-30,81.73999786376953,79.48999786376953,CL=F
2022-10-03,81.0199966430664,83.62999725341797,CL=F
2022-10-04,83.22000122070312,86.5199966430664,CL=F
2022-10-05,86.37000274658203,87.76000213623047,CL=F
2022-10-06,88.08000183105469,88.44999694824219,CL=F
2022-10-07,88.93000030517578,92.63999938964844,CL=F
2022-10-10,93.4800033569336,91.12999725341797,CL=F
2022-10-11,91.13999938964844,89.3499984741211,CL=F
2022-10-12,88.66999816894531,87.2699966430664,CL=F
2022-10-13,87.08000183105469,89.11000061035156,CL=F
2022-10-14,89.2699966430664,85.61000061035156,CL=F
2022-10-17,85.58999633789062,85.45999908447266,CL=F
2022-10-18,85.69999694824219,82.81999969482422,CL=F
2022-10-19,83.69000244140625,85.55000305175781,CL=F
2022-10-20,85.94000244140625,85.9800033569336,CL=F
2022-10-21,85.06999969482422,85.05000305175781,CL=F
2022-10-24,85.23999786376953,84.58000183105469,CL=F
2022-10-25,84.87999725341797,85.31999969482422,CL=F
2022-10-26,85.06999969482422,87.91000366210938,CL=F
2022-10-27,88.26000213623047,89.08000183105469,CL=F
2022-10-28,88.66999816894531,87.9000015258789,CL=F
2022-10-31,88.38999938964844,86.52999877929688,CL=F
2022-11-01,86.43000030517578,88.37000274658203,CL=F
2022-11-02,88.62000274658203,90.0,CL=F
2022-11-03,89.3499984741211,88.16999816894531,CL=F
2022-11-04,87.9000015258789,92.61000061035156,CL=F
2022-11-07,91.0,91.79000091552734,CL=F
2022-11-08,91.87000274658203,88.91000366210938,CL=F
2022-11-09,88.56999969482422,85.83000183105469,CL=F
2022-11-10,85.8499984741211,86.47000122070312,CL=F
2022-11-11,86.2699966430664,88.95999908447266,CL=F
2022-11-14,89.0199966430664,85.87000274658203,CL=F
2022-11-15,85.25,86.91999816894531,CL=F
2022-11-16,86.88999938964844,85.58999633789062,CL=F
2022-11-17,85.22000122070312,81.63999938964844,CL=F
2022-11-18,82.08999633789062,80.08000183105469,CL=F
2022-11-21,80.30000305175781,79.7300033569336,CL=F
2022-11-22,80.22000122070312,80.94999694824219,CL=F
2022-11-23,81.08000183105469,77.94000244140625,CL=F
2022-11-25,77.51000213623047,76.27999877929688,CL=F
2022-11-28,75.93000030517578,77.23999786376953,CL=F
2022-11-29,76.54000091552734,78.19999694824219,CL=F
2022-11-30,79.0,80.55000305175781,CL=F
2022-12-01,80.4000015258789,81.22000122070312,CL=F
2022-12-02,81.47000122070312,79.9800033569336,CL=F
2022-12-05,79.98999786376953,76.93000030517578,CL=F
2022-12-06,77.3499984741211,74.25,CL=F
2022-12-07,74.55000305175781,72.01000213623047,CL=F
2022-12-08,72.37999725341797,71.45999908447266,CL=F
2022-12-09,71.8499984741211,71.0199966430664,CL=F
2022-12-12,71.79000091552734,73.16999816894531,CL=F
2022-12-13,73.29000091552734,75.38999938964844,CL=F
2022-12-14,75.2699966430664,77.27999877929688,CL=F
2022-12-15,77.37000274658203,76.11000061035156,CL=F
2022-12-16,76.37000274658203,74.29000091552734,CL=F
2022-12-19,74.5,75.19000244140625,CL=F
2022-12-20,75.69999694824219,76.08999633789062,CL=F
2022-12-21,75.98999786376953,78.29000091552734,CL=F
2022-12-22,78.43000030517578,77.48999786376953,CL=F
2022-12-23,78.18000030517578,79.55999755859375,CL=F
2022-12-27,79.9000015258789,79.52999877929688,CL=F
2022-12-28,79.88999938964844,78.95999908447266,CL=F
2022-12-29,78.81999969482422,78.4000015258789,CL=F
2022-12-30,78.7300033569336,80.26000213623047,CL=F
2023-01-03,80.56999969482422,76.93000030517578,CL=F
2023-01-04,77.25,72.83999633789062,CL=F
2023-01-05,73.25,73.66999816894531,CL=F
2023-01-06,73.97000122070312,73.7699966430664,CL=F
2023-01-09,73.47000122070312,74.62999725341797,CL=F
2023-01-10,74.86000061035156,75.12000274658203,CL=F
2023-01-11,74.77999877929688,77.41000366210938,CL=F
2023-01-12,77.69999694824219,78.38999938964844,CL=F
2023-01-13,78.31999969482422,79.86000061035156,CL=F
2023-01-17,80.0999984741211,80.18000030517578,CL=F
2023-01-18,80.97000122070312,79.4800033569336,CL=F
2023-01-19,79.13999938964844,80.33000183105469,CL=F
2023-01-20,80.5999984741211,81.30999755859375,CL=F
2023-01-23,81.79000091552734,81.62000274658203,CL=F
2023-01-24,81.62000274658203,80.12999725341797,CL=F
2023-01-25,80.26000213623047,80.1500015258789,CL=F
2023-01-26,80.4800033569336,81.01000213623047,CL=F
2023-01-27,81.22000122070312,79.68000030517578,CL=F
2023-01-30,80.04000091552734,77.9000015258789,CL=F
2023-01-31,77.91000366210938,78.87000274658203,CL=F
2023-02-01,79.05999755859375,76.41000366210938,CL=F
2023-02-02,76.79000091552734,75.87999725341797,CL=F
2023-02-03,75.91999816894531,73.38999938964844,CL=F
2023-02-06,73.2300033569336,74.11000061035156,CL=F
2023-02-07,74.56999969482422,77.13999938964844,CL=F
2023-02-08,77.48999786376953,78.47000122070312,CL=F
2023-02-09,78.44999694824219,78.05999755859375,CL=F
2023-02-10,77.68000030517578,79.72000122070312,CL=F
2023-02-13,79.94000244140625,80.13999938964844,CL=F
2023-02-14,79.05999755859375,79.05999755859375,CL=F
2023-02-15,78.83000183105469,78.58999633789062,CL=F
2023-02-16,78.54000091552734,78.48999786376953,CL=F
2023-02-17,78.06999969482422,76.33999633789062,CL=F
2023-02-21,76.52999877929688,76.16000366210938,CL=F
2023-02-22,76.11000061035156,73.94999694824219,CL=F
2023-02-23,73.91999816894531,75.38999938964844,CL=F
2023-02-24,75.5999984741211,76.31999969482422,CL=F
2023-02-27,76.41999816894531,75.68000030517578,CL=F
2023-02-28,75.76000213623047,77.05000305175781,CL=F
2023-03-01,76.8499984741211,77.69000244140625,CL=F
2023-03-02,77.73999786376953,78.16000366210938,CL=F
2023-03-03,77.88999938964844,79.68000030517578,CL=F
2023-03-06,79.91999816894531,80.45999908447266,CL=F
2023-03-07,80.5,77.58000183105469,CL=F
2023-03-08,77.31999969482422,76.66000366210938,CL=F
2023-03-09,76.5,75.72000122070312,CL=F
2023-03-10,75.6500015258789,76.68000030517578,CL=F
2023-03-13,76.5999984741211,74.80000305175781,CL=F
2023-03-14,74.69999694824219,71.33000183105469,CL=F
2023-03-15,71.55999755859375,67.61000061035156,CL=F
2023-03-16,68.22000122070312,68.3499984741211,CL=F
2023-03-17,68.26000213623047,66.73999786376953,CL=F
2023-03-20,66.62000274658203,67.63999938964844,CL=F
2023-03-21,67.62000274658203,69.33000183105469,CL=F
2023-03-22,69.4800033569336,70.9000015258789,CL=F
2023-03-23,69.94999694824219,69.95999908447266,CL=F
2023-03-24,69.51000213623047,69.26000213623047,CL=F
2023-03-27,69.41999816894531,72.80999755859375,CL=F
2023-03-28,72.86000061035156,73.19999694824219,CL=F
2023-03-29,73.61000061035156,72.97000122070312,CL=F
2023-03-30,72.9800033569336,74.37000274658203,CL=F
2023-03-31,74.37000274658203,75.66999816894531,CL=F
2023-04-03,80.0999984741211,80.41999816894531,CL=F
2023-04-04,80.44000244140625,80.70999908447266,CL=F
2023-04-05,81.01000213623047,80.61000061035156,CL=F
2023-04-06,80.37000274658203,80.69999694824219,CL=F
2023-04-10,80.5,79.73999786376953,CL=F
2023-04-11,79.87999725341797,81.52999877929688,CL=F
2023-04-12,81.44000244140625,83.26000213623047,CL=F
2023-04-13,83.22000122070312,82.16000366210938,CL=F
2023-04-14,82.4000015258789,82.5199966430664,CL=F
2023-04-17,82.4800033569336,80.83000183105469,CL=F
2023-04-18,81.0,80.86000061035156,CL=F
2023-04-19,80.91999816894531,79.16000366210938,CL=F
2023-04-20,78.87000274658203,77.29000091552734,CL=F
2023-04-21,77.12999725341797,77.87000274658203,CL=F
2023-04-24,77.97000122070312,78.76000213623047,CL=F
2023-04-25,78.73999786376953,77.06999969482422,CL=F
2023-04-26,77.08000183105469,74.30000305175781,CL=F
2023-04-27,74.37999725341797,74.76000213623047,CL=F
2023-04-28,74.91000366210938,76.77999877929688,CL=F
2023-05-01,76.66000366210938,75.66000366210938,CL=F
2023-05-02,75.76000213623047,71.66000366210938,CL=F
2023-05-03,71.55999755859375,68.5999984741211,CL=F
2023-05-04,68.16000366210938,68.55999755859375,CL=F
2023-05-05,68.69999694824219,71.33999633789062,CL=F
2023-05-08,71.3499984741211,73.16000366210938,CL=F
2023-05-09,72.83999633789062,73.70999908447266,CL=F
2023-05-10,73.58000183105469,72.55999755859375,CL=F
2023-05-11,72.7699966430664,70.87000274658203,CL=F
2023-05-12,71.41999816894531,70.04000091552734,CL=F
2023-05-15,70.04000091552734,71.11000061035156,CL=F
2023-05-16,71.31999969482422,70.86000061035156,CL=F
2023-05-17,70.5999984741211,72.83000183105469,CL=F
2023-05-18,72.75,71.86000061035156,CL=F
2023-05-19,71.94000244140625,71.55000305175781,CL=F
2023-05-22,71.69999694824219,71.98999786376953,CL=F
2023-05-23,72.0999984741211,72.91000366210938,CL=F
2023-05-24,73.7699966430664,74.33999633789062,CL=F
2023-05-25,74.20999908447266,71.83000183105469,CL=F
2023-05-26,71.88999938964844,72.66999816894531,CL=F
2023-05-30,73.2300033569336,69.45999908447266,CL=F
2023-05-31,69.62000274658203,68.08999633789062,CL=F
2023-06-01,67.5999984741211,70.0999984741211,CL=F
2023-06-02,70.20999908447266,71.73999786376953,CL=F
2023-06-05,75.02999877929688,72.1500015258789,CL=F
2023-06-06,71.98999786376953,71.73999786376953,CL=F
2023-06-07,71.55999755859375,72.52999877929688,CL=F
2023-06-08,72.47000122070312,71.29000091552734,CL=F
2023-06-09,70.94000244140625,70.16999816894531,CL=F
2023-06-12,70.2699966430664,67.12000274658203,CL=F
2023-06-13,67.30999755859375,69.41999816894531,CL=F
2023-06-14,69.3499984741211,68.2699966430664,CL=F
2023-06-15,68.69999694824219,70.62000274658203,CL=F
2023-06-16,70.55000305175781,71.77999877929688,CL=F
2023-06-20,71.44999694824219,70.5,CL=F
2023-06-21,70.9000015258789,72.52999877929688,CL=F
2023-06-22,72.43000030517578,69.51000213623047,CL=F
2023-06-23,69.52999877929688,69.16000366210938,CL=F
2023-06-26,69.83999633789062,69.37000274658203,CL=F
2023-06-27,69.48999786376953,67.69999694824219,CL=F
2023-06-28,68.01000213623047,69.55999755859375,CL=F
2023-06-29,69.25,69.86000061035156,CL=F
2023-06-30,69.81999969482422,70.63999938964844,CL=F
2023-07-03,70.44999694824219,69.79000091552734,CL=F
2023-07-05,70.1500015258789,71.79000091552734,CL=F
2023-07-06,71.80000305175781,71.80000305175781,CL=F
2023-07-07,71.88999938964844,73.86000061035156,CL=F
2023-07-10,73.86000061035156,72.98999786376953,CL=F
2023-07-11,73.19000244140625,74.83000183105469,CL=F
2023-07-12,74.83000183105469,75.75,CL=F
2023-07-13,75.8499984741211,76.88999938964844,CL=F
2023-07-14,77.16000366210938,75.41999816894531,CL=F
2023-07-17,75.0199966430664,74.1500015258789,CL=F
2023-07-18,74.18000030517578,75.75,CL=F
2023-07-19,75.83999633789062,75.3499984741211,CL=F
2023-07-20,75.3499984741211,75.62999725341797,CL=F
2023-07-21,75.69999694824219,77.06999969482422,CL=F
2023-07-24,77.01000213623047,78.73999786376953,CL=F
2023-07-25,78.8499984741211,79.62999725341797,CL=F
2023-07-26,79.33999633789062,78.77999877929688,CL=F
2023-07-27,78.9000015258789,80.08999633789062,CL=F
2023-07-28,79.83999633789062,80.58000183105469,CL=F
2023-07-31,80.6500015258789,81.80000305175781,CL=F
2023-08-01,81.7300033569336,81.37000274658203,CL=F
2023-08-02,82.05000305175781,79.48999786376953,CL=F
2023-08-03,79.7699966430664,81.55000305175781,CL=F
2023-08-04,81.7300033569336,82.81999969482422,CL=F
2023-08-07,82.81999969482422,81.94000244140625,CL=F
2023-08-08,82.52999877929688,82.91999816894531,CL=F
2023-08-09,82.87999725341797,84.4000015258789,CL=F
2023-08-10,84.25,82.81999969482422,CL=F
2023-08-11,82.83000183105469,83.19000244140625,CL=F
2023-08-14,83.08999633789062,82.51000213623047,CL=F
2023-08-15,82.5199966430664,80.98999786376953,CL=F
2023-08-16,81.2300033569336,79.37999725341797,CL=F
2023-08-17,79.25,80.38999938964844,CL=F
2023-08-18,80.04000091552734,81.25,CL=F
2023-08-21,81.43000030517578,80.72000122070312,CL=F
2023-08-22,80.80000305175781,80.3499984741211,CL=F
2023-08-23,79.63999938964844,78.88999938964844,CL=F
2023-08-24,78.56999969482422,79.05000305175781,CL=F
2023-08-25,78.87999725341797,79.83000183105469,CL=F
2023-08-28,80.1500015258789,80.0999984741211,CL=F
2023-08-29,79.9800033569336,81.16000366210938,CL=F
2023-08-30,81.29000091552734,81.62999725341797,CL=F
2023-08-31,81.69999694824219,83.62999725341797,CL=F
2023-09-01,83.62999725341797,85.55000305175781,CL=F
2023-09-05,86.05999755859375,86.69000244140625,CL=F
2023-09-06,86.72000122070312,87.54000091552734,CL=F
2023-09-07,87.54000091552734,86.87000274658203,CL=F
2023-09-08,86.77999877929688,87.51000213623047,CL=F
2023-09-11,87.4000015258789,87.29000091552734,CL=F
2023-09-12,87.2699966430664,88.83999633789062,CL=F
2023-09-13,88.75,88.5199966430664,CL=F
2023-09-14,88.80999755859375,90.16000366210938,CL=F
2023-09-15,90.66999816894531,90.7699966430664,CL=F
2023-09-18,91.19999694824219,91.4800033569336,CL=F
2023-09-19,92.22000122070312,91.19999694824219,CL=F
2023-09-20,91.55000305175781,90.27999877929688,CL=F
2023-09-21,89.30000305175781,89.62999725341797,CL=F
2023-09-22,89.62000274658203,90.02999877929688,CL=F
2023-09-25,90.55000305175781,89.68000030517578,CL=F
2023-09-26,89.87999725341797,90.38999938964844,CL=F
2023-09-27,90.52999877929688,93.68000030517578,CL=F
2023-09-28,93.77999877929688,91.70999908447266,CL=F
2023-09-29,91.76000213623047,90.79000091552734,CL=F
2023-10-02,90.81999969482422,88.81999969482422,CL=F
2023-10-03,88.66999816894531,89.2300033569336,CL=F
2023-10-04,89.41999816894531,84.22000122070312,CL=F
2023-10-05,84.44999694824219,82.30999755859375,CL=F
2023-10-06,82.27999877929688,82.79000091552734,CL=F
2023-10-09,85.25,86.37999725341797,CL=F
2023-10-10,86.43000030517578,85.97000122070312,CL=F
2023-10-11,85.95999908447266,83.48999786376953,CL=F
2023-10-12,83.19999694824219,82.91000366210938,CL=F
2023-10-13,83.51000213623047,87.69000244140625,CL=F
2023-10-16,87.72000122070312,86.66000366210938,CL=F
2023-10-17,87.05999755859375,86.66000366210938,CL=F
2023-10-18,87.80999755859375,88.31999969482422,CL=F
2023-10-19,88.23999786376953,89.37000274658203,CL=F
2023-10-20,90.27999877929688,88.75,CL=F
2023-10-23,88.0,85.48999786376953,CL=F
2023-10-24,86.1500015258789,83.73999786376953,CL=F
2023-10-25,83.69000244140625,85.38999938964844,CL=F
2023-10-26,85.37000274658203,83.20999908447266,CL=F
2023-10-27,83.52999877929688,85.54000091552734,CL=F
2023-10-30,85.0,82.30999755859375,CL=F
2023-10-31,82.58999633789062,81.0199966430664,CL=F
2023-11-01,81.4800033569336,80.44000244140625,CL=F
2023-11-02,80.81999969482422,82.45999908447266,CL=F
2023-11-03,82.58000183105469,80.51000213623047,CL=F
2023-11-06,81.12999725341797,80.81999969482422,CL=F
2023-11-07,80.93000030517578,77.37000274658203,CL=F
2023-11-08,77.12000274658203,75.33000183105469,CL=F
2023-11-09,75.6500015258789,75.73999786376953,CL=F
2023-11-10,75.58999633789062,77.16999816894531,CL=F
2023-11-13,77.1500015258789,78.26000213623047,CL=F
2023-11-14,78.52999877929688,78.26000213623047,CL=F
2023-11-15,78.16999816894531,76.66000366210938,CL=F
2023-11-16,76.5999984741211,72.9000015258789,CL=F
2023-11-17,72.97000122070312,75.88999938964844,CL=F
2023-11-20,75.6500015258789,77.5999984741211,CL=F
2023-11-21,77.6500015258789,77.7699966430664,CL=F
2023-11-22,77.7699966430664,77.0999984741211,CL=F
2023-11-24,76.79000091552734,75.54000091552734,CL=F
2023-11-27,75.30999755859375,74.86000061035156,CL=F
2023-11-28,75.06999969482422,76.41000366210938,CL=F
2023-11-29,76.55999755859375,77.86000061035156,CL=F
2023-11-30,77.75,75.95999908447266,CL=F
2023-12-01,75.58999633789062,74.06999969482422,CL=F
2023-12-04,74.58000183105469,73.04000091552734,CL=F
2023-12-05,73.30000305175781,72.31999969482422,CL=F
2023-12-06,72.0999984741211,69.37999725341797,CL=F
2023-12-07,69.27999877929688,69.33999633789062,CL=F
2023-12-08,69.76000213623047,71.2300033569336,CL=F
2023-12-11,71.1500015258789,71.31999969482422,CL=F
2023-12-12,71.43000030517578,68.61000061035156,CL=F
2023-12-13,68.7300033569336,69.47000122070312,CL=F
2023-12-14,69.8499984741211,71.58000183105469,CL=F
2023-12-15,71.61000061035156,71.43000030517578,CL=F
2023-12-18,71.68000030517578,72.47000122070312,CL=F
2023-12-19,72.4800033569336,73.44000244140625,CL=F
2023-12-20,74.05999755859375,74.22000122070312,CL=F
2023-12-21,73.80999755859375,73.88999938964844,CL=F
2023-12-22,73.91000366210938,73.55999755859375,CL=F
2023-12-26,73.55999755859375,75.56999969482422,CL=F
2023-12-27,75.31999969482422,74.11000061035156,CL=F
2023-12-28,73.80000305175781,71.7699966430664,CL=F
2023-12-29,71.98999786376953,71.6500015258789,CL=F
2024-01-02,71.70999908447266,70.37999725341797,CL=F
2024-01-03,70.5,72.69999694824219,CL=F
2024-01-04,73.04000091552734,72.19000244140625,CL=F
2024-01-05,72.4000015258789,73.80999755859375,CL=F
2024-01-08,73.51000213623047,70.7699966430664,CL=F
2024-01-09,70.91000366210938,72.23999786376953,CL=F
2024-01-10,72.16999816894531,71.37000274658203,CL=F
2024-01-11,71.33000183105469,72.0199966430664,CL=F
2024-01-12,73.01000213623047,72.68000030517578,CL=F
2024-01-16,72.62999725341797,72.4000015258789,CL=F
2024-01-17,72.0,72.55999755859375,CL=F
2024-01-18,72.77999877929688,74.08000183105469,CL=F
2024-01-19,74.08000183105469,73.41000366210938,CL=F
2024-01-22,73.41000366210938,75.19000244140625,CL=F
2024-01-23,74.68000030517578,74.37000274658203,CL=F
2024-01-24,74.56999969482422,75.08999633789062,CL=F
2024-01-25,75.30000305175781,77.36000061035156,CL=F
2024-01-26,77.1500015258789,78.01000213623047,CL=F
2024-01-29,78.9000015258789,76.77999877929688,CL=F
2024-01-30,77.0199966430664,77.81999969482422,CL=F
2024-01-31,77.83999633789062,75.8499984741211,CL=F
2024-02-01,75.95999908447266,73.81999969482422,CL=F
2024-02-02,73.91000366210938,72.27999877929688,CL=F
2024-02-05,72.75,72.77999877929688,CL=F
2024-02-06,72.76000213623047,73.30999755859375,CL=F
2024-02-07,73.5,73.86000061035156,CL=F
2024-02-08,74.08000183105469,76.22000122070312,CL=F
2024-02-09,76.41999816894531,76.83999633789062,CL=F
2024-02-12,76.5999984741211,76.91999816894531,CL=F
2024-02-13,77.02999877929688,77.87000274658203,CL=F
2024-02-14,77.80999755859375,76.63999938964844,CL=F
2024-02-15,76.5999984741211,78.02999877929688,CL=F
2024-02-16,78.11000061035156,79.19000244140625,CL=F
2024-02-20,78.9800033569336,78.18000030517578,CL=F
2024-02-21,77.1500015258789,77.91000366210938,CL=F
2024-02-22,78.08999633789062,78.61000061035156,CL=F
2024-02-23,78.37000274658203,76.48999786376953,CL=F
2024-02-26,76.4000015258789,77.58000183105469,CL=F
2024-02-27,77.62000274658203,78.87000274658203,CL=F
2024-02-28,78.4800033569336,78.54000091552734,CL=F
2024-02-29,78.19999694824219,78.26000213623047,CL=F
2024-03-01,78.27999877929688,79.97000122070312,CL=F
2024-03-04,80.13999938964844,78.73999786376953,CL=F
2024-03-05,78.73999786376953,78.1500015258789,CL=F
2024-03-06,78.1500015258789,79.12999725341797,CL=F
2024-03-07,79.12999725341797,78.93000030517578,CL=F
2024-03-08,79.51000213623047,78.01000213623047,CL=F
2024-03-11,77.80000305175781,77.93000030517578,CL=F
2024-03-12,78.08999633789062,77.55999755859375,CL=F
2024-03-13,78.05999755859375,79.72000122070312,CL=F
2024-03-14,79.62999725341797,81.26000213623047,CL=F
2024-03-15,81.13999938964844,81.04000091552734,CL=F
2024-03-18,81.02999877929688,82.72000122070312,CL=F
2024-03-19,82.8499984741211,83.47000122070312,CL=F
2024-03-20,83.19999694824219,81.68000030517578,CL=F
2024-03-21,81.48999786376953,81.06999969482422,CL=F
2024-03-22,80.83999633789062,80.62999725341797,CL=F
2024-03-25,80.8499984741211,81.94999694824219,CL=F
2024-03-26,81.94000244140625,81.62000274658203,CL=F
2024-03-27,81.29000091552734,81.3499984741211,CL=F
2024-03-28,81.70999908447266,83.16999816894531,CL=F
2024-04-01,83.13999938964844,83.70999908447266,CL=F
2024-04-02,84.04000091552734,85.1500015258789,CL=F
2024-04-03,85.45999908447266,85.43000030517578,CL=F
2024-04-04,85.66000366210938,86.58999633789062,CL=F
2024-04-05,86.86000061035156,86.91000366210938,CL=F
2024-04-08,86.0999984741211,86.43000030517578,CL=F
2024-04-09,86.58999633789062,85.2300033569336,CL=F
2024-04-10,85.33999633789062,86.20999908447266,CL=F
2024-04-11,86.31999969482422,85.0199966430664,CL=F
2024-04-12,85.5999984741211,85.66000366210938,CL=F
2024-04-15,85.93000030517578,85.41000366210938,CL=F
2024-04-16,85.69999694824219,85.36000061035156,CL=F
2024-04-17,85.36000061035156,82.69000244140625,CL=F
2024-04-18,82.79000091552734,82.7300033569336,CL=F
2024-04-19,82.62000274658203,83.13999938964844,CL=F
2024-04-22,83.05000305175781,82.8499984741211,CL=F
2024-04-23,82.12999725341797,83.36000061035156,CL=F
2024-04-24,83.4000015258789,82.80999755859375,CL=F
2024-04-25,82.83000183105469,83.56999969482422,CL=F
2024-04-26,83.80999755859375,83.8499984741211,CL=F
2024-04-29,83.69000244140625,82.62999725341797,CL=F
2024-04-30,82.76000213623047,81.93000030517578,CL=F
2024-05-01,81.4800033569336,79.0,CL=F
2024-05-02,79.1500015258789,78.94999694824219,CL=F
2024-05-03,79.06999969482422,78.11000061035156,CL=F
2024-05-06,78.16000366210938,78.4800033569336,CL=F
2024-05-07,78.72000122070312,78.37999725341797,CL=F
2024-05-08,78.33999633789062,78.98999786376953,CL=F
2024-05-09,79.2300033569336,79.26000213623047,CL=F
2024-05-10,79.58999633789062,78.26000213623047,CL=F
2024-05-13,78.18000030517578,79.12000274658203,CL=F
2024-05-14,79.2300033569336,78.0199966430664,CL=F
2024-05-15,78.44000244140625,78.62999725341797,CL=F
2024-05-16,78.83999633789062,79.2300033569336,CL=F
2024-05-17,79.37999725341797,80.05999755859375,CL=F
2024-05-20,80.01000213623047,79.80000305175781,CL=F
2024-05-21,79.69999694824219,79.26000213623047,CL=F
2024-05-22,78.20999908447266,77.56999969482422,CL=F
2024-05-23,77.29000091552734,76.87000274658203,CL=F
2024-05-24,77.04000091552734,77.72000122070312,CL=F
2024-05-28,77.80999755859375,79.83000183105469,CL=F
2024-05-29,80.26000213623047,79.2300033569336,CL=F
2024-05-30,79.27999877929688,77.91000366210938,CL=F
2024-05-31,77.91000366210938,76.98999786376953,CL=F
2024-06-03,76.97000122070312,74.22000122070312,CL=F
2024-06-04,74.0199966430664,73.25,CL=F
2024-06-05,72.9000015258789,74.06999969482422,CL=F
2024-06-06,74.30000305175781,75.55000305175781,CL=F
2024-06-07,75.66999816894531,75.52999877929688,CL=F
2024-06-10,75.3499984741211,77.73999786376953,CL=F
2024-06-11,78.12000274658203,77.9000015258789,CL=F
2024-06-12,78.22000122070312,78.5,CL=F
2024-06-13,78.37000274658203,78.62000274658203,CL=F
2024-06-14,77.95999908447266,78.44999694824219,CL=F
2024-06-17,78.4800033569336,80.33000183105469,CL=F
2024-06-18,80.43000030517578,81.56999969482422,CL=F
2024-06-20,81.5199966430664,82.16999816894531,CL=F
2024-06-21,81.2699966430664,80.7300033569336,CL=F
2024-06-24,80.44999694824219,81.62999725341797,CL=F
2024-06-25,81.69999694824219,80.83000183105469,CL=F
2024-06-26,80.72000122070312,80.9000015258789,CL=F
2024-06-27,80.86000061035156,81.73999786376953,CL=F
2024-06-28,81.86000061035156,81.54000091552734,CL=F
2024-07-01,81.44999694824219,83.37999725341797,CL=F
2024-07-02,83.43000030517578,82.80999755859375,CL=F
2024-07-03,83.19999694824219,83.87999725341797,CL=F
2024-07-05,83.5999984741211,83.16000366210938,CL=F
2024-07-08,83.1500015258789,82.33000183105469,CL=F
2024-07-09,82.22000122070312,81.41000366210938,CL=F
2024-07-10,81.80999755859375,82.0999984741211,CL=F
2024-07-11,82.4000015258789,82.62000274658203,CL=F
2024-07-12,82.86000061035156,82.20999908447266,CL=F
2024-07-15,82.16000366210938,81.91000366210938,CL=F
2024-07-16,81.91999816894531,80.76000213623047,CL=F
2024-07-17,80.8499984741211,82.8499984741211,CL=F
2024-07-18,83.11000061035156,82.81999969482422,CL=F
2024-07-19,82.47000122070312,80.12999725341797,CL=F
2024-07-22,80.38999938964844,79.77999877929688,CL=F
2024-07-23,78.2699966430664,76.95999908447266,CL=F
2024-07-24,77.44999694824219,77.58999633789062,CL=F
2024-07-25,77.5,78.27999877929688,CL=F
2024-07-26,78.3499984741211,77.16000366210938,CL=F
2024-07-29,77.30000305175781,75.80999755859375,CL=F
2024-07-30,75.91000366210938,74.7300033569336,CL=F
2024-07-31,75.23999786376953,77.91000366210938,CL=F
2024-08-01,78.58999633789062,76.30999755859375,CL=F
2024-08-02,76.87000274658203,73.5199966430664,CL=F
2024-08-05,74.20999908447266,72.94000244140625,CL=F
2024-08-06,73.86000061035156,73.19999694824219,CL=F
2024-08-07,72.83999633789062,75.2300033569336,CL=F
2024-08-08,75.47000122070312,76.19000244140625,CL=F
2024-08-09,76.0199966430664,76.83999633789062,CL=F
2024-08-12,76.98999786376953,80.05999755859375,CL=F
2024-08-13,79.73999786376953,78.3499984741211,CL=F
2024-08-14,78.7300033569336,76.9800033569336,CL=F
2024-08-15,77.5199966430664,78.16000366210938,CL=F
2024-08-16,78.16000366210938,76.6500015258789,CL=F
2024-08-19,76.58000183105469,74.37000274658203,CL=F
2024-08-20,74.33999633789062,74.04000091552734,CL=F
2024-08-21,73.12000274658203,71.93000030517578,CL=F
2024-08-22,71.93000030517578,73.01000213623047,CL=F
2024-08-23,72.95999908447266,74.83000183105469,CL=F
2024-08-26,75.0999984741211,77.41999816894531,CL=F
2024-08-27,77.19999694824219,75.52999877929688,CL=F
2024-08-28,75.75,74.5199966430664,CL=F
2024-08-29,74.41999816894531,75.91000366210938,CL=F
2024-08-30,75.87000274658203,73.55000305175781,CL=F
2024-09-03,73.52999877929688,70.33999633789062,CL=F
2024-09-04,70.27999877929688,69.19999694824219,CL=F
2024-09-05,69.2699966430664,69.1500015258789,CL=F
2024-09-06,69.33000183105469,67.66999816894531,CL=F
2024-09-09,68.12999725341797,68.70999908447266,CL=F
2024-09-10,68.77999877929688,65.75,CL=F
2024-09-11,66.27999877929688,67.30999755859375,CL=F
2024-09-12,67.38999938964844,68.97000122070312,CL=F
2024-09-13,69.30999755859375,68.6500015258789,CL=F
2024-09-16,69.16000366210938,70.08999633789062,CL=F
2024-09-17,70.5,71.19000244140625,CL=F
2024-09-18,71.13999938964844,70.91000366210938,CL=F
2024-09-19,70.12999725341797,71.94999694824219,CL=F
2024-09-20,72.0999984741211,71.91999816894531,CL=F
2024-09-23,71.30999755859375,70.37000274658203,CL=F
2024-09-24,70.76000213623047,71.55999755859375,CL=F
2024-09-25,71.54000091552734,69.69000244140625,CL=F
2024-09-26,69.88999938964844,67.66999816894531,CL=F
2024-09-27,67.44999694824219,68.18000030517578,CL=F
2024-09-30,68.62999725341797,68.16999816894531,CL=F
2024-10-01,68.41000366210938,69.83000183105469,CL=F
2024-10-02,70.80000305175781,70.0999984741211,CL=F
2024-10-03,70.9800033569336,73.70999908447266,CL=F
2024-10-04,73.94999694824219,74.37999725341797,CL=F
2024-10-07,74.4000015258789,77.13999938964844,CL=F
2024-10-08,77.33000183105469,73.56999969482422,CL=F
2024-10-09,73.83999633789062,73.23999786376953,CL=F
2024-10-10,73.38999938964844,75.8499984741211,CL=F
2024-10-11,75.73999786376953,75.55999755859375,CL=F
2024-10-14,75.05000305175781,73.83000183105469,CL=F
2024-10-15,71.51000213623047,70.58000183105469,CL=F
2024-10-16,70.98999786376953,70.38999938964844,CL=F
2024-10-17,70.68000030517578,70.66999816894531,CL=F
2024-10-18,70.75,69.22000122070312,CL=F
2024-10-21,69.45999908447266,70.55999755859375,CL=F
2024-10-22,70.48999786376953,72.08999633789062,CL=F
2024-10-23,71.3499984741211,70.7699966430664,CL=F
2024-10-24,71.0199966430664,70.19000244140625,CL=F
2024-10-25,70.33000183105469,71.77999877929688,CL=F
2024-10-28,68.9800033569336,67.37999725341797,CL=F
2024-10-29,68.0199966430664,67.20999908447266,CL=F
2024-10-30,67.47000122070312,68.61000061035156,CL=F
2024-10-31,69.0999984741211,69.26000213623047,CL=F
2024-11-01,70.44000244140625,69.48999786376953,CL=F
2024-11-04,70.29000091552734,71.47000122070312,CL=F
2024-11-05,71.62000274658203,71.98999786376953,CL=F
2024-11-06,72.0199966430664,71.69000244140625,CL=F
2024-11-07,71.87000274658203,72.36000061035156,CL=F
2024-11-08,72.20999908447266,70.37999725341797,CL=F
2024-11-11,70.25,68.04000091552734,CL=F
2024-11-12,68.1500015258789,68.12000274658203,CL=F
2024-11-13,67.9800033569336,68.43000030517578,CL=F
2024-11-14,68.12999725341797,68.69999694824219,CL=F
2024-11-15,68.62000274658203,67.0199966430664,CL=F
2024-11-18,66.86000061035156,69.16000366210938,CL=F
2024-11-19,69.01000213623047,69.38999938964844,CL=F
2024-11-20,69.55000305175781,68.87000274658203,CL=F
2024-11-21,69.04000091552734,70.0999984741211,CL=F
2024-11-22,70.18000030517578,71.23999786376953,CL=F
2024-11-25,71.44000244140625,68.94000244140625,CL=F
2024-11-26,69.08000183105469,68.7699966430664,CL=F
2024-11-27,68.91000366210938,68.72000122070312,CL=F
2024-11-29,68.7699966430664,68.0,CL=F
2024-12-02,68.0,68.0999984741211,CL=F
2024-12-03,68.16000366210938,69.94000244140625,CL=F
2024-12-04,70.0199966430664,68.54000091552734,CL=F
2024-12-05,68.73999786376953,68.30000305175781,CL=F
2024-12-06,68.44000244140625,67.19999694824219,CL=F
2024-12-09,67.1500015258789,68.37000274658203,CL=F
2024-12-10,68.19000244140625,68.58999633789062,CL=F
2024-12-11,68.5,70.29000091552734,CL=F
2024-12-12,70.43000030517578,70.0199966430664,CL=F
2024-12-13,70.05999755859375,71.29000091552734,CL=F
2024-12-16,71.44000244140625,70.70999908447266,CL=F
2024-12-17,70.61000061035156,70.08000183105469,CL=F
2024-12-18,70.22000122070312,70.58000183105469,CL=F
2024-12-19,70.13999938964844,69.91000366210938,CL=F
2024-12-20,69.2300033569336,69.45999908447266,CL=F
2024-12-23,69.4000015258789,69.23999786376953,CL=F
2024-12-24,69.55999755859375,70.0999984741211,CL=F
2024-12-26,70.19999694824219,69.62000274658203,CL=F
2024-12-27,69.68000030517578,70.5999984741211,CL=F
2024-12-30,70.41999816894531,70.98999786376953,CL=F
2024-12-31,71.1500015258789,71.72000122070312,CL=F
2025-01-02,71.8499984741211,73.12999725341797,CL=F
2025-01-03,73.12999725341797,73.95999908447266,CL=F
2025-01-06,74.05000305175781,73.55999755859375,CL=F
2025-01-07,73.44000244140625,74.25,CL=F
2025-01-08,74.5199966430664,73.31999969482422,CL=F
2025-01-09,73.31999969482422,73.91999816894531,CL=F
2025-01-10,74.29000091552734,76.56999969482422,CL=F
2025-01-13,76.54000091552734,78.81999969482422,CL=F
2025-01-14,78.81999969482422,77.5,CL=F
2025-01-15,78.02999877929688,80.04000091552734,CL=F
2025-01-16,80.4000015258789,78.68000030517578,CL=F
2025-01-17,78.75,77.87999725341797,CL=F
2025-01-21,78.19000244140625,75.88999938964844,CL=F
2025-01-22,75.87999725341797,75.44000244140625,CL=F
2025-01-23,75.38999938964844,74.62000274658203,CL=F
2025-01-24,74.30000305175781,74.66000366210938,CL=F
2025-01-27,74.54000091552734,73.16999816894531,CL=F
2025-01-28,73.1500015258789,73.7699966430664,CL=F
2025-01-29,73.94999694824219,72.62000274658203,CL=F
2025-01-30,73.0,72.7300033569336,CL=F
2025-01-31,73.19999694824219,72.52999877929688,CL=F
2025-02-03,74.13999938964844,73.16000366210938,CL=F
2025-02-04,72.3499984741211,72.69999694824219,CL=F
2025-02-05,72.76000213623047,71.02999877929688,CL=F
2025-02-06,71.18000030517578,70.61000061035156,CL=F
2025-02-07,70.55999755859375,71.0,CL=F
2025-02-10,71.0,72.31999969482422,CL=F
2025-02-11,72.48999786376953,73.31999969482422,CL=F
2025-02-12,73.19999694824219,71.37000274658203,CL=F
2025-02-13,71.23999786376953,71.29000091552734,CL=F
2025-02-14,71.5199966430664,70.73999786376953,CL=F
2025-02-18,70.69999694824219,71.8499984741211,CL=F
2025-02-19,71.77999877929688,72.25,CL=F
2025-02-20,72.18000030517578,72.56999969482422,CL=F
2025-02-21,72.58000183105469,70.4000015258789,CL=F
2025-02-24,69.80000305175781,70.69999694824219,CL=F
2025-02-25,70.91999816894531,68.93000030517578,CL=F
2025-02-26,69.11000061035156,68.62000274658203,CL=F
2025-02-27,68.81999969482422,70.3499984741211,CL=F
2025-02-28,70.16999816894531,69.76000213623047,CL=F
2025-03-03,69.94999694824219,68.37000274658203,CL=F
2025-03-04,68.45999908447266,68.26000213623047,CL=F
2025-03-05,68.08000183105469,66.30999755859375,CL=F
2025-03-06,66.38999938964844,66.36000061035156,CL=F
2025-03-07,66.33999633789062,67.04000091552734,CL=F
2025-03-10,67.11000061035156,66.02999877929688,CL=F
2025-03-11,65.94999694824219,66.25,CL=F
2025-03-12,66.62000274658203,67.68000030517578,CL=F
2025-03-13,67.69000244140625,66.55000305175781,CL=F
2025-03-14,66.77999877929688,67.18000030517578,CL=F
2025-03-17,67.3499984741211,67.58000183105469,CL=F
2025-03-18,67.4000015258789,66.9000015258789,CL=F
2025-03-19,66.72000122070312,67.16000366210938,CL=F
2025-03-20,67.29000091552734,68.26000213623047,CL=F
2025-03-21,68.3499984741211,68.27999877929688,CL=F
2025-03-24,68.3499984741211,69.11000061035156,CL=F
2025-03-25,69.16000366210938,69.0,CL=F
2025-03-26,69.16000366210938,69.6500015258789,CL=F
2025-03-27,69.95999908447266,69.91999816894531,CL=F
2025-03-28,69.91000366210938,69.36000061035156,CL=F
2025-03-31,69.43000030517578,71.4800033569336,CL=F
2025-04-01,71.38999938964844,71.19999694824219,CL=F
2025-04-02,71.19999694824219,71.70999908447266,CL=F
2025-04-03,70.37999725341797,66.94999694824219,CL=F
2025-04-04,66.63999938964844,61.9900016784668,CL=F
2025-04-07,61.119998931884766,60.70000076293945,CL=F
2025-04-08,61.029998779296875,59.58000183105469,CL=F
2025-04-09,58.31999969482422,62.349998474121094,CL=F
2025-04-10,62.709999084472656,60.06999969482422,CL=F
2025-04-11,60.20000076293945,61.5,CL=F
2025-04-14,61.70000076293945,61.529998779296875,CL=F
2025-04-15,61.58000183105469,61.33000183105469,CL=F
2025-04-16,61.540000915527344,62.470001220703125,CL=F
2025-04-17,62.630001068115234,64.68000030517578,CL=F
2025-04-21,64.30000305175781,63.08000183105469,CL=F
2025-04-22,63.43000030517578,64.30999755859375,CL=F
2025-04-23,64.0,62.27000045776367,CL=F
2025-04-24,62.34000015258789,62.790000915527344,CL=F
2025-04-25,62.86000061035156,63.02000045776367,CL=F
2025-04-28,63.4900016784668,62.04999923706055,CL=F
2025-04-29,61.869998931884766,60.41999816894531,CL=F
2025-04-30,60.15999984741211,58.209999084472656,CL=F
2025-05-01,58.15999984741211,59.2400016784668,CL=F
2025-05-02,58.9900016784668,58.290000915527344,CL=F
2025-05-05,56.7599983215332,57.130001068115234,CL=F
2025-05-06,57.25,59.09000015258789,CL=F
2025-05-07,58.97999954223633,58.06999969482422,CL=F
2025-05-08,57.93000030517578,59.90999984741211,CL=F
2025-05-09,60.25,61.02000045776367,CL=F
2025-05-12,61.38999938964844,61.95000076293945,CL=F
2025-05-13,62.0,63.66999816894531,CL=F
2025-05-14,63.619998931884766,63.150001525878906,CL=F
2025-05-15,62.880001068115234,61.619998931884766,CL=F
2025-05-16,61.70000076293945,62.4900016784668,CL=F
2025-05-19,62.75,62.689998626708984,CL=F
2025-05-20,62.68000030517578,62.560001373291016,CL=F
2025-05-21,62.27000045776367,61.56999969482422,CL=F
2025-05-22,61.33000183105469,61.20000076293945,CL=F
2025-05-23,60.810001373291016,61.529998779296875,CL=F
2025-05-27,61.70000076293945,60.88999938964844,CL=F
2025-05-28,61.040000915527344,61.84000015258789,CL=F
2025-05-29,61.83000183105469,60.939998626708984,CL=F
2025-05-30,60.939998626708984,60.790000915527344,CL=F
2025-06-02,61.11000061035156,62.52000045776367,CL=F
2025-06-03,63.02000045776367,63.40999984741211,CL=F
2025-06-04,63.36000061035156,62.849998474121094,CL=F
2025-06-05,62.7599983215332,63.369998931884766,CL=F
2025-06-06,63.33000183105469,64.58000183105469,CL=F
2025-06-09,64.80000305175781,65.29000091552734,CL=F
2025-06-10,65.45999908447266,64.9800033569336,CL=F
2025-06-11,64.76000213623047,68.1500015258789,CL=F
2025-06-12,69.02999877929688,68.04000091552734,CL=F
2025-06-13,68.9000015258789,72.9800033569336,CL=F
2025-06-16,76.54000091552734,71.7699966430664,CL=F
2025-06-17,71.11000061035156,74.83999633789062,CL=F
2025-06-18,75.61000061035156,75.13999938964844,CL=F
2025-06-20,74.5999984741211,74.93000030517578,CL=F
2025-06-23,78.0,68.51000213623047,CL=F
2025-06-24,67.73999786376953,64.37000274658203,CL=F
2025-06-25,65.12000274658203,64.91999816894531,CL=F
2025-06-26,64.9800033569336,65.23999786376953,CL=F
2025-06-27,65.30000305175781,65.5199966430664,CL=F
2025-06-30,65.1500015258789,65.11000061035156,CL=F
2025-07-01,64.95999908447266,65.44999694824219,CL=F
2025-07-02,65.55999755859375,67.44999694824219,CL=F
2025-07-03,67.5,67.0,CL=F
2025-07-04,67.12999725341797,66.5,CL=F
2025-07-07,65.69999694824219,67.93000030517578,CL=F
2025-07-08,67.95999908447266,68.33000183105469,CL=F
2025-07-09,68.18000030517578,68.37999725341797,CL=F
2025-07-10,68.29000091552734,66.56999969482422,CL=F
2025-07-11,66.8499984741211,68.44999694824219,CL=F
2025-07-14,68.68000030517578,66.9800033569336,CL=F
2025-07-15,66.86000061035156,66.5199966430664,CL=F
2025-07-16,66.7300033569336,66.37999725341797,CL=F
2025-07-17,66.5999984741211,67.54000091552734,CL=F
2025-07-18,67.5999984741211,67.33999633789062,CL=F
2025-07-21,67.31999969482422,67.19999694824219,CL=F
2025-07-22,67.12000274658203,66.20999908447266,CL=F
2025-07-23,65.48999786376953,65.25,CL=F
2025-07-24,65.41999816894531,66.02999877929688,CL=F
2025-07-25,66.1500015258789,65.16000366210938,CL=F
2025-07-28,65.1500015258789,66.70999908447266,CL=F
2025-07-29,67.04000091552734,69.20999908447266,CL=F
2025-07-30,69.33999633789062,70.0,CL=F
2025-07-31,70.30000305175781,69.26000213623047,CL=F
2025-08-01,69.3499984741211,67.33000183105469,CL=F
2025-08-04,66.8499984741211,66.29000091552734,CL=F
2025-08-05,66.20999908447266,65.16000366210938,CL=F
2025-08-06,65.1500015258789,64.3499984741211,CL=F
2025-08-07,64.36000061035156,63.880001068115234,CL=F
2025-08-08,63.849998474121094,63.880001068115234,CL=F
2025-08-11,63.47999954223633,63.959999084472656,CL=F
2025-08-12,64.0,63.16999816894531,CL=F
2025-08-13,63.06999969482422,62.650001525878906,CL=F
2025-08-14,62.790000915527344,63.959999084472656,CL=F
2025-08-15,63.90999984741211,62.79999923706055,CL=F
2025-08-18,63.0,63.41999816894531,CL=F
2025-08-19,63.27000045776367,62.349998474121094,CL=F
2025-08-20,62.599998474121094,63.209999084472656,CL=F
2025-08-21,62.849998474121094,63.52000045776367,CL=F
2025-08-22,63.5,63.65999984741211,CL=F
2025-08-25,63.880001068115234,64.80000305175781,CL=F
2025-08-26,64.75,63.25,CL=F
2025-08-27,63.310001373291016,64.1500015258789,CL=F
2025-08-28,63.869998931884766,64.5999984741211,CL=F
2025-08-29,64.26000213623047,64.01000213623047,CL=F
2025-09-02,63.95000076293945,65.58999633789062,CL=F
2025-09-03,65.62000274658203,63.970001220703125,CL=F
2025-09-04,63.81999969482422,63.47999954223633,CL=F
2025-09-05,63.33000183105469,61.869998931884766,CL=F
2025-09-08,62.0,62.2599983215332,CL=F
2025-09-09,62.43000030517578,62.630001068115234,CL=F
2025-09-10,62.7400016784668,63.66999816894531,CL=F
2025-09-11,63.79999923706055,62.369998931884766,CL=F
2025-09-12,62.27000045776367,62.689998626708984,CL=F
2025-09-15,62.970001220703125,63.29999923706055,CL=F
2025-09-16,63.310001373291016,64.5199966430664,CL=F
2025-09-17,64.58999633789062,64.05000305175781,CL=F
2025-09-18,63.9900016784668,63.56999969482422,CL=F
2025-09-19,63.59000015258789,62.68000030517578,CL=F
2025-09-22,62.7400016784668,62.63999938964844,CL=F
2025-09-23,62.33000183105469,63.40999984741211,CL=F
2025-09-24,63.63999938964844,64.98999786376953,CL=F
2025-09-25,64.80000305175781,64.9800033569336,CL=F
2025-09-26,65.19999694824219,65.72000122070312,CL=F
2025-09-29,65.06999969482422,63.45000076293945,CL=F
2025-09-30,63.13999938964844,62.369998931884766,CL=F
2025-10-01,62.459999084472656,61.779998779296875,CL=F
2025-10-02,61.779998779296875,60.47999954223633,CL=F
2025-10-03,60.70000076293945,60.880001068115234,CL=F
2025-10-06,61.13999938964844,61.689998626708984,CL=F
2025-10-07,61.72999954223633,61.72999954223633,CL=F
2025-10-08,62.04999923706055,62.54999923706055,CL=F
2025-10-09,62.310001373291016,61.5099983215332,CL=F
2025-10-10,61.4900016784668,58.900001525878906,CL=F
2025-10-13,59.0,59.4900016784668,CL=F
2025-10-14,59.58000183105469,58.70000076293945,CL=F
2025-10-15,58.599998474121094,58.27000045776367,CL=F
2025-10-16,58.77000045776367,57.459999084472656,CL=F
2025-10-17,57.5,57.540000915527344,CL=F
2025-10-20,57.72999954223633,57.52000045776367,CL=F
2025-10-21,57.369998931884766,57.81999969482422,CL=F
2025-10-22,57.59000015258789,58.5,CL=F
2025-10-23,59.939998626708984,61.790000915527344,CL=F
2025-10-24,61.790000915527344,61.5,CL=F
2025-10-27,61.81999969482422,61.310001373291016,CL=F
2025-10-28,61.5,60.150001525878906,CL=F
2025-10-29,60.18000030517578,60.47999954223633,CL=F
2025-10-30,60.38999938964844,60.56999969482422,CL=F
2025-10-31,60.29999923706055,60.97999954223633,CL=F
2025-11-03,61.400001525878906,61.04999923706055,CL=F
2025-11-04,61.029998779296875,60.560001373291016,CL=F
2025-11-05,60.43000030517578,59.599998474121094,CL=F
2025-11-06,59.68000030517578,59.43000030517578,CL=F
2025-11-07,59.650001525878906,59.75,CL=F
2025-11-10,59.869998931884766,60.130001068115234,CL=F
2025-11-11,60.06999969482422,61.040000915527344,CL=F
2025-11-12,61.04999923706055,58.4900016784668,CL=F
2025-11-13,58.470001220703125,58.689998626708984,CL=F
2025-11-14,58.709999084472656,60.09000015258789,CL=F
2025-11-17,59.79999923706055,59.90999984741211,CL=F
2025-11-18,59.7400016784668,60.7400016784668,CL=F
2025-11-19,60.619998931884766,59.439998626708984,CL=F
2025-11-20,59.630001068115234,59.13999938964844,CL=F
2025-11-21,58.79999923706055,58.060001373291016,CL=F
2025-11-24,58.04999923706055,58.84000015258789,CL=F
2025-11-25,58.88999938964844,57.95000076293945,CL=F
2025-11-26,58.04999923706055,58.650001525878906,CL=F
2025-11-28,58.58000183105469,58.54999923706055,CL=F
2025-12-01,58.959999084472656,59.31999969482422,CL=F
2025-12-02,59.52000045776367,58.63999938964844,CL=F
2025-12-03,58.650001525878906,58.95000076293945,CL=F
2025-12-04,59.09000015258789,59.66999816894531,CL=F
2025-12-05,59.70000076293945,60.08000183105469,CL=F
2025-12-08,60.150001525878906,58.880001068115234,CL=F
2025-12-09,58.869998931884766,58.25,CL=F
2025-12-10,58.369998931884766,58.459999084472656,CL=F
2025-12-11,58.90999984741211,57.599998474121094,CL=F
2025-12-12,57.88999938964844,57.439998626708984,CL=F
2025-12-15,57.5,56.81999969482422,CL=F
2025-12-16,56.68000030517578,55.27000045776367,CL=F
2025-12-17,55.22999954223633,55.939998626708984,CL=F
2025-12-18,56.900001525878906,56.150001525878906,CL=F
2025-12-19,56.029998779296875,56.65999984741211,CL=F
2025-12-22,56.630001068115234,58.0099983215332,CL=F
2025-12-23,57.95000076293945,58.380001068115234,CL=F
2025-12-24,58.470001220703125,58.349998474121094,CL=F
2025-12-26,58.349998474121094,56.7400016784668,CL=F
2025-12-29,57.040000915527344,58.08000183105469,CL=F
2025-12-30,57.810001373291016,57.95000076293945,CL=F
2025-12-31,57.95000076293945,57.41999816894531,CL=F
2026-01-02,57.40999984741211,57.31999969482422,CL=F
2026-01-05,57.470001220703125,58.31999969482422,CL=F
2026-01-06,58.34000015258789,57.130001068115234,CL=F
2026-01-07,57.0,55.9900016784668,CL=F
2026-01-08,56.41999816894531,57.7599983215332,CL=F
2026-01-09,58.400001525878906,59.119998931884766,CL=F
2026-01-12,59.0,59.5,CL=F
2026-01-13,59.95000076293945,61.150001525878906,CL=F
2026-01-14,61.119998931884766,62.02000045776367,CL=F
2026-01-15,61.060001373291016,59.189998626708984,CL=F
2026-01-16,59.2599983215332,59.439998626708984,CL=F
2026-01-20,59.0099983215332,60.34000015258789,CL=F
2026-01-21,59.56999969482422,60.619998931884766,CL=F
2026-01-22,60.68000030517578,59.36000061035156,CL=F
2026-01-23,59.65999984741211,61.06999969482422,CL=F
2026-01-26,61.220001220703125,60.630001068115234,CL=F
2026-01-27,60.779998779296875,62.38999938964844,CL=F
2026-01-28,62.58000183105469,63.209999084472656,CL=F
2026-01-29,63.5,65.41999816894531,CL=F
2026-01-30,65.5199966430664,65.20999908447266,CL=F
2026-02-02,64.72000122070312,62.13999938964844,CL=F
2026-02-03,62.279998779296875,63.209999084472656,CL=F
2026-02-04,63.79999923706055,65.13999938964844,CL=F
2026-02-05,64.48999786376953,63.290000915527344,CL=F
2026-02-06,63.099998474121094,63.54999923706055,CL=F
2026-02-09,62.9900016784668,64.36000061035156,CL=F
2026-02-10,64.44000244140625,63.959999084472656,CL=F
2026-02-11,64.19999694824219,64.62999725341797,CL=F
2026-02-12,64.87000274658203,62.84000015258789,CL=F
2026-02-13,62.9900016784668,62.88999938964844,CL=F
2026-02-17,63.29999923706055,62.33000183105469,CL=F
2026-02-18,62.29999923706055,65.19000244140625,CL=F
2026-02-19,65.0999984741211,66.43000030517578,CL=F
2026-02-20,66.66999816894531,66.38999938964844,CL=F
2026-02-23,65.88999938964844,66.30999755859375,CL=F
2026-02-24,66.30999755859375,65.62999725341797,CL=F
2026-02-25,66.06999969482422,65.41999816894531,CL=F
2026-02-26,65.6500015258789,65.20999908447266,CL=F
2026-02-27,65.3499984741211,67.0199966430664,CL=F
2026-03-02,75.0,71.2300033569336,CL=F
2026-03-03,71.2300033569336,74.55999755859375,CL=F
2026-03-04,74.73999786376953,74.66000366210938,CL=F
2026-03-05,76.1500015258789,81.01000213623047,CL=F
2026-03-06,79.08000183105469,90.9000015258789,CL=F
2026-03-09,98.0,94.7699966430664,CL=F
2026-03-10,85.75,83.44999694824219,CL=F
2026-03-11,86.88999938964844,87.25,CL=F
2026-03-12,89.31999969482422,95.7300033569336,CL=F
2026-03-13,96.73999786376953,98.70999908447266,CL=F
2026-03-16,100.93000030517578,93.5,CL=F
2026-03-17,94.41000366210938,96.20999908447266,CL=F
2026-03-18,96.0,96.31999969482422,CL=F
2026-03-19,99.12999725341797,96.13999938964844,CL=F
2026-03-20,95.0,98.31999969482422,CL=F
2026-03-23,100.51000213623047,88.12999725341797,CL=F
2026-03-24,88.77999877929688,92.3499984741211,CL=F
2026-03-25,88.48999786376953,90.31999969482422,CL=F
2026-03-26,91.37999725341797,94.4800033569336,CL=F
2026-03-27,93.30999755859375,99.63999938964844,CL=F
2026-03-30,102.5999984741211,102.87999725341797,CL=F
2026-03-31,105.06999969482422,101.37999725341797,CL=F
2026-04-01,101.72000122070312,100.12000274658203,CL=F
2026-04-02,98.91999816894531,111.54000091552734,CL=F
2026-04-06,112.95999908447266,112.41000366210938,CL=F
2026-04-07,112.62000274658203,112.94999694824219,CL=F
2026-04-08,108.73999786376953,94.41000366210938,CL=F
2026-04-09,96.77999877929688,97.87000274658203,CL=F
2026-04-10,98.2300033569336,96.56999969482422,CL=F
2026-04-13,102.0,99.08000183105469,CL=F
2026-04-14,97.98999786376953,91.27999877929688,CL=F
2026-04-15,92.0199966430664,91.29000091552734,CL=F
2026-04-16,91.47000122070312,94.69000244140625,CL=F
2026-04-17,93.18000030517578,83.8499984741211,CL=F
2026-04-20,89.0,89.61000061035156,CL=F
2026-04-21,87.88999938964844,92.12999725341797,CL=F
2026-04-22,90.0,92.95999908447266,CL=F
2026-04-23,92.9000015258789,95.8499984741211,CL=F
2026-04-24,96.62000274658203,94.4000015258789,CL=F
2026-04-27,95.5999984741211,96.37000274658203,CL=F
2026-04-28,96.66999816894531,99.93000030517578,CL=F
2026-04-29,99.70999908447266,106.87999725341797,CL=F
2026-04-30,109.06999969482422,105.06999969482422,CL=F
2026-05-01,105.13999938964844,101.94000244140625,CL=F
2026-05-04,99.7300033569336,106.41999816894531,CL=F
2026-05-05,104.93000030517578,102.2699966430664,CL=F
2026-05-06,102.69999694824219,95.08000183105469,CL=F
2026-05-07,96.30000305175781,94.80999755859375,CL=F
2026-05-08,98.25,95.41999816894531,CL=F
2026-05-11,98.19000244140625,98.06999969482422,CL=F
2026-05-12,98.38999938964844,102.18000030517578,CL=F
2026-05-13,102.16000366210938,101.0199966430664,CL=F
2026-05-14,101.0199966430664,101.16999816894531,CL=F
2026-05-15,102.05999755859375,105.41999816894531,CL=F
2026-05-18,106.0,108.66000366210938,CL=F
2026-05-19,107.11000061035156,107.7699966430664,CL=F
2026-05-20,104.12000274658203,98.26000213623047,CL=F
2026-05-21,98.94999694824219,96.3499984741211,CL=F
2026-05-22,98.0,96.5999984741211,CL=F
2026-05-26,93.87999725341797,93.88999938964844,CL=F
2026-05-27,93.38999938964844,88.68000030517578,CL=F
2026-05-28,89.11000061035156,88.9000015258789,CL=F
2026-05-29,88.55000305175781,87.36000061035156,CL=F
2026-06-01,88.5,92.16000366210938,CL=F
2026-06-02,92.44999694824219,93.76000213623047,CL=F
2026-06-03,93.44999694824219,96.0199966430664,CL=F
2026-06-04,95.75,93.04000091552734,CL=F
2026-06-05,92.81999969482422,90.54000091552734,CL=F
2026-06-08,93.0,91.30000305175781,CL=F
2026-06-09,91.27999877929688,88.19999694824219,CL=F
2026-06-10,89.4000015258789,90.02999877929688,CL=F
2026-06-11,92.25,87.70999908447266,CL=F
2026-06-12,86.63999938964844,84.87999725341797,CL=F
2026-06-15,81.4000015258789,80.75,CL=F
2026-06-16,81.0999984741211,76.05000305175781,CL=F
2026-06-17,76.58999633789062,76.79000091552734,CL=F
2026-06-18,75.52999877929688,76.5999984741211,CL=F
2026-06-22,78.93000030517578,74.81999969482422,CL=F
2026-06-23,74.13999938964844,73.20999908447266,CL=F
2026-06-24,73.12999725341797,70.33999633789062,CL=F
2026-06-25,69.94999694824219,71.91999816894531,CL=F
2026-06-26,71.44000244140625,69.2300033569336,CL=F
2026-06-29,70.5,70.75,CL=F
2026-06-30,70.43000030517578,69.5,CL=F
2026-07-01,69.9800033569336,68.58000183105469,CL=F
2026-07-02,68.02999877929688,68.69000244140625,CL=F
2026-07-06,68.68000030517578,68.55000305175781,CL=F
2026-07-07,68.58000183105469,70.44000244140625,CL=F
2026-07-08,72.37999725341797,73.5199966430664,CL=F
2026-07-09,74.94999694824219,72.08000183105469,CL=F
2026-07-10,71.86000061035156,71.41000366210938,CL=F
2026-07-13,73.69000244140625,78.13999938964844,CL=F
2026-07-14,78.04000091552734,79.33999633789062,CL=F
2026-07-15,79.73999786376953,79.5999984741211,CL=F
2026-07-16,80.0,78.94999694824219,CL=F
2026-07-17,79.56999969482422,82.48999786376953,CL=F
2026-07-20,83.76000213623047,83.2300033569336,CL=F
2026-07-21,83.4800033569336,84.91000366210938,CL=F
2026-07-22,84.69000244140625,86.83000183105469,CL=F
2026-07-23,87.72000122070312,92.19000244140625,CL=F
2026-07-24,92.55000305175781,89.30999755859375,CL=F
2026-07-27,86.12000274658203,82.61000061035156,CL=F
2026-07-28,82.0,79.26000213623047,CL=F
2026-07-29,80.04000091552734,84.45999908447266,CL=F
2026-07-30,84.6500015258789,83.58999633789062,CL=F
2026-07-31,83.91999816894531,84.66999816894531,CL=F
2026-08-03,80.0999984741211,80.33999633789062,CL=F
2026-08-04,80.0999984741211,75.7699966430664,CL=F
2026-08-05,75.16999816894531,75.22000122070312,CL=F
2026-08-06,75.13999938964844,77.29000091552734,CL=F
2026-08-07,78.16999816894531,78.18000030517578,CL=F
2026-08-10,78.41999816894531,82.12999725341797,CL=F
2026-08-11,82.3499984741211,83.19999694824219,CL=F
2026-08-12,83.48999786376953,83.2699966430664,CL=F
2026-08-13,82.69999694824219,81.25,CL=F
2026-08-14,81.2699966430664,82.4000015258789,CL=F
