date,close
2000-01-03,6.54799986
2000-01-04,6.48500013
2000-01-05,6.59899998
2000-01-06,6.54899979
2000-01-07,6.50400019
2000-01-10,6.55800009
2000-01-11,6.66400003
2000-01-12,6.69600010
2000-01-13,6.61800003
2000-01-14,6.67399979
2000-01-18,6.74800014
2000-01-19,6.72499990
2000-01-20,6.74800014
2000-01-21,6.78100014
2000-01-24,6.68400002
2000-01-25,6.68400002
2000-01-26,6.67999983
2000-01-27,6.68499994
2000-01-28,6.64799976
2000-01-31,6.66699982
2000-02-01,6.61700010
2000-02-02,6.59800005
2000-02-03,6.47499990
2000-02-04,6.51700020
2000-02-07,6.63100004
2000-02-08,6.59899998
2000-02-09,6.66900015
2000-02-10,6.65600014
2000-02-11,6.62099981
2000-02-14,6.53900003
2000-02-15,6.55200005
2000-02-16,6.54699993
2000-02-17,6.56899977
2000-02-18,6.48299980
2000-02-22,6.34200001
2000-02-23,6.42700005
2000-02-24,6.34600019
2000-02-25,6.34100008
2000-02-28,6.41400003
2000-02-29,6.40899992
2000-03-01,6.37900019
2000-03-02,6.39599991
2000-03-03,6.37099981
2000-03-06,6.40899992
2000-03-07,6.38299990
2000-03-08,6.37500000
2000-03-09,6.34100008
2000-03-10,6.38700008
2000-03-13,6.36199999
2000-03-14,6.29799986
2000-03-15,6.27600002
2000-03-16,6.23799992
2000-03-17,6.18800020
2000-03-20,6.17100000
2000-03-21,6.13700008
2000-03-22,6.11999989
2000-03-23,6.07000017
2000-03-24,6.17399979
2000-03-27,6.19500017
2000-03-28,6.17000008
2000-03-29,6.14900017
2000-03-30,6.06500006
2000-03-31,6.02299976
2000-04-03,5.98600006
2000-04-04,5.84100008
2000-04-05,5.88199997
2000-04-06,5.91499996
2000-04-07,5.84899998
2000-04-10,5.79199982
2000-04-11,5.87699986
2000-04-12,5.96799994
2000-04-13,5.91400003
2000-04-14,5.88500023
2000-04-17,5.99200010
2000-04-18,6.04600000
2000-04-19,5.97499990
2000-04-20,5.98799992
2000-04-24,5.98699999
2000-04-25,6.11700010
2000-04-26,6.13000011
2000-04-27,6.23500013
2000-04-28,6.21400023
2000-05-01,6.25500011
2000-05-02,6.31199980
2000-05-03,6.40299988
2000-05-04,6.44600010
2000-05-05,6.50699997
2000-05-08,6.55999994
2000-05-09,6.52400017
2000-05-10,6.43699980
2000-05-11,6.40700006
2000-05-12,6.49800014
2000-05-15,6.45900011
2000-05-16,6.40199995
2000-05-17,6.46299982
2000-05-18,6.54600000
2000-05-19,6.51100016
2000-05-22,6.42000008
2000-05-23,6.44600010
2000-05-24,6.45900011
2000-05-25,6.37200022
2000-05-26,6.32000017
2000-05-30,6.36700010
2000-05-31,6.28499985
2000-06-01,6.19500017
2000-06-02,6.14799976
2000-06-05,6.10099983
2000-06-06,6.12699986
2000-06-07,6.11399984
2000-06-08,6.10500002
2000-06-09,6.11299992
2000-06-12,6.07499981
2000-06-13,6.10099983
2000-06-14,6.04099989
2000-06-15,6.03700018
2000-06-16,5.96899986
2000-06-19,5.98999977
2000-06-20,6.01499987
2000-06-21,6.09600019
2000-06-22,6.11299992
2000-06-23,6.17700005
2000-06-26,6.09499979
2000-06-27,6.07800007
2000-06-28,6.10400009
2000-06-29,6.03100014
2000-06-30,6.01800013
2000-07-03,5.98000002
2000-07-05,5.97599983
2000-07-06,6.03100014
2000-07-07,5.99700022
2000-07-10,6.02600002
2000-07-11,6.04799986
2000-07-12,6.07700014
2000-07-13,5.99200010
2000-07-14,6.09399986
2000-07-17,6.14599991
2000-07-18,6.14099979
2000-07-19,6.15000010
2000-07-20,6.01300001
2000-07-21,6.00000000
2000-07-24,6.02500010
2000-07-25,6.02099991
2000-07-26,6.02099991
2000-07-27,6.00000000
2000-07-28,6.02500010
2000-07-31,6.02899981
2000-08-01,5.99100018
2000-08-02,5.96899986
2000-08-03,5.94399977
2000-08-04,5.90100002
2000-08-07,5.94799995
2000-08-08,5.91400003
2000-08-09,5.90899992
2000-08-10,5.75000000
2000-08-11,5.78700018
2000-08-14,5.77099991
2000-08-15,5.80000019
2000-08-16,5.81699991
2000-08-17,5.80399990
2000-08-18,5.76599979
2000-08-21,5.77099991
2000-08-22,5.76200008
2000-08-23,5.72499990
2000-08-24,5.71600008
2000-08-25,5.72100019
2000-08-28,5.76599979
2000-08-29,5.80800009
2000-08-30,5.80000019
2000-08-31,5.72900009
2000-09-01,5.67500019
2000-09-05,5.68300009
2000-09-06,5.71199989
2000-09-07,5.74900007
2000-09-08,5.72399998
2000-09-11,5.75799990
2000-09-12,5.76999998
2000-09-13,5.72800016
2000-09-14,5.77400017
2000-09-15,5.83300018
2000-09-18,5.87099981
2000-09-19,5.84999990
2000-09-20,5.89200020
2000-09-21,5.87099981
2000-09-22,5.82900000
2000-09-25,5.83300018
2000-09-26,5.79899979
2000-09-27,5.82000017
2000-09-28,5.81199980
2000-09-29,5.77799988
2000-10-02,5.82000017
2000-10-03,5.86700010
2000-10-04,5.89200020
2000-10-05,5.85400009
2000-10-06,5.81599998
2000-10-09,5.81599998
2000-10-10,5.79500008
2000-10-11,5.76999998
2000-10-12,5.71500015
2000-10-13,5.71500015
2000-10-16,5.73999977
2000-10-17,5.66499996
2000-10-18,5.65700006
2000-10-19,5.65199995
2000-10-20,5.63600016
2000-10-23,5.58199978
2000-10-24,5.62300014
2000-10-25,5.68599987
2000-10-26,5.67299986
2000-10-27,5.71099997
2000-10-30,5.72800016
2000-10-31,5.75699997
2000-11-01,5.73600006
2000-11-02,5.73999977
2000-11-03,5.80399990
2000-11-06,5.85500002
2000-11-07,5.85900021
2000-11-08,5.84999990
2000-11-09,5.80800009
2000-11-10,5.79500008
2000-11-13,5.76100016
2000-11-14,5.74399996
2000-11-15,5.69799995
2000-11-16,5.66900015
2000-11-17,5.69399977
2000-11-20,5.66400003
2000-11-21,5.65999985
2000-11-22,5.59299994
2000-11-24,5.62200022
2000-11-27,5.62599993
2000-11-28,5.58900023
2000-11-29,5.54300022
2000-11-30,5.43900013
2000-12-01,5.51300001
2000-12-04,5.52199984
2000-12-05,5.42999983
2000-12-06,5.31899977
2000-12-07,5.29899979
2000-12-08,5.34399986
2000-12-11,5.36000013
2000-12-12,5.34299994
2000-12-13,5.27799988
2000-12-14,5.21299982
2000-12-15,5.17600012
2000-12-18,5.15600014
2000-12-19,5.18400002
2000-12-20,5.07499981
2000-12-21,5.02299976
2000-12-22,5.00199986
2000-12-26,5.02199984
2000-12-27,5.08599997
2000-12-28,5.11399984
2000-12-29,5.11000013
2001-01-02,4.91699982
2001-01-03,5.09700012
2001-01-04,5.01300001
2001-01-05,4.94799995
2001-01-08,4.89699984
2001-01-09,4.96400023
2001-01-10,5.08400011
2001-01-11,5.11600018
2001-01-12,5.23000002
2001-01-16,5.23400021
2001-01-17,5.15600014
2001-01-18,5.09499979
2001-01-19,5.17399979
2001-01-22,5.22100019
2001-01-23,5.27400017
2001-01-24,5.30299997
2001-01-25,5.26999998
2001-01-26,5.25299978
2001-01-29,5.29500008
2001-01-30,5.21199989
2001-01-31,5.17899990
2001-02-01,5.06099987
2001-02-02,5.13800001
2001-02-05,5.14599991
2001-02-06,5.19500017
2001-02-07,5.17899990
2001-02-08,5.09899998
2001-02-09,5.01599979
2001-02-12,5.04799986
2001-02-13,5.06799984
2001-02-14,5.10500002
2001-02-15,5.17799997
2001-02-16,5.09299994
2001-02-20,5.09700012
2001-02-21,5.12900019
2001-02-22,5.15399981
2001-02-23,5.07999992
2001-02-26,5.03599977
2001-02-27,4.95599985
2001-02-28,4.90799999
2001-03-01,4.85599995
2001-03-02,4.94299984
2001-03-05,4.96299982
2001-03-06,4.97100019
2001-03-07,4.91900015
2001-03-08,4.88700008
2001-03-09,4.93100023
2001-03-12,4.91900015
2001-03-13,4.93100023
2001-03-14,4.85099983
2001-03-15,4.80399990
2001-03-16,4.75199986
2001-03-19,4.81500006
2001-03-20,4.79099989
2001-03-21,4.76800013
2001-03-22,4.70800018
2001-03-23,4.79899979
2001-03-26,4.84700012
2001-03-27,4.98299980
2001-03-28,4.97100019
2001-03-29,4.96299982
2001-03-30,4.91499996
2001-04-02,4.97100019
2001-04-03,4.93499994
2001-04-04,4.92299986
2001-04-05,4.96299982
2001-04-06,4.87400007
2001-04-09,4.90600014
2001-04-10,5.06799984
2001-04-11,5.10900021
2001-04-12,5.14599991
2001-04-16,5.27500010
2001-04-17,5.18800020
2001-04-18,5.11800003
2001-04-19,5.23299980
2001-04-20,5.26300001
2001-04-23,5.18800020
2001-04-24,5.18800020
2001-04-25,5.25400019
2001-04-26,5.19199991
2001-04-27,5.31300020
2001-04-30,5.33799982
2001-05-01,5.28800011
2001-05-02,5.28399992
2001-05-03,5.20100021
2001-05-04,5.18400002
2001-05-07,5.20499992
2001-05-08,5.21700001
2001-05-09,5.16800022
2001-05-10,5.27199984
2001-05-11,5.48400021
2001-05-14,5.41599989
2001-05-15,5.48000002
2001-05-16,5.46700001
2001-05-17,5.46700001
2001-05-18,5.39099979
2001-05-21,5.38600016
2001-05-22,5.39900017
2001-05-23,5.39099979
2001-05-24,5.48899984
2001-05-25,5.48500013
2001-05-29,5.50699997
2001-05-30,5.50299978
2001-05-31,5.41300011
2001-06-01,5.35400009
2001-06-04,5.32399988
2001-06-05,5.26100016
2001-06-06,5.26499987
2001-06-07,5.29500008
2001-06-08,5.33300018
2001-06-11,5.28700018
2001-06-12,5.23999977
2001-06-13,5.25699997
2001-06-14,5.21500015
2001-06-15,5.22800016
2001-06-18,5.24100018
2001-06-19,5.22800016
2001-06-20,5.19899988
2001-06-21,5.17799997
2001-06-22,5.12400007
2001-06-25,5.13199997
2001-06-26,5.22399998
2001-06-27,5.23299980
2001-06-28,5.32600021
2001-06-29,5.38999987
2001-07-02,5.33099985
2001-07-03,5.37799978
2001-07-05,5.41200018
2001-07-06,5.37400007
2001-07-09,5.34000015
2001-07-10,5.27199984
2001-07-11,5.28499985
2001-07-12,5.23000002
2001-07-13,5.23400021
2001-07-16,5.17500019
2001-07-17,5.17899990
2001-07-18,5.08699989
2001-07-19,5.10400009
2001-07-20,5.11199999
2001-07-23,5.10799980
2001-07-24,5.08699989
2001-07-25,5.10799980
2001-07-26,5.15000010
2001-07-27,5.09600019
2001-07-30,5.09600019
2001-07-31,5.03700018
2001-08-01,5.06599998
2001-08-02,5.12500000
2001-08-03,5.15899992
2001-08-06,5.17600012
2001-08-07,5.17199993
2001-08-08,5.05399990
2001-08-09,5.02799988
2001-08-10,5.01599979
2001-08-13,4.96000004
2001-08-14,4.96799994
2001-08-15,4.99200010
2001-08-16,4.93599987
2001-08-17,4.84100008
2001-08-20,4.89599991
2001-08-21,4.87599993
2001-08-22,4.89599991
2001-08-23,4.87599993
2001-08-24,4.91200018
2001-08-27,4.93200016
2001-08-28,4.84800005
2001-08-29,4.77699995
2001-08-30,4.78100014
2001-08-31,4.81599998
2001-09-04,4.97900009
2001-09-05,4.96700001
2001-09-06,4.85599995
2001-09-07,4.79600000
2001-09-10,4.83500004
2001-09-17,4.61100006
2001-09-18,4.70499992
2001-09-19,4.68100023
2001-09-20,4.72800016
2001-09-21,4.68900013
2001-09-24,4.69999981
2001-09-25,4.69999981
2001-09-26,4.63700008
2001-09-27,4.55900002
2001-09-28,4.57499981
2001-10-01,4.54300022
2001-10-02,4.51200008
2001-10-03,4.45800018
2001-10-04,4.50799990
2001-10-05,4.50400019
2001-10-08,4.50400019
2001-10-09,4.57399988
2001-10-10,4.58900023
2001-10-11,4.66400003
2001-10-12,4.65899992
2001-10-15,4.60799980
2001-10-16,4.56899977
2001-10-17,4.56099987
2001-10-18,4.56099987
2001-10-19,4.59999990
2001-10-22,4.60400009
2001-10-23,4.63500023
2001-10-24,4.58400011
2001-10-25,4.53700018
2001-10-26,4.52099991
2001-10-29,4.46700001
2001-10-30,4.41200018
2001-10-31,4.26300001
2001-11-01,4.21700001
2001-11-02,4.34600019
2001-11-05,4.29600000
2001-11-06,4.26900005
2001-11-07,4.20100021
2001-11-08,4.30299997
2001-11-09,4.30700016
2001-11-12,4.31400013
2001-11-13,4.36800003
2001-11-14,4.51499987
2001-11-15,4.72800016
2001-11-16,4.88500023
2001-11-19,4.75600004
2001-11-20,4.86899996
2001-11-21,4.96600008
2001-11-23,4.99100018
2001-11-26,5.00299978
2001-11-27,4.94999981
2001-11-28,4.94600010
2001-11-29,4.75600004
2001-11-30,4.74399996
2001-12-03,4.70300007
2001-12-04,4.64799976
2001-12-05,4.90100002
2001-12-06,5.00299978
2001-12-07,5.14799976
2001-12-10,5.13600016
2001-12-11,5.07700014
2001-12-12,4.97399998
2001-12-13,5.09000015
2001-12-14,5.16099977
2001-12-17,5.27400017
2001-12-18,5.13199997
2001-12-19,5.03599977
2001-12-20,5.04899979
2001-12-21,5.07800007
2001-12-24,5.13199997
2001-12-26,5.17799997
2001-12-27,5.09499979
2001-12-28,5.10699987
2001-12-31,5.03200006
2002-01-02,5.15700006
2002-01-03,5.11999989
2002-01-04,5.14099979
2002-01-07,5.05700016
2002-01-08,5.05700016
2002-01-09,5.06199980
2002-01-10,4.96199989
2002-01-11,4.85900021
2002-01-14,4.86800003
2002-01-15,4.83099985
2002-01-16,4.83900023
2002-01-17,4.93300009
2002-01-18,4.88800001
2002-01-22,4.90000010
2002-01-23,5.00000000
2002-01-24,5.02899981
2002-01-25,5.07100010
2002-01-28,5.07900000
2002-01-29,4.97499990
2002-01-30,4.97100019
2002-01-31,5.02500010
2002-02-01,4.97900009
2002-02-04,4.89599991
2002-02-05,4.92500019
2002-02-06,4.92899990
2002-02-07,4.93100023
2002-02-08,4.87900019
2002-02-11,4.89900017
2002-02-12,4.96700001
2002-02-13,5.00299978
2002-02-14,4.95900011
2002-02-15,4.86299992
2002-02-19,4.88299990
2002-02-20,4.87900019
2002-02-21,4.87099981
2002-02-22,4.82700014
2002-02-25,4.85099983
2002-02-26,4.91499996
2002-02-27,4.84700012
2002-02-28,4.85900021
2002-03-01,4.97100019
2002-03-04,4.99900007
2002-03-05,5.00799990
2002-03-06,5.03200006
2002-03-07,5.21199989
2002-03-08,5.31599998
2002-03-11,5.32000017
2002-03-12,5.30399990
2002-03-13,5.26200008
2002-03-14,5.39599991
2002-03-15,5.36299992
2002-03-18,5.30399990
2002-03-19,5.32499981
2002-03-20,5.39699984
2002-03-21,5.38399982
2002-03-22,5.38899994
2002-03-25,5.40600014
2002-03-26,5.33400011
2002-03-27,5.32999992
2002-03-28,5.40600014
2002-04-01,5.42799997
2002-04-02,5.34800005
2002-04-03,5.28499985
2002-04-04,5.27199984
2002-04-05,5.21000004
2002-04-08,5.23500013
2002-04-09,5.21000004
2002-04-10,5.22300005
2002-04-11,5.20200014
2002-04-12,5.15600014
2002-04-15,5.12699986
2002-04-16,5.17700005
2002-04-17,5.21899986
2002-04-18,5.21500015
2002-04-19,5.19000006
2002-04-22,5.16900015
2002-04-23,5.16499996
2002-04-24,5.09499979
2002-04-25,5.09100008
2002-04-26,5.05800009
2002-04-29,5.09899998
2002-04-30,5.09100008
2002-05-01,5.05800009
2002-05-02,5.09899998
2002-05-03,5.06199980
2002-05-06,5.07900000
2002-05-07,5.07299995
2002-05-08,5.21000004
2002-05-09,5.18699980
2002-05-10,5.12699986
2002-05-13,5.21999979
2002-05-14,5.29400015
2002-05-15,5.25199986
2002-05-16,5.18699980
2002-05-17,5.24100018
2002-05-20,5.18900013
2002-05-21,5.14799976
2002-05-22,5.09999990
2002-05-23,5.14799976
2002-05-24,5.13800001
2002-05-28,5.13399982
2002-05-29,5.07700014
2002-05-30,5.03200006
2002-05-31,5.04300022
2002-06-03,5.03999996
2002-06-04,5.01200008
2002-06-05,5.04099989
2002-06-06,5.01000023
2002-06-07,5.06199980
2002-06-10,5.04300022
2002-06-11,4.99100018
2002-06-12,4.94999981
2002-06-13,4.90700006
2002-06-14,4.80600023
2002-06-17,4.85599995
2002-06-18,4.84800005
2002-06-19,4.72599983
2002-06-20,4.82600021
2002-06-21,4.75500011
2002-06-24,4.84399986
2002-06-25,4.84100008
2002-06-26,4.70699978
2002-06-27,4.80999994
2002-06-28,4.82399988
2002-07-01,4.81500006
2002-07-02,4.73999977
2002-07-03,4.74399996
2002-07-05,4.86399984
2002-07-08,4.81199980
2002-07-09,4.74100018
2002-07-10,4.64599991
2002-07-11,4.61700010
2002-07-12,4.59499979
2002-07-15,4.62099981
2002-07-16,4.70900011
2002-07-17,4.66499996
2002-07-18,4.61000013
2002-07-19,4.56500006
2002-07-22,4.46700001
2002-07-23,4.42600012
2002-07-24,4.40299988
2002-07-25,4.38800001
2002-07-26,4.36700010
2002-07-29,4.53299999
2002-07-30,4.58099985
2002-07-31,4.46500015
2002-08-01,4.40100002
2002-08-02,4.26100016
2002-08-05,4.23799992
2002-08-06,4.36899996
2002-08-07,4.29199982
2002-08-08,4.41499996
2002-08-09,4.26700020
2002-08-12,4.21700001
2002-08-13,4.11600018
2002-08-14,4.06300020
2002-08-15,4.16300011
2002-08-16,4.31699991
2002-08-19,4.29799986
2002-08-20,4.15899992
2002-08-21,4.19000006
2002-08-22,4.28999996
2002-08-23,4.22800016
2002-08-26,4.20599985
2002-08-27,4.28200006
2002-08-28,4.21799994
2002-08-29,4.16099977
2002-08-30,4.13700008
2002-09-03,3.98000002
2002-09-04,3.95300007
2002-09-05,3.91000009
2002-09-06,4.03599977
2002-09-09,4.04699993
2002-09-10,3.98799992
2002-09-11,4.05800009
2002-09-12,3.96700001
2002-09-13,3.90000010
2002-09-16,3.87400007
2002-09-17,3.86299992
2002-09-18,3.84899998
2002-09-19,3.77999997
2002-09-20,3.77600002
2002-09-23,3.68099999
2002-09-24,3.64599991
2002-09-25,3.75900006
2002-09-26,3.76600003
2002-09-27,3.68899989
2002-09-30,3.60700011
2002-10-01,3.69899988
2002-10-02,3.70000005
2002-10-03,3.68400002
2002-10-04,3.68499994
2002-10-07,3.63000011
2002-10-08,3.63599992
2002-10-09,3.57999992
2002-10-10,3.65499997
2002-10-11,3.81299996
2002-10-14,3.81100011
2002-10-15,3.99600005
2002-10-16,4.03399992
2002-10-17,4.13600016
2002-10-18,4.13399982
2002-10-21,4.22100019
2002-10-22,4.25199986
2002-10-23,4.23600006
2002-10-24,4.14200020
2002-10-25,4.09499979
2002-10-28,4.08400011
2002-10-29,3.93400002
2002-10-30,3.96600008
2002-10-31,3.91100001
2002-11-01,3.97700000
2002-11-04,4.04500008
2002-11-05,4.08099985
2002-11-06,4.03499985
2002-11-07,3.88199997
2002-11-08,3.85200000
2002-11-11,3.85200000
2002-11-12,3.85100007
2002-11-13,3.83800006
2002-11-14,4.02099991
2002-11-15,4.05100012
2002-11-18,4.01900005
2002-11-19,3.98000002
2002-11-20,4.07499981
2002-11-21,4.14300013
2002-11-22,4.17500019
2002-11-25,4.18400002
2002-11-26,4.07900000
2002-11-27,4.26000023
2002-11-29,4.21299982
2002-12-02,4.21899986
2002-12-03,4.23299980
2002-12-04,4.17199993
2002-12-05,4.11399984
2002-12-06,4.09299994
2002-12-09,4.05000019
2002-12-10,4.04899979
2002-12-11,3.99399996
2002-12-12,4.00600004
2002-12-13,4.06199980
2002-12-16,4.13000011
2002-12-17,4.11399984
2002-12-18,4.05399990
2002-12-19,3.94899988
2002-12-20,3.95300007
2002-12-23,3.96700001
2002-12-24,3.93600011
2002-12-26,3.91400003
2002-12-27,3.81299996
2002-12-30,3.78399992
2002-12-31,3.81800008
2003-01-02,4.03200006
2003-01-03,4.03800011
2003-01-06,4.06599998
2003-01-07,4.02500010
2003-01-08,3.98099995
2003-01-09,4.14799976
2003-01-10,4.15199995
2003-01-13,4.12799978
2003-01-14,4.08500004
2003-01-15,4.07200003
2003-01-16,4.06799984
2003-01-17,4.01499987
2003-01-21,3.98900008
2003-01-22,3.92300010
2003-01-23,3.94700003
2003-01-24,3.90300012
2003-01-27,3.95700002
2003-01-28,3.97799993
2003-01-29,4.03299999
2003-01-30,3.99000001
2003-01-31,3.97499990
2003-02-03,3.99200010
2003-02-04,3.93099999
2003-02-05,4.00099993
2003-02-06,3.94499993
2003-02-07,3.92400002
2003-02-10,3.97700000
2003-02-11,3.95700002
2003-02-12,3.91199994
2003-02-13,3.87100005
2003-02-14,3.95199990
2003-02-18,3.94799995
2003-02-19,3.88100004
2003-02-20,3.84599996
2003-02-21,3.89299989
2003-02-24,3.84400010
2003-02-25,3.80800009
2003-02-26,3.77300000
2003-02-27,3.75200009
2003-02-28,3.69600010
2003-03-03,3.67600012
2003-03-04,3.64499998
2003-03-05,3.61999989
2003-03-06,3.65199995
2003-03-07,3.61999989
2003-03-10,3.57399988
2003-03-11,3.58599997
2003-03-12,3.58899999
2003-03-13,3.73200011
2003-03-14,3.70700002
2003-03-17,3.81599998
2003-03-18,3.89800000
2003-03-19,3.96499991
2003-03-20,4.00600004
2003-03-21,4.09499979
2003-03-24,3.97300005
2003-03-25,3.96099997
2003-03-26,3.94400001
2003-03-27,3.92600012
2003-03-28,3.89599991
2003-03-31,3.82299995
2003-04-01,3.82699990
2003-04-02,3.93199992
2003-04-03,3.91599989
2003-04-04,3.94400001
2003-04-07,4.01399994
2003-04-08,3.93600011
2003-04-09,3.90100002
2003-04-10,3.93400002
2003-04-11,3.98099995
2003-04-14,4.02099991
2003-04-15,3.97099996
2003-04-16,3.93799996
2003-04-17,3.95700002
2003-04-21,3.97900009
2003-04-22,3.98300004
2003-04-23,3.99499989
2003-04-24,3.90499997
2003-04-25,3.88599992
2003-04-28,3.90000010
2003-04-29,3.92899990
2003-04-30,3.85700011
2003-05-01,3.85599995
2003-05-02,3.91300011
2003-05-05,3.88700008
2003-05-06,3.80800009
2003-05-07,3.69300008
2003-05-08,3.67100000
2003-05-09,3.69099998
2003-05-12,3.63899994
2003-05-13,3.62299991
2003-05-14,3.53699994
2003-05-15,3.53699994
2003-05-16,3.46199989
2003-05-19,3.45199990
2003-05-20,3.37400007
2003-05-21,3.39000010
2003-05-22,3.33899999
2003-05-23,3.33299994
2003-05-27,3.40100002
2003-05-28,3.43099999
2003-05-29,3.33899999
2003-05-30,3.34999990
2003-06-02,3.42899990
2003-06-03,3.34200001
2003-06-04,3.29099989
2003-06-05,3.33100009
2003-06-06,3.35200000
2003-06-09,3.27900004
2003-06-10,3.19400001
2003-06-11,3.18799996
2003-06-12,3.16799998
2003-06-13,3.10400009
2003-06-16,3.17000008
2003-06-17,3.26600003
2003-06-18,3.35999990
2003-06-19,3.34100008
2003-06-20,3.39599991
2003-06-23,3.31500006
2003-06-24,3.26500010
2003-06-25,3.36100006
2003-06-26,3.53399992
2003-06-27,3.58100009
2003-06-30,3.52800012
2003-07-01,3.54900002
2003-07-02,3.53600001
2003-07-03,3.65499997
2003-07-07,3.70700002
2003-07-08,3.73300004
2003-07-09,3.70600009
2003-07-10,3.67700005
2003-07-11,3.64000010
2003-07-14,3.71399999
2003-07-15,3.91400003
2003-07-16,3.94499993
2003-07-17,3.95400000
2003-07-18,3.96900010
2003-07-21,4.17399979
2003-07-22,4.15000010
2003-07-23,4.10200024
2003-07-24,4.16699982
2003-07-25,4.17799997
2003-07-28,4.28399992
2003-07-29,4.39799976
2003-07-30,4.31500006
2003-07-31,4.47399998
2003-08-01,4.41499996
2003-08-04,4.32000017
2003-08-05,4.44099998
2003-08-06,4.28800011
2003-08-07,4.22900009
2003-08-08,4.28900003
2003-08-11,4.37099981
2003-08-12,4.35699987
2003-08-13,4.55999994
2003-08-14,4.58599997
2003-08-15,4.52799988
2003-08-18,4.47700024
2003-08-19,4.38100004
2003-08-20,4.44099998
2003-08-21,4.50699997
2003-08-22,4.45900011
2003-08-25,4.52699995
2003-08-26,4.48600006
2003-08-27,4.53599977
2003-08-28,4.42999983
2003-08-29,4.45400000
2003-09-02,4.60099983
2003-09-03,4.59899998
2003-09-04,4.51300001
2003-09-05,4.35400009
2003-09-08,4.38899994
2003-09-09,4.37099981
2003-09-10,4.26900005
2003-09-11,4.33400011
2003-09-12,4.26900005
2003-09-15,4.24499989
2003-09-16,4.29099989
2003-09-17,4.19099998
2003-09-18,4.18400002
2003-09-19,4.16200018
2003-09-22,4.24100018
2003-09-23,4.21400023
2003-09-24,4.13500023
2003-09-25,4.10200024
2003-09-26,4.02299976
2003-09-29,4.07700014
2003-09-30,3.93700004
2003-10-01,3.93199992
2003-10-02,4.00899982
2003-10-03,4.19500017
2003-10-06,4.15100002
2003-10-07,4.24399996
2003-10-08,4.24200010
2003-10-09,4.30200005
2003-10-10,4.24800014
2003-10-13,4.25500011
2003-10-14,4.34999990
2003-10-15,4.39699984
2003-10-16,4.45499992
2003-10-17,4.38800001
2003-10-20,4.38000011
2003-10-21,4.36600018
2003-10-22,4.27299976
2003-10-23,4.31599998
2003-10-24,4.21199989
2003-10-27,4.26499987
2003-10-28,4.18900013
2003-10-29,4.27500010
2003-10-30,4.33900023
2003-10-31,4.30100012
2003-11-03,4.36800003
2003-11-04,4.30499983
2003-11-05,4.34999990
2003-11-06,4.41800022
2003-11-07,4.44999981
2003-11-10,4.46000004
2003-11-12,4.41200018
2003-11-13,4.27099991
2003-11-14,4.23299980
2003-11-17,4.18800020
2003-11-18,4.16699982
2003-11-19,4.23500013
2003-11-20,4.15399981
2003-11-21,4.14699984
2003-11-24,4.22700024
2003-11-25,4.18599987
2003-11-26,4.24200010
2003-11-28,4.32000017
2003-12-01,4.39200020
2003-12-02,4.38000011
2003-12-03,4.40999985
2003-12-04,4.36899996
2003-12-05,4.21500015
2003-12-08,4.27799988
2003-12-09,4.35200024
2003-12-10,4.31799984
2003-12-11,4.23799992
2003-12-12,4.24200010
2003-12-15,4.27500010
2003-12-16,4.23400021
2003-12-17,4.18900013
2003-12-18,4.14099979
2003-12-19,4.13299990
2003-12-22,4.16400003
2003-12-23,4.26900005
2003-12-24,4.18699980
2003-12-26,4.14799976
2003-12-29,4.23000002
2003-12-30,4.27899981
2003-12-31,4.25699997
2004-01-02,4.37300014
2004-01-05,4.38700008
2004-01-06,4.27699995
2004-01-07,4.24599981
2004-01-08,4.24900007
2004-01-09,4.08599997
2004-01-12,4.08300018
2004-01-13,4.02799988
2004-01-14,3.98600006
2004-01-15,3.97099996
2004-01-16,4.01399994
2004-01-20,4.05700016
2004-01-21,4.03700018
2004-01-22,3.96900010
2004-01-23,4.06599998
2004-01-26,4.13999987
2004-01-27,4.08699989
2004-01-28,4.19500017
2004-01-29,4.19700003
2004-01-30,4.13800001
2004-02-02,4.15100002
2004-02-03,4.09999990
2004-02-04,4.12400007
2004-02-05,4.17399979
2004-02-06,4.08900023
2004-02-09,4.06500006
2004-02-10,4.10200024
2004-02-11,4.02099991
2004-02-12,4.05800009
2004-02-13,4.04799986
2004-02-17,4.04799986
2004-02-18,4.04899979
2004-02-19,4.05200005
2004-02-20,4.09800005
2004-02-23,4.05000019
2004-02-24,4.02899981
2004-02-25,4.01499987
2004-02-26,4.04600000
2004-02-27,3.98399997
2004-03-01,3.99200010
2004-03-02,4.04600000
2004-03-03,4.05999994
2004-03-04,4.02899981
2004-03-05,3.83100009
2004-03-08,3.77600002
2004-03-09,3.71900010
2004-03-10,3.73499990
2004-03-11,3.74699998
2004-03-12,3.75999999
2004-03-15,3.76799989
2004-03-16,3.68799996
2004-03-17,3.68300009
2004-03-18,3.74900007
2004-03-19,3.78800011
2004-03-22,3.72399998
2004-03-23,3.71099997
2004-03-24,3.71399999
2004-03-25,3.73900008
2004-03-26,3.84299994
2004-03-29,3.89000010
2004-03-30,3.90199995
2004-03-31,3.83699989
2004-04-01,3.89800000
2004-04-02,4.13999987
2004-04-05,4.21999979
2004-04-06,4.17100000
2004-04-07,4.16699982
2004-04-08,4.19700003
2004-04-12,4.23000002
2004-04-13,4.34000015
2004-04-14,4.38199997
2004-04-15,4.40500021
2004-04-16,4.35200024
2004-04-19,4.37200022
2004-04-20,4.41499996
2004-04-21,4.42299986
2004-04-22,4.37099981
2004-04-23,4.45200014
2004-04-26,4.43300009
2004-04-27,4.40399981
2004-04-28,4.46700001
2004-04-29,4.53999996
2004-04-30,4.50099993
2004-05-03,4.50099993
2004-05-04,4.54300022
2004-05-05,4.57100010
2004-05-06,4.60200024
2004-05-07,4.76599979
2004-05-10,4.78100014
2004-05-11,4.76800013
2004-05-12,4.79699993
2004-05-13,4.85099983
2004-05-14,4.78800011
2004-05-17,4.69899988
2004-05-18,4.73600006
2004-05-19,4.79400015
2004-05-20,4.71799994
2004-05-21,4.76399994
2004-05-24,4.73999977
2004-05-25,4.72399998
2004-05-26,4.67100000
2004-05-27,4.58799982
2004-05-28,4.65500021
2004-06-01,4.70400000
2004-06-02,4.73000002
2004-06-03,4.71199989
2004-06-04,4.77400017
2004-06-07,4.76499987
2004-06-08,4.77099991
2004-06-09,4.81199980
2004-06-10,4.79099989
2004-06-14,4.86999989
2004-06-15,4.68599987
2004-06-16,4.73199987
2004-06-17,4.69199991
2004-06-18,4.71000004
2004-06-21,4.69000006
2004-06-22,4.70400000
2004-06-23,4.69799995
2004-06-24,4.64599991
2004-06-25,4.64499998
2004-06-28,4.73899984
2004-06-29,4.69500017
2004-06-30,4.61700010
2004-07-01,4.56400013
2004-07-02,4.45800018
2004-07-06,4.48000002
2004-07-07,4.47200012
2004-07-08,4.46999979
2004-07-09,4.46600008
2004-07-12,4.44299984
2004-07-13,4.47900009
2004-07-14,4.48400021
2004-07-15,4.48500013
2004-07-16,4.36100006
2004-07-19,4.36100006
2004-07-20,4.44799995
2004-07-21,4.48699999
2004-07-22,4.46199989
2004-07-23,4.43200016
2004-07-26,4.47499990
2004-07-27,4.59499979
2004-07-28,4.58500004
2004-07-29,4.57299995
2004-07-30,4.47499990
2004-08-02,4.45499992
2004-08-03,4.42199993
2004-08-04,4.42899990
2004-08-05,4.40000010
2004-08-06,4.21899986
2004-08-09,4.24399996
2004-08-10,4.28700018
2004-08-11,4.27500010
2004-08-12,4.25000000
2004-08-13,4.21299982
2004-08-16,4.25799990
2004-08-17,4.20599985
2004-08-18,4.22700024
2004-08-19,4.21099997
2004-08-20,4.23099995
2004-08-23,4.27899981
2004-08-24,4.28299999
2004-08-25,4.26100016
2004-08-26,4.22700024
2004-08-27,4.22700024
2004-08-30,4.18800020
2004-08-31,4.13199997
2004-09-01,4.12300014
2004-09-02,4.19399977
2004-09-03,4.29300022
2004-09-07,4.24599981
2004-09-08,4.16300011
2004-09-09,4.19899988
2004-09-10,4.17999983
2004-09-13,4.15100002
2004-09-14,4.13299990
2004-09-15,4.17000008
2004-09-16,4.06899977
2004-09-17,4.12699986
2004-09-20,4.05800009
2004-09-21,4.03700018
2004-09-22,3.98900008
2004-09-23,4.02799988
2004-09-24,4.03100014
2004-09-27,3.99699998
2004-09-28,4.01200008
2004-09-29,4.09000015
2004-09-30,4.11899996
2004-10-01,4.19099998
2004-10-04,4.17299986
2004-10-05,4.17299986
2004-10-06,4.22399998
2004-10-07,4.24399996
2004-10-08,4.13299990
2004-10-11,4.13299990
2004-10-12,4.10200024
2004-10-13,4.07800007
2004-10-14,4.01499987
2004-10-15,4.05299997
2004-10-18,4.05299997
2004-10-19,4.03800011
2004-10-20,3.99099994
2004-10-21,3.99699998
2004-10-22,3.98399997
2004-10-25,3.97099996
2004-10-26,3.98900008
2004-10-27,4.08799982
2004-10-28,4.07999992
2004-10-29,4.02899981
2004-11-01,4.09000015
2004-11-02,4.07499981
2004-11-03,4.07000017
2004-11-04,4.06799984
2004-11-05,4.18599987
2004-11-08,4.21500015
2004-11-09,4.21799994
2004-11-10,4.25299978
2004-11-11,4.25299978
2004-11-12,4.19799995
2004-11-15,4.19000006
2004-11-16,4.20800018
2004-11-17,4.14400005
2004-11-18,4.11700010
2004-11-19,4.19600010
2004-11-22,4.16499996
2004-11-23,4.18400002
2004-11-24,4.19500017
2004-11-26,4.23799992
2004-11-29,4.32999992
2004-11-30,4.35799980
2004-12-01,4.37500000
2004-12-02,4.39699984
2004-12-03,4.26999998
2004-12-06,4.23999977
2004-12-07,4.22700024
2004-12-08,4.13399982
2004-12-09,4.16099977
2004-12-10,4.15600014
2004-12-13,4.15100002
2004-12-14,4.13199997
2004-12-15,4.07600021
2004-12-16,4.18499994
2004-12-17,4.20699978
2004-12-20,4.19899988
2004-12-21,4.16800022
2004-12-22,4.20100021
2004-12-23,4.21799994
2004-12-27,4.29099989
2004-12-28,4.29099989
2004-12-29,4.32200003
2004-12-30,4.26300001
2004-12-31,4.21600008
2005-01-03,4.21999979
2005-01-04,4.28299999
2005-01-05,4.27699995
2005-01-06,4.27199984
2005-01-07,4.28499985
2005-01-10,4.27799988
2005-01-11,4.24399996
2005-01-12,4.23600006
2005-01-13,4.18699980
2005-01-14,4.21600008
2005-01-18,4.19500017
2005-01-19,4.18699980
2005-01-20,4.16499996
2005-01-21,4.14200020
2005-01-24,4.12200022
2005-01-25,4.18900013
2005-01-26,4.19199991
2005-01-27,4.20699978
2005-01-28,4.13800001
2005-01-31,4.13299990
2005-02-01,4.13600016
2005-02-02,4.13999987
2005-02-03,4.16300011
2005-02-04,4.07299995
2005-02-07,4.05200005
2005-02-08,4.03700018
2005-02-09,3.97700000
2005-02-10,4.07299995
2005-02-11,4.09499979
2005-02-14,4.07299995
2005-02-15,4.09800005
2005-02-16,4.15799999
2005-02-17,4.18499994
2005-02-18,4.26000023
2005-02-22,4.28499985
2005-02-23,4.26800013
2005-02-24,4.28100014
2005-02-25,4.27199984
2005-02-28,4.35900021
2005-03-01,4.37200022
2005-03-02,4.37900019
2005-03-03,4.38299990
2005-03-04,4.30999994
2005-03-07,4.30399990
2005-03-08,4.37500000
2005-03-09,4.51399994
2005-03-10,4.45900011
2005-03-11,4.53499985
2005-03-14,4.51599979
2005-03-15,4.54199982
2005-03-16,4.51800013
2005-03-17,4.46999979
2005-03-18,4.51100016
2005-03-21,4.52500010
2005-03-22,4.61000013
2005-03-23,4.60699987
2005-03-24,4.59100008
2005-03-28,4.62400007
2005-03-29,4.59100008
2005-03-30,4.55800009
2005-03-31,4.49599981
2005-04-01,4.45100021
2005-04-04,4.45599985
2005-04-05,4.46999979
2005-04-06,4.43599987
2005-04-07,4.47200012
2005-04-08,4.49100018
2005-04-11,4.44500017
2005-04-12,4.36000013
2005-04-13,4.37400007
2005-04-14,4.35799980
2005-04-15,4.27099991
2005-04-18,4.24900007
2005-04-19,4.20300007
2005-04-20,4.21099997
2005-04-21,4.30000019
2005-04-22,4.25500011
2005-04-25,4.25099993
2005-04-26,4.26700020
2005-04-27,4.23699999
2005-04-28,4.17299986
2005-04-29,4.20100021
2005-05-02,4.19399977
2005-05-03,4.18599987
2005-05-04,4.18599987
2005-05-05,4.16200018
2005-05-06,4.26599979
2005-05-09,4.27799988
2005-05-10,4.22200012
2005-05-11,4.20200014
2005-05-12,4.18400002
2005-05-13,4.12099981
2005-05-16,4.12500000
2005-05-17,4.11700010
2005-05-18,4.06799984
2005-05-19,4.10799980
2005-05-20,4.12500000
2005-05-23,4.07200003
2005-05-24,4.03700018
2005-05-25,4.07200003
2005-05-26,4.08099985
2005-05-27,4.07299995
2005-05-31,4.00600004
2005-06-01,3.90700006
2005-06-02,3.89000010
2005-06-03,3.97900009
2005-06-06,3.96199989
2005-06-07,3.91100001
2005-06-08,3.94000006
2005-06-09,3.96499991
2005-06-10,4.04699993
2005-06-13,4.08599997
2005-06-14,4.12699986
2005-06-15,4.11499977
2005-06-16,4.07600021
2005-06-17,4.07800007
2005-06-20,4.10300016
2005-06-21,4.04899979
2005-06-22,3.94499993
2005-06-23,3.95900011
2005-06-24,3.91400003
2005-06-27,3.90199995
2005-06-28,3.97600007
2005-06-29,3.99000001
2005-06-30,3.94499993
2005-07-01,4.04899979
2005-07-05,4.09899998
2005-07-06,4.07499981
2005-07-07,4.03100014
2005-07-08,4.10900021
2005-07-11,4.10200024
2005-07-12,4.14099979
2005-07-13,4.16300011
2005-07-14,4.17999983
2005-07-15,4.17500019
2005-07-18,4.22300005
2005-07-19,4.18900013
2005-07-20,4.17700005
2005-07-21,4.28200006
2005-07-22,4.22300005
2005-07-25,4.24700022
2005-07-26,4.23899984
2005-07-27,4.26100016
2005-07-28,4.19600010
2005-07-29,4.28599977
2005-08-01,4.31899977
2005-08-02,4.33599997
2005-08-03,4.30000019
2005-08-04,4.31899977
2005-08-05,4.39200020
2005-08-08,4.41900015
2005-08-09,4.39400005
2005-08-10,4.40399981
2005-08-11,4.33400011
2005-08-12,4.23799992
2005-08-15,4.26999998
2005-08-16,4.22700024
2005-08-17,4.27299976
2005-08-18,4.21600008
2005-08-19,4.21099997
2005-08-22,4.21899986
2005-08-23,4.18699980
2005-08-24,4.17899990
2005-08-25,4.15999985
2005-08-26,4.18900013
2005-08-29,4.17299986
2005-08-30,4.09000015
2005-08-31,4.01999998
2005-09-01,4.01900005
2005-09-02,4.02899981
2005-09-06,4.08500004
2005-09-07,4.13800001
2005-09-08,4.13899994
2005-09-09,4.12300014
2005-09-12,4.16900015
2005-09-13,4.13399982
2005-09-14,4.16800022
2005-09-15,4.21400023
2005-09-16,4.26200008
2005-09-19,4.24700022
2005-09-20,4.24300003
2005-09-21,4.18800020
2005-09-22,4.17600012
2005-09-23,4.24800014
2005-09-26,4.29400015
2005-09-27,4.30100012
2005-09-28,4.26200008
2005-09-29,4.28900003
2005-09-30,4.32800007
2005-10-03,4.38600016
2005-10-04,4.37599993
2005-10-05,4.36100006
2005-10-06,4.36600018
2005-10-07,4.36100006
2005-10-11,4.38399982
2005-10-12,4.44099998
2005-10-13,4.47499990
2005-10-14,4.49100018
2005-10-17,4.48899984
2005-10-18,4.48099995
2005-10-19,4.46299982
2005-10-20,4.45900011
2005-10-21,4.38999987
2005-10-24,4.44600010
2005-10-25,4.50799990
2005-10-26,4.59100008
2005-10-27,4.55800009
2005-10-28,4.56699991
2005-10-31,4.55900002
2005-11-01,4.57700014
2005-11-02,4.61000013
2005-11-03,4.64400005
2005-11-04,4.65700006
2005-11-07,4.63899994
2005-11-08,4.56500006
2005-11-09,4.63500023
2005-11-10,4.56400013
2005-11-14,4.60400009
2005-11-15,4.55700016
2005-11-16,4.48400021
2005-11-17,4.45900011
2005-11-18,4.50199986
2005-11-21,4.46099997
2005-11-22,4.42799997
2005-11-23,4.47399998
2005-11-25,4.43100023
2005-11-28,4.40600014
2005-11-29,4.48199987
2005-11-30,4.50000000
2005-12-01,4.52099991
2005-12-02,4.51900005
2005-12-05,4.56699991
2005-12-06,4.49399996
2005-12-07,4.51700020
2005-12-08,4.46400023
2005-12-09,4.53700018
2005-12-12,4.54699993
2005-12-13,4.53499985
2005-12-14,4.44999981
2005-12-15,4.46799994
2005-12-16,4.44799995
2005-12-19,4.44199991
2005-12-20,4.46600008
2005-12-21,4.48600006
2005-12-22,4.43300009
2005-12-23,4.38000011
2005-12-27,4.34100008
2005-12-28,4.37799978
2005-12-29,4.37599993
2005-12-30,4.39499998
2006-01-03,4.36999989
2006-01-04,4.35599995
2006-01-05,4.35599995
2006-01-06,4.37900019
2006-01-09,4.37900019
2006-01-10,4.42799997
2006-01-11,4.45800018
2006-01-12,4.40999985
2006-01-13,4.34999990
2006-01-17,4.33199978
2006-01-18,4.34000015
2006-01-19,4.37900019
2006-01-20,4.36100006
2006-01-23,4.35699987
2006-01-24,4.38999987
2006-01-25,4.47900009
2006-01-26,4.52299976
2006-01-27,4.50299978
2006-01-30,4.53499985
2006-01-31,4.52699995
2006-02-01,4.56099987
2006-02-02,4.56099987
2006-02-03,4.53299999
2006-02-06,4.54500008
2006-02-07,4.56699991
2006-02-08,4.59499979
2006-02-09,4.54099989
2006-02-10,4.58099985
2006-02-13,4.58300018
2006-02-14,4.61399984
2006-02-15,4.60599995
2006-02-16,4.59600019
2006-02-17,4.54099989
2006-02-21,4.56300020
2006-02-22,4.53100014
2006-02-23,4.56699991
2006-02-24,4.56699991
2006-02-27,4.59000015
2006-02-28,4.54699993
2006-03-01,4.58900023
2006-03-02,4.63800001
2006-03-03,4.68400002
2006-03-06,4.73799992
2006-03-07,4.73600006
2006-03-08,4.73400021
2006-03-09,4.73000002
2006-03-10,4.75500011
2006-03-13,4.77500010
2006-03-14,4.69600010
2006-03-15,4.73099995
2006-03-16,4.64599991
2006-03-17,4.67399979
2006-03-20,4.65600014
2006-03-21,4.71700001
2006-03-22,4.70300007
2006-03-23,4.73899984
2006-03-24,4.67500019
2006-03-27,4.70100021
2006-03-28,4.77799988
2006-03-29,4.80999994
2006-03-30,4.85500002
2006-03-31,4.85300016
2006-04-03,4.87400007
2006-04-04,4.87200022
2006-04-05,4.83900023
2006-04-06,4.89300013
2006-04-07,4.96299982
2006-04-10,4.96299982
2006-04-11,4.93200016
2006-04-12,4.97599983
2006-04-13,5.03599977
2006-04-17,5.00699997
2006-04-18,4.97399998
2006-04-19,5.02799988
2006-04-20,5.03900003
2006-04-21,5.01200008
2006-04-24,4.98500013
2006-04-25,5.07100010
2006-04-26,5.10500002
2006-04-27,5.08400011
2006-04-28,5.06899977
2006-05-01,5.13100004
2006-05-02,5.11000013
2006-05-03,5.14400005
2006-05-04,5.15000010
2006-05-05,5.10799980
2006-05-08,5.11899996
2006-05-09,5.12500000
2006-05-10,5.12500000
2006-05-11,5.15500021
2006-05-12,5.18599987
2006-05-15,5.15299988
2006-05-16,5.10500002
2006-05-17,5.15299988
2006-05-18,5.07299995
2006-05-19,5.05399990
2006-05-22,5.03599977
2006-05-23,5.06599998
2006-05-24,5.03399992
2006-05-25,5.07399988
2006-05-26,5.05200005
2006-05-30,5.08599997
2006-05-31,5.11299992
2006-06-01,5.10799980
2006-06-02,4.99399996
2006-06-05,5.02600002
2006-06-06,5.00600004
2006-06-07,5.02600002
2006-06-08,4.99200010
2006-06-09,4.98099995
2006-06-12,4.98699999
2006-06-13,4.96099997
2006-06-14,5.05000019
2006-06-15,5.09800005
2006-06-16,5.12799978
2006-06-19,5.14499998
2006-06-20,5.15700006
2006-06-21,5.15500021
2006-06-22,5.19799995
2006-06-23,5.22800016
2006-06-26,5.23899984
2006-06-27,5.21000004
2006-06-28,5.24499989
2006-06-29,5.19999981
2006-06-30,5.13800001
2006-07-03,5.15100002
2006-07-05,5.22700024
2006-07-06,5.18499994
2006-07-07,5.13199997
2006-07-10,5.13000011
2006-07-11,5.09999990
2006-07-12,5.09999990
2006-07-13,5.07100010
2006-07-14,5.05900002
2006-07-17,5.06899977
2006-07-18,5.13000011
2006-07-19,5.05900002
2006-07-20,5.02799988
2006-07-21,5.04500008
2006-07-24,5.04400015
2006-07-25,5.06500006
2006-07-26,5.03599977
2006-07-27,5.03999996
2006-07-28,4.98999977
2006-07-31,4.98799992
2006-08-01,4.98299980
2006-08-02,4.96099997
2006-08-03,4.95100021
2006-08-04,4.90100002
2006-08-07,4.92100000
2006-08-08,4.92299986
2006-08-09,4.93699980
2006-08-10,4.92700005
2006-08-11,4.96700001
2006-08-14,5.00099993
2006-08-15,4.93100023
2006-08-16,4.87099981
2006-08-17,4.86700010
2006-08-18,4.83500004
2006-08-21,4.81899977
2006-08-22,4.81099987
2006-08-23,4.81899977
2006-08-24,4.80299997
2006-08-25,4.79099989
2006-08-28,4.79699993
2006-08-29,4.78299999
2006-08-30,4.76300001
2006-08-31,4.73199987
2006-09-01,4.72599983
2006-09-05,4.78100014
2006-09-06,4.80100012
2006-09-07,4.79500008
2006-09-08,4.77099991
2006-09-11,4.79899979
2006-09-12,4.77299976
2006-09-13,4.76499987
2006-09-14,4.79300022
2006-09-15,4.79799986
2006-09-18,4.80999994
2006-09-19,4.73699999
2006-09-20,4.72900009
2006-09-21,4.64799976
2006-09-22,4.59700012
2006-09-25,4.55499983
2006-09-26,4.58500004
2006-09-27,4.59399986
2006-09-28,4.62599993
2006-09-29,4.63299990
2006-10-02,4.61800003
2006-10-03,4.61600018
2006-10-04,4.56500006
2006-10-05,4.60799980
2006-10-06,4.69600010
2006-10-10,4.74800014
2006-10-11,4.78399992
2006-10-12,4.77799988
2006-10-13,4.80600023
2006-10-16,4.78800011
2006-10-17,4.77799988
2006-10-18,4.76399994
2006-10-19,4.78599977
2006-10-20,4.78399992
2006-10-23,4.82600021
2006-10-24,4.82399988
2006-10-25,4.77299976
2006-10-26,4.72100019
2006-10-27,4.67500019
2006-10-30,4.67299986
2006-10-31,4.60599995
2006-11-01,4.56099987
2006-11-02,4.59600019
2006-11-03,4.71500015
2006-11-06,4.70900011
2006-11-07,4.65899992
2006-11-08,4.63299990
2006-11-09,4.63299990
2006-11-10,4.58599997
2006-11-13,4.60500002
2006-11-14,4.56799984
2006-11-15,4.61499977
2006-11-16,4.65500021
2006-11-17,4.60699987
2006-11-20,4.59499979
2006-11-21,4.57800007
2006-11-22,4.56799984
2006-11-24,4.54799986
2006-11-27,4.53800011
2006-11-28,4.50899982
2006-11-29,4.52099991
2006-11-30,4.45800018
2006-12-01,4.42500019
2006-12-04,4.43300009
2006-12-05,4.44199991
2006-12-06,4.48099995
2006-12-07,4.48299980
2006-12-08,4.55200005
2006-12-11,4.51999998
2006-12-12,4.49100018
2006-12-13,4.57700014
2006-12-14,4.59499979
2006-12-15,4.59700012
2006-12-18,4.58699989
2006-12-19,4.59899998
2006-12-20,4.59499979
2006-12-21,4.54899979
2006-12-22,4.62400007
2006-12-26,4.60300016
2006-12-27,4.65399981
2006-12-28,4.69000006
2006-12-29,4.71000004
2007-01-03,4.66400003
2007-01-04,4.61800003
2007-01-05,4.64599991
2007-01-08,4.65999985
2007-01-09,4.65600014
2007-01-10,4.68200016
2007-01-11,4.73699999
2007-01-12,4.77099991
2007-01-16,4.75099993
2007-01-17,4.78700018
2007-01-18,4.75099993
2007-01-19,4.77299976
2007-01-22,4.75899982
2007-01-23,4.80399990
2007-01-24,4.80999994
2007-01-25,4.86700010
2007-01-26,4.87900019
2007-01-29,4.89200020
2007-01-30,4.87500000
2007-01-31,4.82600021
2007-02-01,4.83699989
2007-02-02,4.82700014
2007-02-05,4.80800009
2007-02-06,4.76499987
2007-02-07,4.74499989
2007-02-08,4.73000002
2007-02-09,4.78399992
2007-02-12,4.80399990
2007-02-13,4.81400013
2007-02-14,4.73000002
2007-02-15,4.70599985
2007-02-16,4.69000006
2007-02-20,4.67999983
2007-02-21,4.69199991
2007-02-22,4.73000002
2007-02-23,4.67799997
2007-02-26,4.63100004
2007-02-27,4.51300001
2007-02-28,4.55000019
2007-03-01,4.55600023
2007-03-02,4.51499987
2007-03-05,4.51800013
2007-03-06,4.52799988
2007-03-07,4.49700022
2007-03-08,4.50899982
2007-03-09,4.58900023
2007-03-12,4.55299997
2007-03-13,4.49499989
2007-03-14,4.52199984
2007-03-15,4.53599977
2007-03-16,4.54500008
2007-03-19,4.57100010
2007-03-20,4.54699993
2007-03-21,4.51800013
2007-03-22,4.58900023
2007-03-23,4.61299992
2007-03-26,4.58699989
2007-03-27,4.61199999
2007-03-28,4.61999989
2007-03-29,4.63199997
2007-03-30,4.64799976
2007-04-02,4.64200020
2007-04-03,4.66400003
2007-04-04,4.65199995
2007-04-05,4.67399979
2007-04-09,4.74499989
2007-04-10,4.72399998
2007-04-11,4.73899984
2007-04-12,4.73699999
2007-04-13,4.76100016
2007-04-16,4.73500013
2007-04-17,4.68800020
2007-04-18,4.65399981
2007-04-19,4.67000008
2007-04-20,4.67199993
2007-04-23,4.65000010
2007-04-24,4.62200022
2007-04-25,4.64599991
2007-04-26,4.68400002
2007-04-27,4.69799995
2007-04-30,4.63000011
2007-05-01,4.64200020
2007-05-02,4.64599991
2007-05-03,4.67399979
2007-05-04,4.63999987
2007-05-07,4.63600016
2007-05-08,4.63399982
2007-05-09,4.66800022
2007-05-10,4.64799976
2007-05-11,4.67000008
2007-05-14,4.69000006
2007-05-15,4.71199989
2007-05-16,4.70800018
2007-05-17,4.75600004
2007-05-18,4.80399990
2007-05-21,4.78800011
2007-05-22,4.83099985
2007-05-23,4.85900021
2007-05-24,4.85699987
2007-05-25,4.86100006
2007-05-29,4.88199997
2007-05-30,4.87799978
2007-05-31,4.88999987
2007-06-01,4.95599985
2007-06-04,4.92899990
2007-06-05,4.97599983
2007-06-06,4.96999979
2007-06-07,5.09899998
2007-06-08,5.11800003
2007-06-11,5.13700008
2007-06-12,5.24800014
2007-06-13,5.19999981
2007-06-14,5.21700001
2007-06-15,5.17100000
2007-06-18,5.14200020
2007-06-19,5.08599997
2007-06-20,5.12300014
2007-06-21,5.16300011
2007-06-22,5.13800001
2007-06-25,5.07800007
2007-06-26,5.10099983
2007-06-27,5.07000017
2007-06-28,5.11800003
2007-06-29,5.03299999
2007-07-02,4.99800014
2007-07-03,5.05000019
2007-07-05,5.14400005
2007-07-06,5.19500017
2007-07-09,5.15899992
2007-07-10,5.03800011
2007-07-11,5.07999992
2007-07-12,5.11600018
2007-07-13,5.10699987
2007-07-16,5.04099989
2007-07-17,5.07800007
2007-07-18,5.01000023
2007-07-19,5.02799988
2007-07-20,4.95599985
2007-07-23,4.96400023
2007-07-24,4.94399977
2007-07-25,4.90399981
2007-07-26,4.77699995
2007-07-27,4.78800011
2007-07-30,4.80399990
2007-07-31,4.77099991
2007-08-01,4.75899982
2007-08-02,4.75299978
2007-08-03,4.69999981
2007-08-06,4.73099995
2007-08-07,4.74300003
2007-08-08,4.86000013
2007-08-09,4.78999996
2007-08-10,4.77600002
2007-08-13,4.77799988
2007-08-14,4.73199987
2007-08-15,4.70599985
2007-08-16,4.59999990
2007-08-17,4.67299986
2007-08-20,4.63399982
2007-08-21,4.59000015
2007-08-22,4.61999989
2007-08-23,4.61800003
2007-08-24,4.63299990
2007-08-27,4.59600019
2007-08-28,4.53000021
2007-08-29,4.55299997
2007-08-30,4.50199986
2007-08-31,4.53700018
2007-09-04,4.55800009
2007-09-05,4.47300005
2007-09-06,4.50000000
2007-09-07,4.36800003
2007-09-10,4.32399988
2007-09-11,4.36399984
2007-09-12,4.40799999
2007-09-13,4.48199987
2007-09-14,4.46199989
2007-09-17,4.46999979
2007-09-18,4.48000002
2007-09-19,4.52400017
2007-09-20,4.67199993
2007-09-21,4.63199997
2007-09-24,4.62400007
2007-09-25,4.61399984
2007-09-26,4.61999989
2007-09-27,4.57299995
2007-09-28,4.57900000
2007-10-01,4.55700016
2007-10-02,4.52899981
2007-10-03,4.54300022
2007-10-04,4.52299976
2007-10-05,4.63999987
2007-10-08,4.63800001
2007-10-09,4.65100002
2007-10-10,4.64699984
2007-10-11,4.65899992
2007-10-12,4.68699980
2007-10-15,4.67299986
2007-10-16,4.65500021
2007-10-17,4.54600000
2007-10-18,4.50299978
2007-10-19,4.40100002
2007-10-22,4.39300013
2007-10-23,4.40500021
2007-10-24,4.33099985
2007-10-25,4.35200024
2007-10-26,4.38899994
2007-10-29,4.38299990
2007-10-30,4.38299990
2007-10-31,4.47499990
2007-11-01,4.36100006
2007-11-02,4.29099989
2007-11-05,4.31799984
2007-11-06,4.35699987
2007-11-07,4.33400011
2007-11-08,4.27299976
2007-11-09,4.22499990
2007-11-12,4.21099997
2007-11-13,4.25600004
2007-11-14,4.26900005
2007-11-15,4.15899992
2007-11-16,4.15000010
2007-11-19,4.07900000
2007-11-20,4.05399990
2007-11-21,4.02400017
2007-11-23,4.01200008
2007-11-26,3.84699988
2007-11-27,3.94400001
2007-11-28,4.02500010
2007-11-29,3.94000006
2007-11-30,3.97199988
2007-12-03,3.89499998
2007-12-04,3.88899994
2007-12-05,3.91100001
2007-12-06,3.99799991
2007-12-07,4.11999989
2007-12-10,4.14900017
2007-12-11,3.99000001
2007-12-12,4.07600021
2007-12-13,4.17000008
2007-12-14,4.23199987
2007-12-17,4.19299984
2007-12-18,4.11999989
2007-12-19,4.07000017
2007-12-20,4.02600002
2007-12-21,4.16800022
2007-12-24,4.21199989
2007-12-26,4.28100014
2007-12-27,4.19899988
2007-12-28,4.09600019
2007-12-31,4.03499985
2008-01-02,3.90100002
2008-01-03,3.90100002
2008-01-04,3.85400009
2008-01-07,3.83899999
2008-01-08,3.83999991
2008-01-09,3.79099989
2008-01-10,3.88700008
2008-01-11,3.80999994
2008-01-14,3.79299998
2008-01-15,3.70099998
2008-01-16,3.71199989
2008-01-17,3.64000010
2008-01-18,3.64800000
2008-01-22,3.48399997
2008-01-23,3.42600012
2008-01-24,3.64000010
2008-01-25,3.58400011
2008-01-28,3.58599997
2008-01-29,3.65799999
2008-01-30,3.73300004
2008-01-31,3.63899994
2008-02-01,3.59999990
2008-02-04,3.64299989
2008-02-05,3.58699989
2008-02-06,3.61400008
2008-02-07,3.73600006
2008-02-08,3.65400004
2008-02-11,3.61800003
2008-02-12,3.67899990
2008-02-13,3.69400001
2008-02-14,3.81800008
2008-02-15,3.77999997
2008-02-19,3.87500000
2008-02-20,3.91700006
2008-02-21,3.78399992
2008-02-22,3.78999996
2008-02-25,3.90199995
2008-02-26,3.85999990
2008-02-27,3.84999990
2008-02-28,3.71499991
2008-02-29,3.53399992
2008-03-03,3.53399992
2008-03-04,3.57900000
2008-03-05,3.69300008
2008-03-06,3.62199998
2008-03-07,3.54099989
2008-03-10,3.43799996
2008-03-11,3.59599996
2008-03-12,3.48300004
2008-03-13,3.53399992
2008-03-14,3.42100000
2008-03-17,3.31399989
2008-03-18,3.45099998
2008-03-19,3.36199999
2008-03-20,3.32800007
2008-03-24,3.52200007
2008-03-25,3.49200010
2008-03-26,3.49399996
2008-03-27,3.53399992
2008-03-28,3.46600008
2008-03-31,3.43199992
2008-04-01,3.54500008
2008-04-02,3.58299994
2008-04-03,3.59100008
2008-04-04,3.48099995
2008-04-07,3.55599999
2008-04-08,3.55800009
2008-04-09,3.46600008
2008-04-10,3.53200006
2008-04-11,3.47099996
2008-04-14,3.50300002
2008-04-15,3.56999993
2008-04-16,3.69600010
2008-04-17,3.72900009
2008-04-18,3.74300003
2008-04-21,3.71199989
2008-04-22,3.72000003
2008-04-23,3.73000002
2008-04-24,3.82699990
2008-04-25,3.86599994
2008-04-28,3.83500004
2008-04-29,3.82500005
2008-04-30,3.75900006
2008-05-01,3.74900007
2008-05-02,3.84500003
2008-05-05,3.84500003
2008-05-06,3.89299989
2008-05-07,3.86700010
2008-05-08,3.80500007
2008-05-09,3.76699996
2008-05-12,3.77500010
2008-05-13,3.90899992
2008-05-14,3.93799996
2008-05-15,3.84299994
2008-05-16,3.84999990
2008-05-19,3.83899999
2008-05-20,3.77600002
2008-05-21,3.82200003
2008-05-22,3.92100000
2008-05-23,3.83100009
2008-05-27,3.92100000
2008-05-28,4.00899982
2008-05-29,4.07900000
2008-05-30,4.04600000
2008-06-02,3.97099996
2008-06-03,3.89800000
2008-06-04,3.94000006
2008-06-05,4.02500010
2008-06-06,3.93799996
2008-06-09,3.99200010
2008-06-10,4.09899998
2008-06-11,4.07299995
2008-06-12,4.20499992
2008-06-13,4.26100016
2008-06-16,4.24499989
2008-06-17,4.22499990
2008-06-18,4.15399981
2008-06-19,4.19899988
2008-06-20,4.13700008
2008-06-23,4.16800022
2008-06-24,4.10500002
2008-06-25,4.11499977
2008-06-26,4.03299999
2008-06-27,3.99000001
2008-06-30,3.97900009
2008-07-01,3.99200010
2008-07-02,3.95900011
2008-07-03,3.97300005
2008-07-07,3.93000007
2008-07-08,3.88000011
2008-07-09,3.83400011
2008-07-10,3.81100011
2008-07-11,3.94000006
2008-07-14,3.88000011
2008-07-15,3.84400010
2008-07-16,3.93400002
2008-07-17,4.03800011
2008-07-18,4.08099985
2008-07-21,4.06699991
2008-07-22,4.09700012
2008-07-23,4.14799976
2008-07-24,4.01599979
2008-07-25,4.11100006
2008-07-28,4.01800013
2008-07-29,4.04400015
2008-07-30,4.04799986
2008-07-31,3.97900009
2008-08-01,3.94799995
2008-08-04,3.97199988
2008-08-05,4.00699997
2008-08-06,4.04799986
2008-08-07,3.93499994
2008-08-08,3.95000005
2008-08-11,4.00199986
2008-08-12,3.91799998
2008-08-13,3.94700003
2008-08-14,3.89199996
2008-08-15,3.85200000
2008-08-18,3.81599998
2008-08-19,3.84200001
2008-08-20,3.79900002
2008-08-21,3.83800006
2008-08-22,3.86700010
2008-08-25,3.79099989
2008-08-26,3.78399992
2008-08-27,3.77200007
2008-08-28,3.79500008
2008-08-29,3.81299996
2008-09-02,3.74600005
2008-09-03,3.69700003
2008-09-04,3.64299989
2008-09-05,3.66000009
2008-09-08,3.66499996
2008-09-09,3.59599996
2008-09-10,3.64100003
2008-09-11,3.62199998
2008-09-12,3.73000002
2008-09-15,3.48300004
2008-09-16,3.49099994
2008-09-17,3.41000009
2008-09-18,3.43700004
2008-09-19,3.76900005
2008-09-22,3.82599998
2008-09-23,3.84100008
2008-09-24,3.77099991
2008-09-25,3.86199999
2008-09-26,3.82699990
2008-09-29,3.63199997
2008-09-30,3.82699990
2008-10-01,3.76799989
2008-10-02,3.64599991
2008-10-03,3.64400005
2008-10-06,3.42600012
2008-10-07,3.50600004
2008-10-08,3.71499991
2008-10-09,3.83400011
2008-10-10,3.86100006
2008-10-13,3.86100006
2008-10-14,4.02299976
2008-10-15,4.01100016
2008-10-16,3.93600011
2008-10-17,3.93799996
2008-10-20,3.88599992
2008-10-21,3.70300007
2008-10-22,3.61800003
2008-10-23,3.53399992
2008-10-24,3.69700003
2008-10-27,3.72900009
2008-10-28,3.81999993
2008-10-29,3.87400007
2008-10-30,3.93899989
2008-10-31,3.97000003
2008-11-03,3.90400004
2008-11-04,3.76500010
2008-11-05,3.69400001
2008-11-06,3.70700002
2008-11-07,3.77999997
2008-11-10,3.75999999
2008-11-11,3.75500011
2008-11-12,3.66499996
2008-11-13,3.81800008
2008-11-14,3.75000000
2008-11-17,3.68400002
2008-11-18,3.53500009
2008-11-19,3.39100003
2008-11-20,3.14400005
2008-11-21,3.16700006
2008-11-24,3.33999991
2008-11-25,3.09200001
2008-11-26,3.00099993
2008-11-28,2.95700002
2008-12-01,2.71900010
2008-12-02,2.69300008
2008-12-03,2.67600012
2008-12-04,2.56999993
2008-12-05,2.65700006
2008-12-08,2.73399997
2008-12-09,2.66899991
2008-12-10,2.68400002
2008-12-11,2.64800000
2008-12-12,2.58899999
2008-12-15,2.53299999
2008-12-16,2.36299992
2008-12-17,2.19000006
2008-12-18,2.07399988
2008-12-19,2.13100004
2008-12-22,2.14100003
2008-12-23,2.16300011
2008-12-24,2.17899990
2008-12-26,2.13700008
2008-12-29,2.09599996
2008-12-30,2.08699989
2008-12-31,2.24399996
2009-01-02,2.41599989
2009-01-05,2.48799992
2009-01-06,2.50500011
2009-01-07,2.49399996
2009-01-08,2.44499993
2009-01-09,2.40700006
2009-01-12,2.30900002
2009-01-13,2.29699993
2009-01-14,2.21300006
2009-01-15,2.20099998
2009-01-16,2.30399990
2009-01-20,2.34500003
2009-01-21,2.52600002
2009-01-22,2.59400010
2009-01-23,2.62199998
2009-01-26,2.64299989
2009-01-27,2.51900005
2009-01-28,2.65599990
2009-01-29,2.81500006
2009-01-30,2.84400010
2009-02-02,2.71900010
2009-02-03,2.84200001
2009-02-04,2.91400003
2009-02-05,2.90000010
2009-02-06,2.97900009
2009-02-09,3.02699995
2009-02-10,2.84699988
2009-02-11,2.76200008
2009-02-12,2.72700000
2009-02-13,2.88199997
2009-02-17,2.66199994
2009-02-18,2.72799993
2009-02-19,2.85700011
2009-02-20,2.77200007
2009-02-23,2.77699995
2009-02-24,2.79900002
2009-02-25,2.94499993
2009-02-26,2.97799993
2009-02-27,3.04099989
2009-03-02,2.91899991
2009-03-03,2.93799996
2009-03-04,3.01099992
2009-03-05,2.81900001
2009-03-06,2.82800007
2009-03-09,2.88599992
2009-03-10,2.98200011
2009-03-11,2.91599989
2009-03-12,2.89199996
2009-03-13,2.88499999
2009-03-16,2.95099998
2009-03-17,3.00300002
2009-03-18,2.53299999
2009-03-19,2.59699988
2009-03-20,2.62500000
2009-03-23,2.66000009
2009-03-24,2.65400004
2009-03-25,2.77200007
2009-03-26,2.73300004
2009-03-27,2.76099992
2009-03-30,2.71399999
2009-03-31,2.68499994
2009-04-01,2.65799999
2009-04-02,2.75200009
2009-04-03,2.90700006
2009-04-06,2.93899989
2009-04-07,2.90899992
2009-04-08,2.84699988
2009-04-09,2.92600012
2009-04-13,2.84500003
2009-04-14,2.78600001
2009-04-15,2.75900006
2009-04-16,2.82999992
2009-04-17,2.93000007
2009-04-20,2.84299994
2009-04-21,2.90199995
2009-04-22,2.96399999
2009-04-23,2.92700005
2009-04-24,2.99600005
2009-04-27,2.92100000
2009-04-28,3.00200009
2009-04-29,3.09599996
2009-04-30,3.12400007
2009-05-01,3.17400002
2009-05-04,3.15700006
2009-05-05,3.15700006
2009-05-06,3.15199995
2009-05-07,3.29500008
2009-05-08,3.29299998
2009-05-11,3.18000007
2009-05-12,3.17499995
2009-05-13,3.10500002
2009-05-14,3.10700011
2009-05-15,3.12299991
2009-05-18,3.21099997
2009-05-19,3.24300003
2009-05-20,3.20199990
2009-05-21,3.35299993
2009-05-22,3.44799995
2009-05-26,3.49300003
2009-05-27,3.69499993
2009-05-28,3.67199993
2009-05-29,3.46499991
2009-06-01,3.71499991
2009-06-02,3.64400005
2009-06-03,3.55100012
2009-06-04,3.71600008
2009-06-05,3.86199999
2009-06-08,3.88899994
2009-06-09,3.85800004
2009-06-10,3.93600011
2009-06-11,3.86199999
2009-06-12,3.78800011
2009-06-15,3.71300006
2009-06-16,3.67400002
2009-06-17,3.64700007
2009-06-18,3.83400011
2009-06-19,3.78900003
2009-06-22,3.69300008
2009-06-23,3.64000010
2009-06-24,3.68499994
2009-06-25,3.54600000
2009-06-26,3.50600004
2009-06-29,3.49200010
2009-06-30,3.52300000
2009-07-01,3.54399991
2009-07-02,3.49499989
2009-07-06,3.50600004
2009-07-07,3.46000004
2009-07-08,3.28900003
2009-07-09,3.41300011
2009-07-10,3.29500008
2009-07-13,3.34599996
2009-07-14,3.44700003
2009-07-15,3.59599996
2009-07-16,3.55699992
2009-07-17,3.65100002
2009-07-20,3.58500004
2009-07-21,3.47700000
2009-07-22,3.55399990
2009-07-23,3.70900011
2009-07-24,3.67000008
2009-07-27,3.71300006
2009-07-28,3.68799996
2009-07-29,3.66400003
2009-07-30,3.64100003
2009-07-31,3.50099993
2009-08-03,3.63899994
2009-08-04,3.67899990
2009-08-05,3.76399994
2009-08-06,3.74600005
2009-08-07,3.85400009
2009-08-10,3.77099991
2009-08-11,3.69300008
2009-08-12,3.70099998
2009-08-13,3.59100008
2009-08-14,3.55800009
2009-08-17,3.49099994
2009-08-18,3.52600002
2009-08-19,3.46300006
2009-08-20,3.43499994
2009-08-21,3.55599999
2009-08-24,3.49399996
2009-08-25,3.45000005
2009-08-26,3.43799996
2009-08-27,3.46199989
2009-08-28,3.45099998
2009-08-31,3.40100002
2009-09-01,3.37500000
2009-09-02,3.29500008
2009-09-03,3.32800007
2009-09-04,3.44199991
2009-09-08,3.46900010
2009-09-09,3.47900009
2009-09-10,3.34200001
2009-09-11,3.34299994
2009-09-14,3.40599990
2009-09-15,3.45199990
2009-09-16,3.47099996
2009-09-17,3.39800000
2009-09-18,3.47399998
2009-09-21,3.48699999
2009-09-22,3.45600009
2009-09-23,3.41799998
2009-09-24,3.38100004
2009-09-25,3.32900000
2009-09-28,3.30200005
2009-09-29,3.29200006
2009-09-30,3.30699992
2009-10-01,3.19400001
2009-10-02,3.22099996
2009-10-05,3.22399998
2009-10-06,3.24799991
2009-10-07,3.17499995
2009-10-08,3.25500011
2009-10-09,3.38400006
2009-10-12,3.38000011
2009-10-13,3.31200004
2009-10-14,3.42300010
2009-10-15,3.47000003
2009-10-16,3.41700006
2009-10-19,3.39499998
2009-10-20,3.33699989
2009-10-21,3.41100001
2009-10-22,3.42100000
2009-10-23,3.47499990
2009-10-26,3.55399990
2009-10-27,3.46199989
2009-10-28,3.41100001
2009-10-29,3.50099993
2009-10-30,3.39199996
2009-11-02,3.42199993
2009-11-03,3.47300005
2009-11-04,3.54600000
2009-11-05,3.53299999
2009-11-06,3.50300002
2009-11-09,3.48600006
2009-11-10,3.48200011
2009-11-11,3.47399998
2009-11-12,3.44600010
2009-11-13,3.42899990
2009-11-16,3.33100009
2009-11-17,3.31900001
2009-11-18,3.36599994
2009-11-19,3.34899998
2009-11-20,3.35599995
2009-11-23,3.36400008
2009-11-24,3.31699991
2009-11-25,3.27900004
2009-11-27,3.23099995
2009-11-30,3.20099998
2009-12-01,3.27500010
2009-12-02,3.32299995
2009-12-03,3.38000011
2009-12-04,3.48300004
2009-12-07,3.44799995
2009-12-08,3.39199996
2009-12-09,3.42300010
2009-12-10,3.48200011
2009-12-11,3.53999996
2009-12-14,3.54600000
2009-12-15,3.60299993
2009-12-16,3.59599996
2009-12-17,3.48699999
2009-12-18,3.54600000
2009-12-21,3.68199992
2009-12-22,3.74399996
2009-12-23,3.74799991
2009-12-24,3.80699992
2009-12-28,3.84200001
2009-12-29,3.80900002
2009-12-30,3.78399992
2009-12-31,3.84299994
2010-01-04,3.84100008
2010-01-05,3.75500011
2010-01-06,3.80800009
2010-01-07,3.82200003
2010-01-08,3.80800009
2010-01-11,3.81800008
2010-01-12,3.71900010
2010-01-13,3.78299999
2010-01-14,3.73399997
2010-01-15,3.67600012
2010-01-19,3.70700002
2010-01-20,3.65899992
2010-01-21,3.61100006
2010-01-22,3.59800005
2010-01-25,3.63000011
2010-01-26,3.63000011
2010-01-27,3.64400005
2010-01-28,3.65799999
2010-01-29,3.60899997
2010-02-01,3.65400004
2010-02-02,3.63499999
2010-02-03,3.70300007
2010-02-04,3.60999990
2010-02-05,3.54600000
2010-02-08,3.59200001
2010-02-09,3.63299990
2010-02-10,3.69400001
2010-02-11,3.73300004
2010-02-12,3.69300008
2010-02-16,3.66400003
2010-02-17,3.74200010
2010-02-18,3.80299997
2010-02-19,3.78200006
2010-02-22,3.79900002
2010-02-23,3.69099998
2010-02-24,3.69499993
2010-02-25,3.64199996
2010-02-26,3.59500003
2010-03-01,3.60599995
2010-03-02,3.61400008
2010-03-03,3.62500000
2010-03-04,3.60599995
2010-03-05,3.68199992
2010-03-08,3.70799994
2010-03-09,3.70099998
2010-03-10,3.72000003
2010-03-11,3.72000003
2010-03-12,3.71000004
2010-03-15,3.70400000
2010-03-16,3.65300012
2010-03-17,3.64199996
2010-03-18,3.67199993
2010-03-19,3.68700004
2010-03-22,3.66300011
2010-03-23,3.68000007
2010-03-24,3.82900000
2010-03-25,3.90100002
2010-03-26,3.85500002
2010-03-29,3.86400008
2010-03-30,3.86800003
2010-03-31,3.83299994
2010-04-01,3.85899997
2010-04-05,3.99399996
2010-04-06,3.96799994
2010-04-07,3.86299992
2010-04-08,3.89599991
2010-04-09,3.88800001
2010-04-12,3.84599996
2010-04-13,3.81100011
2010-04-14,3.85500002
2010-04-15,3.84800005
2010-04-16,3.76999998
2010-04-19,3.80699992
2010-04-20,3.80500007
2010-04-21,3.73799992
2010-04-22,3.77200007
2010-04-23,3.81699991
2010-04-26,3.81500006
2010-04-27,3.69000006
2010-04-28,3.77300000
2010-04-29,3.72799993
2010-04-30,3.66300011
2010-05-03,3.70499992
2010-05-04,3.61299992
2010-05-05,3.54999995
2010-05-06,3.39800000
2010-05-07,3.42899990
2010-05-10,3.53900003
2010-05-11,3.53500009
2010-05-12,3.56699991
2010-05-13,3.56399989
2010-05-14,3.44199991
2010-05-17,3.47199988
2010-05-18,3.37599993
2010-05-19,3.35899997
2010-05-20,3.26399994
2010-05-21,3.20000005
2010-05-24,3.22700000
2010-05-25,3.15799999
2010-05-26,3.21799994
2010-05-27,3.33800006
2010-05-28,3.30100012
2010-06-01,3.29600000
2010-06-02,3.33400011
2010-06-03,3.37899995
2010-06-04,3.19499993
2010-06-07,3.18400002
2010-06-08,3.16799998
2010-06-09,3.18700004
2010-06-10,3.31900001
2010-06-11,3.21600008
2010-06-14,3.27500010
2010-06-15,3.30999994
2010-06-16,3.28200006
2010-06-17,3.19000006
2010-06-18,3.22300005
2010-06-21,3.24300003
2010-06-22,3.16599989
2010-06-23,3.11500001
2010-06-24,3.12299991
2010-06-25,3.11299992
2010-06-28,3.03200006
2010-06-29,2.96700001
2010-06-30,2.95099998
2010-07-01,2.92700005
2010-07-02,2.97900009
2010-07-06,2.93199992
2010-07-07,2.98000002
2010-07-08,3.01999998
2010-07-09,3.05599999
2010-07-12,3.04600000
2010-07-13,3.11400008
2010-07-14,3.04999995
2010-07-15,2.97799993
2010-07-16,2.93899989
2010-07-19,2.96399999
2010-07-20,2.93199992
2010-07-21,2.89199996
2010-07-22,2.93199992
2010-07-23,2.99399996
2010-07-26,2.99399996
2010-07-27,3.04699993
2010-07-28,3.00099993
2010-07-29,2.99900007
2010-07-30,2.90700006
2010-08-02,2.96300006
2010-08-03,2.91400003
2010-08-04,2.95199990
2010-08-05,2.91499996
2010-08-06,2.82399988
2010-08-09,2.82200003
2010-08-10,2.78099990
2010-08-11,2.68499994
2010-08-12,2.73499990
2010-08-13,2.68799996
2010-08-16,2.57500005
2010-08-17,2.64499998
2010-08-18,2.64100003
2010-08-19,2.57900000
2010-08-20,2.61199999
2010-08-23,2.60700011
2010-08-24,2.49900007
2010-08-25,2.53800011
2010-08-26,2.49900007
2010-08-27,2.65199995
2010-08-30,2.54500008
2010-08-31,2.47700000
2010-09-01,2.58200002
2010-09-02,2.62800002
2010-09-03,2.70600009
2010-09-07,2.60899997
2010-09-08,2.65400004
2010-09-09,2.76099992
2010-09-10,2.79500008
2010-09-13,2.74099994
2010-09-14,2.66599989
2010-09-15,2.72300005
2010-09-16,2.75900006
2010-09-17,2.74600005
2010-09-20,2.70600009
2010-09-21,2.59400010
2010-09-22,2.54800010
2010-09-23,2.55500007
2010-09-24,2.61199999
2010-09-27,2.51699996
2010-09-28,2.45600009
2010-09-29,2.50600004
2010-09-30,2.51699996
2010-10-01,2.52600002
2010-10-04,2.47900009
2010-10-05,2.47399998
2010-10-06,2.39899993
2010-10-07,2.39599991
2010-10-08,2.38100004
2010-10-12,2.42199993
2010-10-13,2.43099999
2010-10-14,2.49499989
2010-10-15,2.57599998
2010-10-18,2.49099994
2010-10-19,2.47499990
2010-10-20,2.47000003
2010-10-21,2.53099990
2010-10-22,2.56299996
2010-10-25,2.55399990
2010-10-26,2.63599992
2010-10-27,2.71199989
2010-10-28,2.66100001
2010-10-29,2.61199999
2010-11-01,2.62800002
2010-11-02,2.59400010
2010-11-03,2.61899996
2010-11-04,2.48399997
2010-11-05,2.53600001
2010-11-08,2.56299996
2010-11-09,2.65899992
2010-11-10,2.64800000
2010-11-11,2.64800000
2010-11-12,2.75600004
2010-11-15,2.91100001
2010-11-16,2.84699988
2010-11-17,2.86400008
2010-11-18,2.90199995
2010-11-19,2.87500000
2010-11-22,2.81299996
2010-11-23,2.76200008
2010-11-24,2.91400003
2010-11-26,2.86400008
2010-11-29,2.82200003
2010-11-30,2.79699993
2010-12-01,2.96399999
2010-12-02,3.00000000
2010-12-03,3.01699996
2010-12-06,2.94099998
2010-12-07,3.16499996
2010-12-08,3.23600006
2010-12-09,3.22300005
2010-12-10,3.29600000
2010-12-13,3.28299999
2010-12-14,3.45499992
2010-12-15,3.51999998
2010-12-16,3.47700000
2010-12-17,3.32999992
2010-12-20,3.34899998
2010-12-21,3.32599998
2010-12-22,3.34599996
2010-12-23,3.39299989
2010-12-27,3.35100007
2010-12-28,3.48099995
2010-12-29,3.34100008
2010-12-30,3.36899996
2010-12-31,3.30500007
2011-01-03,3.34200001
2011-01-04,3.34599996
2011-01-05,3.48300004
2011-01-06,3.41899991
2011-01-07,3.32800007
2011-01-10,3.30399990
2011-01-11,3.34100008
2011-01-12,3.35500002
2011-01-13,3.30100012
2011-01-14,3.33299994
2011-01-18,3.36400008
2011-01-19,3.33699989
2011-01-20,3.45900011
2011-01-21,3.41599989
2011-01-24,3.40799999
2011-01-25,3.31900001
2011-01-26,3.42799997
2011-01-27,3.38499999
2011-01-28,3.32900000
2011-01-31,3.37800002
2011-02-01,3.44300008
2011-02-02,3.48900008
2011-02-03,3.54099989
2011-02-04,3.65199995
2011-02-07,3.64400005
2011-02-08,3.72499990
2011-02-09,3.64199996
2011-02-10,3.70799994
2011-02-11,3.64599991
2011-02-14,3.61400008
2011-02-15,3.61599994
2011-02-16,3.62100005
2011-02-17,3.57399988
2011-02-18,3.58899999
2011-02-22,3.46099997
2011-02-23,3.48699999
2011-02-24,3.43799996
2011-02-25,3.42499995
2011-02-28,3.41400003
2011-03-01,3.41400003
2011-03-02,3.46399999
2011-03-03,3.57200003
2011-03-04,3.49200010
2011-03-07,3.49699998
2011-03-08,3.54399991
2011-03-09,3.46900010
2011-03-10,3.39299989
2011-03-11,3.39299989
2011-03-14,3.34699988
2011-03-15,3.32299995
2011-03-16,3.21199989
2011-03-17,3.24799991
2011-03-18,3.27699995
2011-03-21,3.32299995
2011-03-22,3.33200002
2011-03-23,3.34800005
2011-03-24,3.40400004
2011-03-25,3.44400001
2011-03-28,3.44799995
2011-03-29,3.49099994
2011-03-30,3.45499992
2011-03-31,3.45400000
2011-04-01,3.45099998
2011-04-04,3.43099999
2011-04-05,3.48699999
2011-04-06,3.54500008
2011-04-07,3.55500007
2011-04-08,3.56999993
2011-04-11,3.56999993
2011-04-12,3.50000000
2011-04-13,3.46600008
2011-04-14,3.48499990
2011-04-15,3.41000009
2011-04-18,3.37100005
2011-04-19,3.35599995
2011-04-20,3.40000010
2011-04-21,3.40000010
2011-04-25,3.36299992
2011-04-26,3.31999993
2011-04-27,3.36800003
2011-04-28,3.31200004
2011-04-29,3.29600000
2011-05-02,3.28600001
2011-05-03,3.25500011
2011-05-04,3.22300005
2011-05-05,3.16799998
2011-05-06,3.15700006
2011-05-09,3.14199996
2011-05-10,3.19499993
2011-05-11,3.15700006
2011-05-12,3.23000002
2011-05-13,3.18700004
2011-05-16,3.14899993
2011-05-17,3.12100005
2011-05-18,3.17100000
2011-05-19,3.17100000
2011-05-20,3.15199995
2011-05-23,3.13400006
2011-05-24,3.12299991
2011-05-25,3.12899995
2011-05-26,3.06100011
2011-05-27,3.06399989
2011-05-31,3.04999995
2011-06-01,2.96600008
2011-06-02,3.02999997
2011-06-03,2.99699998
2011-06-06,3.00200009
2011-06-07,3.01099992
2011-06-08,2.96199989
2011-06-09,2.99799991
2011-06-10,2.97099996
2011-06-13,2.99099994
2011-06-14,3.09899998
2011-06-15,2.97300005
2011-06-16,2.90899992
2011-06-17,2.94400001
2011-06-20,2.96300006
2011-06-21,2.98499990
2011-06-22,2.99300003
2011-06-23,2.90899992
2011-06-24,2.87100005
2011-06-27,2.92700005
2011-06-28,3.04500008
2011-06-29,3.10800004
2011-06-30,3.15799999
2011-07-01,3.19700003
2011-07-05,3.13599992
2011-07-06,3.09500003
2011-07-07,3.14899993
2011-07-08,3.01600003
2011-07-11,2.91700006
2011-07-12,2.90799999
2011-07-13,2.89100003
2011-07-14,2.94400001
2011-07-15,2.90799999
2011-07-18,2.90899992
2011-07-19,2.89100003
2011-07-20,2.93300009
2011-07-21,3.00999999
2011-07-22,2.96399999
2011-07-25,3.00399995
2011-07-26,2.95099998
2011-07-27,2.98000002
2011-07-28,2.95099998
2011-07-29,2.80500007
2011-08-01,2.74000001
2011-08-02,2.62400007
2011-08-03,2.59899998
2011-08-04,2.45799994
2011-08-05,2.55800009
2011-08-08,2.33899999
2011-08-09,2.18199992
2011-08-10,2.13700008
2011-08-11,2.33599997
2011-08-12,2.23699999
2011-08-15,2.28500009
2011-08-16,2.21399999
2011-08-17,2.16499996
2011-08-18,2.08299994
2011-08-19,2.07100010
2011-08-22,2.08800006
2011-08-23,2.13700008
2011-08-24,2.25999999
2011-08-25,2.22199988
2011-08-26,2.18799996
2011-08-29,2.27099991
2011-08-30,2.17600012
2011-08-31,2.21799994
2011-09-01,2.14599991
2011-09-02,1.99600005
2011-09-06,1.97899997
2011-09-07,2.03600001
2011-09-08,1.98599994
2011-09-09,1.91499996
2011-09-12,1.92999995
2011-09-13,1.99399996
2011-09-14,2.01099992
2011-09-15,2.08500004
2011-09-16,2.07599998
2011-09-19,1.94000006
2011-09-20,1.94700003
2011-09-21,1.87500000
2011-09-22,1.71500003
2011-09-23,1.80799997
2011-09-26,1.90400004
2011-09-27,2.01600003
2011-09-28,2.00200009
2011-09-29,1.95700002
2011-09-30,1.92400002
2011-10-03,1.78499997
2011-10-04,1.78100002
2011-10-05,1.90499997
2011-10-06,1.98599994
2011-10-07,2.06800008
2011-10-10,2.07599998
2011-10-11,2.16000009
2011-10-12,2.22600007
2011-10-13,2.16899991
2011-10-14,2.23200011
2011-10-17,2.15499997
2011-10-18,2.15100002
2011-10-19,2.15899992
2011-10-20,2.18000007
2011-10-21,2.20300007
2011-10-24,2.23399997
2011-10-25,2.12800002
2011-10-26,2.20300007
2011-10-27,2.39499998
2011-10-28,2.30599999
2011-10-31,2.17499995
2011-11-01,2.00099993
2011-11-02,2.00600004
2011-11-03,2.06599998
2011-11-04,2.04999995
2011-11-07,1.99399996
2011-11-08,2.06500006
2011-11-09,1.95500004
2011-11-10,2.05599999
2011-11-11,2.05599999
2011-11-14,2.04299998
2011-11-15,2.05699992
2011-11-16,2.02399993
2011-11-17,1.95799994
2011-11-18,2.01200008
2011-11-21,1.96200001
2011-11-22,1.93900001
2011-11-23,1.87899995
2011-11-25,1.96700001
2011-11-28,1.95799994
2011-11-29,1.99600005
2011-11-30,2.06800008
2011-12-01,2.11700010
2011-12-02,2.04200006
2011-12-05,2.05399990
2011-12-06,2.09299994
2011-12-07,2.01699996
2011-12-08,1.97200000
2011-12-09,2.05200005
2011-12-12,2.00900006
2011-12-13,1.96200001
2011-12-14,1.90100002
2011-12-15,1.91299999
2011-12-16,1.85399997
2011-12-19,1.81299996
2011-12-20,1.92499995
2011-12-21,1.96700001
2011-12-22,1.95099998
2011-12-23,2.02999997
2011-12-27,2.00900006
2011-12-28,1.90799999
2011-12-29,1.89699996
2011-12-30,1.87100005
2012-01-03,1.96000004
2012-01-04,1.99500000
2012-01-05,1.99300003
2012-01-06,1.96099997
2012-01-09,1.96000004
2012-01-10,1.97200000
2012-01-11,1.90400004
2012-01-12,1.93299997
2012-01-13,1.85300004
2012-01-17,1.85000002
2012-01-18,1.89699996
2012-01-19,1.97200000
2012-01-20,2.02800012
2012-01-23,2.06699991
2012-01-24,2.06399989
2012-01-25,2.00699997
2012-01-26,1.93099999
2012-01-27,1.89800000
2012-01-30,1.83700001
2012-01-31,1.79900002
2012-02-01,1.84599996
2012-02-02,1.82500005
2012-02-03,1.94900000
2012-02-06,1.90100002
2012-02-07,1.96599996
2012-02-08,1.97500002
2012-02-09,2.04699993
2012-02-10,1.96899998
2012-02-13,1.99000001
2012-02-14,1.92400002
2012-02-15,1.93099999
2012-02-16,1.99300003
2012-02-17,2.00999999
2012-02-21,2.04500008
2012-02-22,2.00500011
2012-02-23,1.98399997
2012-02-24,1.97700000
2012-02-27,1.92200005
2012-02-28,1.92900002
2012-02-29,1.97700000
2012-03-01,2.03699994
2012-03-02,1.98599994
2012-03-05,2.00500011
2012-03-06,1.94400001
2012-03-07,1.97200000
2012-03-08,2.01399994
2012-03-09,2.03800011
2012-03-12,2.03099990
2012-03-13,2.10700011
2012-03-14,2.27399993
2012-03-15,2.28099990
2012-03-16,2.29800010
2012-03-19,2.37899995
2012-03-20,2.37199998
2012-03-21,2.29399991
2012-03-22,2.27500010
2012-03-23,2.23699999
2012-03-26,2.24399996
2012-03-27,2.18700004
2012-03-28,2.19600010
2012-03-29,2.15899992
2012-03-30,2.21600008
2012-04-02,2.19300008
2012-04-03,2.28399992
2012-04-04,2.24300003
2012-04-05,2.17499995
2012-04-09,2.03699994
2012-04-10,1.98800004
2012-04-11,2.02800012
2012-04-12,2.04900002
2012-04-13,1.99800003
2012-04-16,1.97399998
2012-04-17,2.00900006
2012-04-18,1.98199999
2012-04-19,1.95200002
2012-04-20,1.97000003
2012-04-23,1.93299997
2012-04-24,1.96099997
2012-04-25,1.98399997
2012-04-26,1.95899999
2012-04-27,1.93299997
2012-04-30,1.91499996
2012-05-01,1.95599997
2012-05-02,1.92200005
2012-05-03,1.92400002
2012-05-04,1.88000000
2012-05-07,1.87699997
2012-05-08,1.83700001
2012-05-09,1.83500004
2012-05-10,1.88399994
2012-05-11,1.84099996
2012-05-14,1.78799999
2012-05-15,1.77699995
2012-05-16,1.76499999
2012-05-17,1.70200002
2012-05-18,1.70200002
2012-05-21,1.73500001
2012-05-22,1.79299998
2012-05-23,1.72099996
2012-05-24,1.75899994
2012-05-25,1.74500000
2012-05-29,1.73099995
2012-05-30,1.62500000
2012-05-31,1.58099997
2012-06-01,1.46700001
2012-06-04,1.52699995
2012-06-05,1.55599999
2012-06-06,1.65100002
2012-06-07,1.65400004
2012-06-08,1.63699996
2012-06-11,1.60000002
2012-06-12,1.66100001
2012-06-13,1.59899998
2012-06-14,1.61099994
2012-06-15,1.58700001
2012-06-18,1.58399999
2012-06-19,1.62000000
2012-06-20,1.64199996
2012-06-21,1.61800003
2012-06-22,1.67200005
2012-06-25,1.60800004
2012-06-26,1.62800002
2012-06-27,1.62100005
2012-06-28,1.57700002
2012-06-29,1.65900004
2012-07-02,1.58000004
2012-07-03,1.63100004
2012-07-05,1.59700000
2012-07-06,1.54400003
2012-07-09,1.51300001
2012-07-10,1.49800003
2012-07-11,1.49800003
2012-07-12,1.47899997
2012-07-13,1.49899995
2012-07-16,1.46399999
2012-07-17,1.50100005
2012-07-18,1.47899997
2012-07-19,1.51499999
2012-07-20,1.46000004
2012-07-23,1.43499994
2012-07-24,1.40400004
2012-07-25,1.40600002
2012-07-26,1.42799997
2012-07-27,1.55499995
2012-07-30,1.50399995
2012-07-31,1.49199998
2012-08-01,1.53900003
2012-08-02,1.47800004
2012-08-03,1.57700002
2012-08-06,1.55799997
2012-08-07,1.62800002
2012-08-08,1.63999999
2012-08-09,1.68799996
2012-08-10,1.64900005
2012-08-13,1.65400004
2012-08-14,1.72599995
2012-08-15,1.80499995
2012-08-16,1.83599997
2012-08-17,1.81599998
2012-08-20,1.81400001
2012-08-21,1.80499995
2012-08-22,1.71899998
2012-08-23,1.66600001
2012-08-24,1.67799997
2012-08-27,1.64900005
2012-08-28,1.63000000
2012-08-29,1.65400004
2012-08-30,1.62000000
2012-08-31,1.56200004
2012-09-04,1.58099997
2012-09-05,1.59399998
2012-09-06,1.67299998
2012-09-07,1.66100001
2012-09-10,1.68299997
2012-09-11,1.69500005
2012-09-12,1.76499999
2012-09-13,1.75600004
2012-09-14,1.87000000
2012-09-17,1.83800006
2012-09-18,1.81200004
2012-09-19,1.78199995
2012-09-20,1.77699995
2012-09-21,1.75999999
2012-09-24,1.71800005
2012-09-25,1.68200004
2012-09-26,1.61800003
2012-09-27,1.63999999
2012-09-28,1.63699996
2012-10-01,1.62500000
2012-10-02,1.61500001
2012-10-03,1.62300003
2012-10-04,1.66499996
2012-10-05,1.73199999
2012-10-08,1.74600005
2012-10-09,1.72000003
2012-10-10,1.69099998
2012-10-11,1.67499995
2012-10-12,1.66299999
2012-10-15,1.66299999
2012-10-16,1.72000003
2012-10-17,1.81099999
2012-10-18,1.82599998
2012-10-19,1.76800001
2012-10-22,1.79799998
2012-10-23,1.76400006
2012-10-24,1.77499998
2012-10-25,1.82799995
2012-10-26,1.75000000
2012-10-31,1.68599999
2012-11-01,1.71500003
2012-11-02,1.72599995
2012-11-05,1.68400002
2012-11-06,1.74199998
2012-11-07,1.63199997
2012-11-08,1.63199997
2012-11-09,1.61300004
2012-11-12,1.61099994
2012-11-13,1.58899999
2012-11-14,1.58899999
2012-11-15,1.58899999
2012-11-16,1.57400000
2012-11-19,1.61099994
2012-11-20,1.65600002
2012-11-21,1.68700004
2012-11-23,1.69299996
2012-11-26,1.66400003
2012-11-27,1.64499998
2012-11-28,1.61699998
2012-11-29,1.62000000
2012-11-30,1.60599995
2012-12-03,1.62800002
2012-12-04,1.60800004
2012-12-05,1.59099996
2012-12-06,1.58099997
2012-12-07,1.62699997
2012-12-10,1.61600006
2012-12-11,1.64900005
2012-12-12,1.69700003
2012-12-13,1.72800004
2012-12-14,1.70799994
2012-12-17,1.76300001
2012-12-18,1.82700002
2012-12-19,1.79999995
2012-12-20,1.79999995
2012-12-21,1.75399995
2012-12-24,1.77400005
2012-12-26,1.75800002
2012-12-27,1.71500003
2012-12-28,1.71099997
2012-12-31,1.75600004
2013-01-02,1.83899999
2013-01-03,1.89900005
2013-01-04,1.91499996
2013-01-07,1.90300000
2013-01-08,1.87100005
2013-01-09,1.85200000
2013-01-10,1.89400005
2013-01-11,1.87500000
2013-01-14,1.85699999
2013-01-15,1.83099997
2013-01-16,1.82400000
2013-01-17,1.87500000
2013-01-18,1.84300005
2013-01-22,1.83500004
2013-01-23,1.83299994
2013-01-24,1.84399998
2013-01-25,1.94700003
2013-01-28,1.97399998
2013-01-29,1.98800004
2013-01-30,2.00600004
2013-01-31,1.98500001
2013-02-01,2.00999999
2013-02-04,1.97300005
2013-02-05,2.01600003
2013-02-06,1.96800005
2013-02-07,1.95099998
2013-02-08,1.95400000
2013-02-11,1.94599998
2013-02-12,1.98199999
2013-02-13,2.01900005
2013-02-14,2.00000000
2013-02-15,2.00699997
2013-02-19,2.02600002
2013-02-20,2.02099991
2013-02-21,1.97599995
2013-02-22,1.96700001
2013-02-25,1.89499998
2013-02-26,1.87899995
2013-02-27,1.90300000
2013-02-28,1.88800001
2013-03-01,1.85300004
2013-03-04,1.87699997
2013-03-05,1.89400005
2013-03-06,1.93799996
2013-03-07,1.99100006
2013-03-08,2.05599999
2013-03-11,2.05599999
2013-03-12,2.02300000
2013-03-13,2.02099991
2013-03-14,2.03299999
2013-03-15,1.99600005
2013-03-18,1.95599997
2013-03-19,1.90799999
2013-03-20,1.93700004
2013-03-21,1.93200004
2013-03-22,1.91499996
2013-03-25,1.91499996
2013-03-26,1.90600002
2013-03-27,1.85099995
2013-03-28,1.85200000
2013-04-01,1.84000003
2013-04-02,1.86099994
2013-04-03,1.81200004
2013-04-04,1.75899994
2013-04-05,1.69400001
2013-04-08,1.73199999
2013-04-09,1.74699998
2013-04-10,1.80499995
2013-04-11,1.79100001
2013-04-12,1.72099996
2013-04-15,1.70200002
2013-04-16,1.71899998
2013-04-17,1.70400000
2013-04-18,1.68499994
2013-04-19,1.70299995
2013-04-22,1.69799995
2013-04-23,1.69799995
2013-04-24,1.69799995
2013-04-25,1.71099997
2013-04-26,1.66299999
2013-04-29,1.66799998
2013-04-30,1.67499995
2013-05-01,1.63900006
2013-05-02,1.63100004
2013-05-03,1.75199997
2013-05-06,1.77100003
2013-05-07,1.78299999
2013-05-08,1.75999999
2013-05-09,1.81299996
2013-05-10,1.89999998
2013-05-13,1.92299998
2013-05-14,1.95200002
2013-05-15,1.94299996
2013-05-16,1.86500001
2013-05-17,1.94900000
2013-05-20,1.96500003
2013-05-21,1.94400001
2013-05-22,2.02600002
2013-05-23,2.02300000
2013-05-24,2.01099992
2013-05-28,2.13499999
2013-05-29,2.12400007
2013-05-30,2.12400007
2013-05-31,2.16400003
2013-06-03,2.13400006
2013-06-04,2.13700008
2013-06-05,2.09999990
2013-06-06,2.07500005
2013-06-07,2.16100001
2013-06-10,2.21499991
2013-06-11,2.19499993
2013-06-12,2.23000002
2013-06-13,2.17400002
2013-06-14,2.12599993
2013-06-17,2.17100000
2013-06-18,2.18199992
2013-06-19,2.31100011
2013-06-20,2.41899991
2013-06-21,2.51399994
2013-06-24,2.54800010
2013-06-25,2.58899999
2013-06-26,2.53900003
2013-06-27,2.48300004
2013-06-28,2.47799993
2013-07-01,2.49000001
2013-07-02,2.46900010
2013-07-03,2.50099993
2013-07-05,2.71499991
2013-07-08,2.64499998
2013-07-09,2.63000011
2013-07-10,2.68000007
2013-07-11,2.57399988
2013-07-12,2.60100007
2013-07-15,2.55599999
2013-07-16,2.53200006
2013-07-17,2.49099994
2013-07-18,2.53399992
2013-07-19,2.49099994
2013-07-22,2.48799992
2013-07-23,2.51600003
2013-07-24,2.58800006
2013-07-25,2.60700011
2013-07-26,2.56100011
2013-07-29,2.58500004
2013-07-30,2.60299993
2013-07-31,2.59299994
2013-08-01,2.72300005
2013-08-02,2.60200000
2013-08-05,2.64000010
2013-08-06,2.64199996
2013-08-07,2.59999990
2013-08-08,2.58699989
2013-08-09,2.57999992
2013-08-12,2.60500002
2013-08-13,2.71499991
2013-08-14,2.71199989
2013-08-15,2.75500011
2013-08-16,2.82900000
2013-08-19,2.88400006
2013-08-20,2.81399989
2013-08-21,2.85500002
2013-08-22,2.90100002
2013-08-23,2.81800008
2013-08-26,2.80500007
2013-08-27,2.72099996
2013-08-28,2.78200006
2013-08-29,2.75099993
2013-08-30,2.74900007
2013-09-03,2.84800005
2013-09-04,2.89700007
2013-09-05,2.97900009
2013-09-06,2.93799996
2013-09-09,2.89700007
2013-09-10,2.95900011
2013-09-11,2.92000008
2013-09-12,2.90700006
2013-09-13,2.89800000
2013-09-16,2.87400007
2013-09-17,2.85299993
2013-09-18,2.70799994
2013-09-19,2.74799991
2013-09-20,2.73200011
2013-09-23,2.71399999
2013-09-24,2.65300012
2013-09-25,2.61400008
2013-09-26,2.64299989
2013-09-27,2.61899996
2013-09-30,2.61500001
2013-10-01,2.64599991
2013-10-02,2.62599993
2013-10-03,2.60599995
2013-10-04,2.65199995
2013-10-07,2.63400006
2013-10-08,2.63599992
2013-10-09,2.65000010
2013-10-10,2.68499994
2013-10-11,2.68199992
2013-10-14,2.69099998
2013-10-15,2.72000003
2013-10-16,2.67100000
2013-10-17,2.58699989
2013-10-18,2.58899999
2013-10-21,2.60899997
2013-10-22,2.51200008
2013-10-23,2.48499990
2013-10-24,2.52200007
2013-10-25,2.50300002
2013-10-28,2.51200008
2013-10-29,2.50699997
2013-10-30,2.52699995
2013-10-31,2.54200006
2013-11-01,2.61999989
2013-11-04,2.60200000
2013-11-05,2.66199994
2013-11-06,2.64000010
2013-11-07,2.61299992
2013-11-08,2.74600005
2013-11-11,2.75099993
2013-11-12,2.76799989
2013-11-13,2.72499990
2013-11-14,2.70199990
2013-11-15,2.70900011
2013-11-18,2.67799997
2013-11-19,2.71199989
2013-11-20,2.79200006
2013-11-21,2.78399992
2013-11-22,2.75200009
2013-11-25,2.74099994
2013-11-26,2.69600010
2013-11-27,2.73600006
2013-11-29,2.74099994
2013-12-02,2.80100012
2013-12-03,2.77500010
2013-12-04,2.84100008
2013-12-05,2.86199999
2013-12-06,2.88299990
2013-12-09,2.85700011
2013-12-10,2.79699993
2013-12-11,2.84400010
2013-12-12,2.87700009
2013-12-13,2.86800003
2013-12-16,2.87700009
2013-12-17,2.84299994
2013-12-18,2.88499999
2013-12-19,2.92499995
2013-12-20,2.88700008
2013-12-23,2.92899990
2013-12-24,2.98300004
2013-12-26,2.99000001
2013-12-27,3.00600004
2013-12-30,2.97600007
2013-12-31,3.02600002
2014-01-02,2.98499990
2014-01-03,2.99499989
2014-01-06,2.96099997
2014-01-07,2.93700004
2014-01-08,2.99300003
2014-01-09,2.96300006
2014-01-10,2.85999990
2014-01-13,2.82699990
2014-01-14,2.86899996
2014-01-15,2.88400006
2014-01-16,2.84299994
2014-01-17,2.82699990
2014-01-21,2.82500005
2014-01-22,2.85999990
2014-01-23,2.77300000
2014-01-24,2.73499990
2014-01-27,2.76600003
2014-01-28,2.74600005
2014-01-29,2.67499995
2014-01-30,2.69300008
2014-01-31,2.66799998
2014-02-03,2.58100009
2014-02-04,2.62400007
2014-02-05,2.66700006
2014-02-06,2.70199990
2014-02-07,2.67499995
2014-02-10,2.67799997
2014-02-11,2.71900010
2014-02-12,2.76300001
2014-02-13,2.73600006
2014-02-14,2.74600005
2014-02-18,2.71099997
2014-02-19,2.73399997
2014-02-20,2.75399995
2014-02-21,2.73399997
2014-02-24,2.75000000
2014-02-25,2.70099998
2014-02-26,2.67300010
2014-02-27,2.64199996
2014-02-28,2.65799999
2014-03-03,2.60700011
2014-03-04,2.69099998
2014-03-05,2.69799995
2014-03-06,2.73699999
2014-03-07,2.78999996
2014-03-10,2.78399992
2014-03-11,2.76600003
2014-03-12,2.72600007
2014-03-13,2.65300012
2014-03-14,2.64499998
2014-03-17,2.69899988
2014-03-18,2.68099999
2014-03-19,2.77200007
2014-03-20,2.77500010
2014-03-21,2.75000000
2014-03-24,2.73300004
2014-03-25,2.73499990
2014-03-26,2.70099998
2014-03-27,2.67199993
2014-03-28,2.71199989
2014-03-31,2.72300005
2014-04-01,2.75900006
2014-04-02,2.80299997
2014-04-03,2.78999996
2014-04-04,2.72600007
2014-04-07,2.69499993
2014-04-08,2.68099999
2014-04-09,2.68400002
2014-04-10,2.62800002
2014-04-11,2.61899996
2014-04-14,2.63899994
2014-04-15,2.62800002
2014-04-16,2.63700008
2014-04-17,2.72099996
2014-04-21,2.72099996
2014-04-22,2.72600007
2014-04-23,2.68600011
2014-04-24,2.68799996
2014-04-25,2.66599989
2014-04-28,2.67700005
2014-04-29,2.69499993
2014-04-30,2.64800000
2014-05-01,2.60599995
2014-05-02,2.59100008
2014-05-05,2.61100006
2014-05-06,2.59500003
2014-05-07,2.58999991
2014-05-08,2.60200000
2014-05-09,2.62299991
2014-05-12,2.65599990
2014-05-13,2.61800003
2014-05-14,2.54299998
2014-05-15,2.50200009
2014-05-16,2.51799989
2014-05-19,2.53600001
2014-05-20,2.50900006
2014-05-21,2.53699994
2014-05-22,2.55500007
2014-05-23,2.53600001
2014-05-27,2.51799989
2014-05-28,2.43799996
2014-05-29,2.44700003
2014-05-30,2.45700002
2014-06-02,2.53399992
2014-06-03,2.59299994
2014-06-04,2.60599995
2014-06-05,2.58400011
2014-06-06,2.59699988
2014-06-09,2.61299992
2014-06-10,2.63499999
2014-06-11,2.64000010
2014-06-12,2.58599997
2014-06-13,2.60400009
2014-06-16,2.59699988
2014-06-17,2.65499997
2014-06-18,2.61299992
2014-06-19,2.62199998
2014-06-20,2.62400007
2014-06-23,2.62299991
2014-06-24,2.58599997
2014-06-25,2.55900002
2014-06-26,2.52500010
2014-06-27,2.53200006
2014-06-30,2.51600003
2014-07-01,2.56299996
2014-07-02,2.62800002
2014-07-03,2.64800000
2014-07-07,2.61700010
2014-07-08,2.56500006
2014-07-09,2.54699993
2014-07-10,2.53200006
2014-07-11,2.51999998
2014-07-14,2.54900002
2014-07-15,2.54900002
2014-07-16,2.53800011
2014-07-17,2.47499990
2014-07-18,2.48399997
2014-07-21,2.47399998
2014-07-22,2.46600008
2014-07-23,2.46399999
2014-07-24,2.50900006
2014-07-25,2.46900010
2014-07-28,2.49099994
2014-07-29,2.46199989
2014-07-30,2.55399990
2014-07-31,2.55599999
2014-08-01,2.50500011
2014-08-04,2.49099994
2014-08-05,2.48300004
2014-08-06,2.47399998
2014-08-07,2.42400002
2014-08-08,2.41499996
2014-08-11,2.42000008
2014-08-12,2.44199991
2014-08-13,2.41300011
2014-08-14,2.40000010
2014-08-15,2.34500003
2014-08-18,2.38700008
2014-08-19,2.40499997
2014-08-20,2.42600012
2014-08-21,2.40700006
2014-08-22,2.40300012
2014-08-25,2.38700008
2014-08-26,2.39100003
2014-08-27,2.36100006
2014-08-28,2.33400011
2014-08-29,2.34299994
2014-09-02,2.41899991
2014-09-03,2.41000009
2014-09-04,2.44799995
2014-09-05,2.46099997
2014-09-08,2.46900010
2014-09-09,2.50000000
2014-09-10,2.53399992
2014-09-11,2.53099990
2014-09-12,2.61400008
2014-09-15,2.59100008
2014-09-16,2.58899999
2014-09-17,2.59999990
2014-09-18,2.62899995
2014-09-19,2.58699989
2014-09-22,2.56599998
2014-09-23,2.53500009
2014-09-24,2.56900001
2014-09-25,2.51099992
2014-09-26,2.53500009
2014-09-29,2.49099994
2014-09-30,2.50799990
2014-10-01,2.40300012
2014-10-02,2.43799996
2014-10-03,2.44700003
2014-10-06,2.42499995
2014-10-07,2.34999990
2014-10-08,2.32999992
2014-10-09,2.32699990
2014-10-10,2.30699992
2014-10-13,2.28600001
2014-10-14,2.20600009
2014-10-15,2.08999991
2014-10-16,2.15300012
2014-10-17,2.19899988
2014-10-20,2.18099999
2014-10-21,2.20799994
2014-10-22,2.22900009
2014-10-23,2.27500010
2014-10-24,2.27300000
2014-10-27,2.25699997
2014-10-28,2.28399992
2014-10-29,2.32299995
2014-10-30,2.30500007
2014-10-31,2.33500004
2014-11-03,2.34800005
2014-11-04,2.34200001
2014-11-05,2.34999990
2014-11-06,2.37500000
2014-11-07,2.31200004
2014-11-10,2.35899997
2014-11-11,2.35999990
2014-11-12,2.35899997
2014-11-13,2.34699988
2014-11-14,2.31999993
2014-11-17,2.33999991
2014-11-18,2.32200003
2014-11-19,2.35100007
2014-11-20,2.33500004
2014-11-21,2.31500006
2014-11-24,2.30999994
2014-11-25,2.25999999
2014-11-26,2.23399997
2014-11-28,2.19400001
2014-12-01,2.21799994
2014-12-02,2.28500009
2014-12-03,2.28699994
2014-12-04,2.25699997
2014-12-05,2.30699992
2014-12-08,2.25699997
2014-12-09,2.22000003
2014-12-10,2.16899991
2014-12-11,2.17799997
2014-12-12,2.10299993
2014-12-15,2.11599994
2014-12-16,2.07100010
2014-12-17,2.14800000
2014-12-18,2.20400000
2014-12-19,2.17600012
2014-12-22,2.16199994
2014-12-23,2.25699997
2014-12-24,2.26399994
2014-12-26,2.25000000
2014-12-29,2.20700002
2014-12-30,2.19000006
2014-12-31,2.17000008
2015-01-02,2.12299991
2015-01-05,2.03900003
2015-01-06,1.96300006
2015-01-07,1.95400000
2015-01-08,2.01600003
2015-01-09,1.97099996
2015-01-12,1.91199994
2015-01-13,1.88999999
2015-01-14,1.83700001
2015-01-15,1.77499998
2015-01-16,1.81500006
2015-01-20,1.80700004
2015-01-21,1.85300004
2015-01-22,1.89600003
2015-01-23,1.81700003
2015-01-26,1.82799995
2015-01-27,1.82500005
2015-01-28,1.72399998
2015-01-29,1.75100005
2015-01-30,1.67499995
2015-02-02,1.67299998
2015-02-03,1.77999997
2015-02-04,1.79700005
2015-02-05,1.81500006
2015-02-06,1.93799996
2015-02-09,1.94799995
2015-02-10,1.99100006
2015-02-11,1.98800004
2015-02-12,1.98599994
2015-02-13,2.02099991
2015-02-17,2.14499998
2015-02-18,2.06599998
2015-02-19,2.11299992
2015-02-20,2.13299990
2015-02-23,2.05900002
2015-02-24,1.98800004
2015-02-25,1.96899998
2015-02-26,2.01600003
2015-02-27,2.00200009
2015-03-02,2.08400011
2015-03-03,2.12199998
2015-03-04,2.12299991
2015-03-05,2.11199999
2015-03-06,2.24000001
2015-03-09,2.19499993
2015-03-10,2.12599993
2015-03-11,2.10899997
2015-03-12,2.09599996
2015-03-13,2.11199999
2015-03-16,2.09800005
2015-03-17,2.05800009
2015-03-18,1.95099998
2015-03-19,1.97700000
2015-03-20,1.92999995
2015-03-23,1.91499996
2015-03-24,1.87800002
2015-03-25,1.91999996
2015-03-26,2.00699997
2015-03-27,1.94799995
2015-03-30,1.96300006
2015-03-31,1.93400002
2015-04-01,1.86800003
2015-04-02,1.90400004
2015-04-06,1.90400004
2015-04-07,1.89300001
2015-04-08,1.89499998
2015-04-09,1.95799994
2015-04-10,1.95099998
2015-04-13,1.93900001
2015-04-14,1.90400004
2015-04-15,1.89999998
2015-04-16,1.87800002
2015-04-17,1.85000002
2015-04-20,1.89499998
2015-04-21,1.91600001
2015-04-22,1.97200000
2015-04-23,1.94700003
2015-04-24,1.91700006
2015-04-27,1.92400002
2015-04-28,1.97300005
2015-04-29,2.03500009
2015-04-30,2.04600000
2015-05-01,2.11700010
2015-05-04,2.13499999
2015-05-05,2.17600012
2015-05-06,2.24000001
2015-05-07,2.18400002
2015-05-08,2.15000010
2015-05-11,2.27399993
2015-05-12,2.25999999
2015-05-13,2.28200006
2015-05-14,2.23900008
2015-05-15,2.14100003
2015-05-18,2.22799993
2015-05-19,2.26200008
2015-05-20,2.25099993
2015-05-21,2.18499994
2015-05-22,2.21499991
2015-05-26,2.13700008
2015-05-27,2.13499999
2015-05-28,2.13000011
2015-05-29,2.09500003
2015-06-01,2.19199991
2015-06-02,2.26600003
2015-06-03,2.36599994
2015-06-04,2.30699992
2015-06-05,2.40199995
2015-06-08,2.38100004
2015-06-09,2.41700006
2015-06-10,2.47799993
2015-06-11,2.38299990
2015-06-12,2.38499999
2015-06-15,2.35800004
2015-06-16,2.31800008
2015-06-17,2.30599999
2015-06-18,2.35100007
2015-06-19,2.26699996
2015-06-22,2.35999990
2015-06-23,2.40899992
2015-06-24,2.37100005
2015-06-25,2.39299989
2015-06-26,2.47600007
2015-06-29,2.33100009
2015-06-30,2.33500004
2015-07-01,2.41799998
2015-07-02,2.39299989
2015-07-06,2.27800012
2015-07-07,2.23099995
2015-07-08,2.20600009
2015-07-09,2.30100012
2015-07-10,2.41700006
2015-07-13,2.43000007
2015-07-14,2.39899993
2015-07-15,2.34999990
2015-07-16,2.35200000
2015-07-17,2.34899998
2015-07-20,2.37199998
2015-07-21,2.33999991
2015-07-22,2.32200003
2015-07-23,2.27699995
2015-07-24,2.27099991
2015-07-27,2.22799993
2015-07-28,2.25000000
2015-07-29,2.27900004
2015-07-30,2.26799989
2015-07-31,2.20499992
2015-08-03,2.15000010
2015-08-04,2.21099997
2015-08-05,2.26799989
2015-08-06,2.23399997
2015-08-07,2.17499995
2015-08-10,2.23799992
2015-08-11,2.13700008
2015-08-12,2.13000011
2015-08-13,2.18899989
2015-08-14,2.19600010
2015-08-17,2.15000010
2015-08-18,2.19600010
2015-08-19,2.12899995
2015-08-20,2.08400011
2015-08-21,2.05399990
2015-08-24,1.99699998
2015-08-25,2.13299990
2015-08-26,2.17199993
2015-08-27,2.16799998
2015-08-28,2.18600011
2015-08-31,2.20000005
2015-09-01,2.17199993
2015-09-02,2.19300008
2015-09-03,2.16799998
2015-09-04,2.12800002
2015-09-08,2.19400001
2015-09-09,2.18099999
2015-09-10,2.22199988
2015-09-11,2.18300009
2015-09-14,2.18000007
2015-09-15,2.28099990
2015-09-16,2.30299997
2015-09-17,2.21700001
2015-09-18,2.13000011
2015-09-21,2.21399999
2015-09-22,2.12500000
2015-09-23,2.14400005
2015-09-24,2.11999989
2015-09-25,2.16799998
2015-09-28,2.09500003
2015-09-29,2.05399990
2015-09-30,2.05999994
2015-10-01,2.04200006
2015-10-02,1.98899996
2015-10-05,2.05599999
2015-10-06,2.03500009
2015-10-07,2.06200004
2015-10-08,2.10800004
2015-10-09,2.09899998
2015-10-12,2.08999991
2015-10-13,2.05500007
2015-10-14,1.98099995
2015-10-15,2.02300000
2015-10-16,2.02300000
2015-10-19,2.02800012
2015-10-20,2.07100010
2015-10-21,2.02999997
2015-10-22,2.02500010
2015-10-23,2.08299994
2015-10-26,2.05800009
2015-10-27,2.02800012
2015-10-28,2.09200001
2015-10-29,2.17300010
2015-10-30,2.15100002
2015-11-02,2.18700004
2015-11-03,2.22000003
2015-11-04,2.23000002
2015-11-05,2.24499989
2015-11-06,2.33299994
2015-11-09,2.34200001
2015-11-10,2.32200003
2015-11-11,2.33800006
2015-11-12,2.31900001
2015-11-13,2.27999997
2015-11-16,2.27300000
2015-11-17,2.26099992
2015-11-18,2.26900005
2015-11-19,2.24799991
2015-11-20,2.26200008
2015-11-23,2.25000000
2015-11-24,2.24300003
2015-11-25,2.23200011
2015-11-27,2.22499990
2015-11-30,2.21799994
2015-12-01,2.15499997
2015-12-02,2.17799997
2015-12-03,2.32999992
2015-12-04,2.27500010
2015-12-07,2.22499990
2015-12-08,2.23799992
2015-12-09,2.20799994
2015-12-10,2.23900008
2015-12-11,2.13899994
2015-12-14,2.22499990
2015-12-15,2.26799989
2015-12-16,2.28699994
2015-12-17,2.23799992
2015-12-18,2.19899988
2015-12-21,2.19700003
2015-12-22,2.23900008
2015-12-23,2.26399994
2015-12-24,2.24300003
2015-12-28,2.22499990
2015-12-29,2.30699992
2015-12-30,2.30299997
2015-12-31,2.26900005
2016-01-04,2.24499989
2016-01-05,2.24799991
2016-01-06,2.17700005
2016-01-07,2.15300012
2016-01-08,2.13000011
2016-01-11,2.15799999
2016-01-12,2.10200000
2016-01-13,2.06599998
2016-01-14,2.09800005
2016-01-15,2.03299999
2016-01-19,2.03500009
2016-01-20,1.98399997
2016-01-21,2.01900005
2016-01-22,2.04800010
2016-01-25,2.02200007
2016-01-26,1.99399996
2016-01-27,2.00099993
2016-01-28,1.98500001
2016-01-29,1.93099999
2016-02-01,1.96599996
2016-02-02,1.86399996
2016-02-03,1.88100004
2016-02-04,1.86399996
2016-02-05,1.84800005
2016-02-08,1.73500001
2016-02-09,1.72899997
2016-02-10,1.70500004
2016-02-11,1.64400005
2016-02-12,1.74800003
2016-02-16,1.77800000
2016-02-17,1.81900001
2016-02-18,1.75899994
2016-02-19,1.74800003
2016-02-22,1.76600003
2016-02-23,1.74500000
2016-02-24,1.74199998
2016-02-25,1.69700003
2016-02-26,1.76199996
2016-02-29,1.74000001
2016-03-01,1.83399999
2016-03-02,1.84800005
2016-03-03,1.83000004
2016-03-04,1.88300002
2016-03-07,1.90199995
2016-03-08,1.83200002
2016-03-09,1.89199996
2016-03-10,1.92900002
2016-03-11,1.97700000
2016-03-14,1.96300006
2016-03-15,1.95899999
2016-03-16,1.93799996
2016-03-17,1.90300000
2016-03-18,1.87100005
2016-03-21,1.92299998
2016-03-22,1.93499994
2016-03-23,1.87500000
2016-03-24,1.89999998
2016-03-28,1.87000000
2016-03-29,1.81400001
2016-03-30,1.83000004
2016-03-31,1.78600001
2016-04-01,1.79200006
2016-04-04,1.77900004
2016-04-05,1.72700000
2016-04-06,1.75500000
2016-04-07,1.69099998
2016-04-08,1.72000003
2016-04-11,1.72399998
2016-04-12,1.78100002
2016-04-13,1.76199996
2016-04-14,1.78100002
2016-04-15,1.75199997
2016-04-18,1.77300000
2016-04-19,1.78299999
2016-04-20,1.85399997
2016-04-21,1.87000000
2016-04-22,1.88800001
2016-04-25,1.90199995
2016-04-26,1.93099999
2016-04-27,1.86000001
2016-04-28,1.83800006
2016-04-29,1.81900001
2016-05-02,1.86500001
2016-05-03,1.79999995
2016-05-04,1.78400004
2016-05-05,1.74699998
2016-05-06,1.77900004
2016-05-09,1.75999999
2016-05-10,1.75999999
2016-05-11,1.73699999
2016-05-12,1.75699997
2016-05-13,1.70500004
2016-05-16,1.75300002
2016-05-17,1.75899994
2016-05-18,1.88000000
2016-05-19,1.84500003
2016-05-20,1.84899998
2016-05-23,1.83800006
2016-05-24,1.85899997
2016-05-25,1.87000000
2016-05-26,1.82299995
2016-05-27,1.85099995
2016-05-31,1.83399999
2016-06-01,1.84599996
2016-06-02,1.81099999
2016-06-03,1.70400000
2016-06-06,1.72300005
2016-06-07,1.71300006
2016-06-08,1.70599997
2016-06-09,1.67999995
2016-06-10,1.63900006
2016-06-13,1.61600006
2016-06-14,1.61099994
2016-06-15,1.59599996
2016-06-16,1.56400001
2016-06-17,1.61800003
2016-06-20,1.66999996
2016-06-21,1.69700003
2016-06-22,1.68499994
2016-06-23,1.73899996
2016-06-24,1.57900000
2016-06-27,1.46000004
2016-06-28,1.46099997
2016-06-29,1.47700000
2016-06-30,1.48800004
2016-07-01,1.45599997
2016-07-05,1.36699998
2016-07-06,1.38499999
2016-07-07,1.38699996
2016-07-08,1.36600006
2016-07-11,1.43400002
2016-07-12,1.51300001
2016-07-13,1.46800005
2016-07-14,1.53100002
2016-07-15,1.59399998
2016-07-18,1.58700001
2016-07-19,1.55799997
2016-07-20,1.58000004
2016-07-21,1.56500006
2016-07-22,1.57000005
2016-07-25,1.57099998
2016-07-26,1.56299996
2016-07-27,1.51499999
2016-07-28,1.51100004
2016-07-29,1.45799994
2016-08-01,1.49600005
2016-08-02,1.53699994
2016-08-03,1.54200006
2016-08-04,1.50300002
2016-08-05,1.58200002
2016-08-08,1.58299994
2016-08-09,1.54499996
2016-08-10,1.50899994
2016-08-11,1.57299995
2016-08-12,1.51499999
2016-08-15,1.55299997
2016-08-16,1.57599998
2016-08-17,1.56099999
2016-08-18,1.53600001
2016-08-19,1.57799995
2016-08-22,1.53900003
2016-08-23,1.55299997
2016-08-24,1.55900002
2016-08-25,1.57700002
2016-08-26,1.63499999
2016-08-29,1.56599998
2016-08-30,1.57000005
2016-08-31,1.56799996
2016-09-01,1.57000005
2016-09-02,1.59599996
2016-09-06,1.54299998
2016-09-07,1.54100001
2016-09-08,1.61600006
2016-09-09,1.67200005
2016-09-12,1.67200005
2016-09-13,1.73399997
2016-09-14,1.68900001
2016-09-15,1.70299995
2016-09-16,1.70099998
2016-09-19,1.69599998
2016-09-20,1.68799996
2016-09-21,1.66799998
2016-09-22,1.63199997
2016-09-23,1.61500001
2016-09-26,1.58899999
2016-09-27,1.55599999
2016-09-28,1.56700003
2016-09-29,1.55700004
2016-09-30,1.60800004
2016-10-03,1.62199998
2016-10-04,1.68299997
2016-10-05,1.71599996
2016-10-06,1.74199998
2016-10-07,1.73599994
2016-10-10,1.72300005
2016-10-11,1.75899994
2016-10-12,1.77800000
2016-10-13,1.73800004
2016-10-14,1.79400003
2016-10-17,1.76600003
2016-10-18,1.74899995
2016-10-19,1.75199997
2016-10-20,1.74699998
2016-10-21,1.74000001
2016-10-24,1.76300001
2016-10-25,1.75800002
2016-10-26,1.78999996
2016-10-27,1.84300005
2016-10-28,1.84500003
2016-10-31,1.83399999
2016-11-01,1.82000005
2016-11-02,1.79900002
2016-11-03,1.81200004
2016-11-04,1.78299999
2016-11-07,1.82799995
2016-11-08,1.86199999
2016-11-09,2.07200003
2016-11-10,2.11700010
2016-11-14,2.22199988
2016-11-15,2.23799992
2016-11-16,2.22300005
2016-11-17,2.27600002
2016-11-18,2.33500004
2016-11-21,2.33899999
2016-11-22,2.32100010
2016-11-23,2.35700011
2016-11-25,2.37199998
2016-11-28,2.31999993
2016-11-29,2.30200005
2016-11-30,2.36800003
2016-12-01,2.44099998
2016-12-02,2.39000010
2016-12-05,2.38700008
2016-12-06,2.39599991
2016-12-07,2.34699988
2016-12-08,2.38700008
2016-12-09,2.46399999
2016-12-12,2.47900009
2016-12-13,2.48099995
2016-12-14,2.52500010
2016-12-15,2.57999992
2016-12-16,2.59699988
2016-12-19,2.54200006
2016-12-20,2.56800008
2016-12-21,2.54600000
2016-12-22,2.55299997
2016-12-23,2.54299998
2016-12-27,2.56299996
2016-12-28,2.50600004
2016-12-29,2.47700000
2016-12-30,2.44600010
2017-01-03,2.45000005
2017-01-04,2.45199990
2017-01-05,2.36800003
2017-01-06,2.41799998
2017-01-09,2.37599993
2017-01-10,2.37899995
2017-01-11,2.36999989
2017-01-12,2.36100006
2017-01-13,2.38000011
2017-01-17,2.32699990
2017-01-18,2.38899994
2017-01-19,2.45900011
2017-01-20,2.46700001
2017-01-23,2.40300012
2017-01-24,2.47099996
2017-01-25,2.52300000
2017-01-26,2.50799990
2017-01-27,2.48099995
2017-01-30,2.48300004
2017-01-31,2.45099998
2017-02-01,2.47399998
2017-02-02,2.47000003
2017-02-03,2.49099994
2017-02-06,2.41300011
2017-02-07,2.38899994
2017-02-08,2.35100007
2017-02-09,2.39499998
2017-02-10,2.40899992
2017-02-13,2.43400002
2017-02-14,2.47000003
2017-02-15,2.50200009
2017-02-16,2.45000005
2017-02-17,2.42499995
2017-02-21,2.42700005
2017-02-22,2.41799998
2017-02-23,2.38800001
2017-02-24,2.31699991
2017-02-27,2.36899996
2017-02-28,2.35800004
2017-03-01,2.46300006
2017-03-02,2.48900008
2017-03-03,2.49200010
2017-03-06,2.49399996
2017-03-07,2.51099992
2017-03-08,2.55200005
2017-03-09,2.59800005
2017-03-10,2.58200002
2017-03-13,2.60800004
2017-03-14,2.59500003
2017-03-15,2.50799990
2017-03-16,2.52200007
2017-03-17,2.50099993
2017-03-20,2.47300005
2017-03-21,2.43600011
2017-03-22,2.39599991
2017-03-23,2.41799998
2017-03-24,2.40000010
2017-03-27,2.37299991
2017-03-28,2.40899992
2017-03-29,2.38599992
2017-03-30,2.41599989
2017-03-31,2.39599991
2017-04-03,2.34999990
2017-04-04,2.34999990
2017-04-05,2.35700011
2017-04-06,2.34299994
2017-04-07,2.37299991
2017-04-10,2.36100006
2017-04-11,2.29800010
2017-04-12,2.29600000
2017-04-13,2.23200011
2017-04-17,2.25200009
2017-04-18,2.17899990
2017-04-19,2.20199990
2017-04-20,2.24099994
2017-04-21,2.23699999
2017-04-24,2.27300000
2017-04-25,2.32699990
2017-04-26,2.31100011
2017-04-27,2.29600000
2017-04-28,2.28200006
2017-05-01,2.32500005
2017-05-02,2.29600000
2017-05-03,2.30900002
2017-05-04,2.35599995
2017-05-05,2.35200000
2017-05-08,2.37599993
2017-05-09,2.40700006
2017-05-10,2.41400003
2017-05-11,2.40000010
2017-05-12,2.33500004
2017-05-15,2.33800006
2017-05-16,2.32900000
2017-05-17,2.21600008
2017-05-18,2.23300004
2017-05-19,2.24499989
2017-05-22,2.25399995
2017-05-23,2.28500009
2017-05-24,2.26600003
2017-05-25,2.25500011
2017-05-26,2.25000000
2017-05-30,2.21700001
2017-05-31,2.19600010
2017-06-01,2.21700001
2017-06-02,2.15899992
2017-06-05,2.18199992
2017-06-06,2.14700007
2017-06-07,2.17799997
2017-06-08,2.19400001
2017-06-09,2.19899988
2017-06-12,2.21300006
2017-06-13,2.20700002
2017-06-14,2.13800001
2017-06-15,2.16199994
2017-06-16,2.15700006
2017-06-19,2.19000006
2017-06-20,2.15300012
2017-06-21,2.15499997
2017-06-22,2.15300012
2017-06-23,2.14400005
2017-06-26,2.13700008
2017-06-27,2.19799995
2017-06-28,2.22099996
2017-06-29,2.26699996
2017-06-30,2.30200005
2017-07-03,2.34599996
2017-07-05,2.33400011
2017-07-06,2.36999989
2017-07-07,2.39299989
2017-07-10,2.37100005
2017-07-11,2.36199999
2017-07-12,2.32699990
2017-07-13,2.34800005
2017-07-14,2.31900001
2017-07-17,2.30900002
2017-07-18,2.26300001
2017-07-19,2.26799989
2017-07-20,2.26600003
2017-07-21,2.23200011
2017-07-24,2.25399995
2017-07-25,2.32599998
2017-07-26,2.28200006
2017-07-27,2.30999994
2017-07-28,2.28900003
2017-07-31,2.29200006
2017-08-01,2.25099993
2017-08-02,2.26200008
2017-08-03,2.22799993
2017-08-04,2.26699996
2017-08-07,2.25699997
2017-08-08,2.28299999
2017-08-09,2.24099994
2017-08-10,2.21199989
2017-08-11,2.18899989
2017-08-14,2.21900010
2017-08-15,2.26600003
2017-08-16,2.22600007
2017-08-17,2.19899988
2017-08-18,2.19400001
2017-08-21,2.18000007
2017-08-22,2.21499991
2017-08-23,2.17100000
2017-08-24,2.19400001
2017-08-25,2.16899991
2017-08-28,2.15899992
2017-08-29,2.13599992
2017-08-30,2.14299989
2017-08-31,2.12100005
2017-09-01,2.15700006
2017-09-05,2.06999993
2017-09-06,2.10800004
2017-09-07,2.06100011
2017-09-08,2.06100011
2017-09-11,2.12500000
2017-09-12,2.17100000
2017-09-13,2.19499993
2017-09-14,2.19700003
2017-09-15,2.20199990
2017-09-18,2.22900009
2017-09-19,2.24300003
2017-09-20,2.27699995
2017-09-21,2.27800012
2017-09-22,2.26200008
2017-09-25,2.22000003
2017-09-26,2.22900009
2017-09-27,2.30900002
2017-09-28,2.30900002
2017-09-29,2.32599998
2017-10-02,2.33699989
2017-10-03,2.33400011
2017-10-04,2.32999992
2017-10-05,2.34999990
2017-10-06,2.36999989
2017-10-09,2.36100006
2017-10-10,2.34500003
2017-10-11,2.34500003
2017-10-12,2.32299995
2017-10-13,2.27999997
2017-10-16,2.30699992
2017-10-17,2.29800010
2017-10-18,2.33899999
2017-10-19,2.32100010
2017-10-20,2.38100004
2017-10-23,2.37599993
2017-10-24,2.40599990
2017-10-25,2.44400001
2017-10-26,2.45199990
2017-10-27,2.42799997
2017-10-30,2.36999989
2017-10-31,2.37599993
2017-11-01,2.37599993
2017-11-02,2.34699988
2017-11-03,2.34299994
2017-11-06,2.31999993
2017-11-07,2.30699992
2017-11-08,2.32500005
2017-11-09,2.33100009
2017-11-10,2.40000010
2017-11-13,2.40000010
2017-11-14,2.38100004
2017-11-15,2.33500004
2017-11-16,2.36100006
2017-11-17,2.35400009
2017-11-20,2.37199998
2017-11-21,2.36299992
2017-11-22,2.32200003
2017-11-24,2.33999991
2017-11-27,2.32800007
2017-11-28,2.33800006
2017-11-29,2.37599993
2017-11-30,2.41700006
2017-12-01,2.36199999
2017-12-04,2.37899995
2017-12-05,2.35599995
2017-12-06,2.32999992
2017-12-07,2.37599993
2017-12-08,2.38299990
2017-12-11,2.38499999
2017-12-12,2.40300012
2017-12-13,2.34899998
2017-12-14,2.34599996
2017-12-15,2.35500002
2017-12-18,2.39199996
2017-12-19,2.46300006
2017-12-20,2.49699998
2017-12-21,2.48099995
2017-12-22,2.48499990
2017-12-26,2.46700001
2017-12-27,2.41400003
2017-12-28,2.43199992
2017-12-29,2.40499997
2018-01-02,2.46499991
2018-01-03,2.44700003
2018-01-04,2.45300007
2018-01-05,2.47600007
2018-01-08,2.48000002
2018-01-09,2.54600000
2018-01-10,2.54999995
2018-01-11,2.53099990
2018-01-12,2.55200005
2018-01-16,2.54399991
2018-01-17,2.57800007
2018-01-18,2.61100006
2018-01-19,2.63700008
2018-01-22,2.66499996
2018-01-23,2.62400007
2018-01-24,2.65400004
2018-01-25,2.62100005
2018-01-26,2.66199994
2018-01-29,2.69899988
2018-01-30,2.72600007
2018-01-31,2.72000003
2018-02-01,2.77300000
2018-02-02,2.85400009
2018-02-05,2.79399991
2018-02-06,2.76799989
2018-02-07,2.84400010
2018-02-08,2.85100007
2018-02-09,2.82900000
2018-02-12,2.85700011
2018-02-13,2.83999991
2018-02-14,2.91300011
2018-02-15,2.89100003
2018-02-16,2.87700009
2018-02-20,2.89299989
2018-02-21,2.94300008
2018-02-22,2.91700006
2018-02-23,2.87100005
2018-02-26,2.85899997
2018-02-27,2.90799999
2018-02-28,2.86800003
2018-03-01,2.80399990
2018-03-02,2.85700011
2018-03-05,2.88100004
2018-03-06,2.87700009
2018-03-07,2.88299990
2018-03-08,2.86599994
2018-03-09,2.89400005
2018-03-12,2.86999989
2018-03-13,2.84800005
2018-03-14,2.81699991
2018-03-15,2.82599998
2018-03-16,2.84800005
2018-03-19,2.84500003
2018-03-20,2.87899995
2018-03-21,2.90700006
2018-03-22,2.83200002
2018-03-23,2.82999992
2018-03-26,2.84299994
2018-03-27,2.78600001
2018-03-28,2.77500010
2018-03-29,2.74099994
2018-04-02,2.73200011
2018-04-03,2.78399992
2018-04-04,2.78800011
2018-04-05,2.83200002
2018-04-06,2.77500010
2018-04-09,2.78600001
2018-04-10,2.79699993
2018-04-11,2.78999996
2018-04-12,2.83400011
2018-04-13,2.82900000
2018-04-16,2.83200002
2018-04-17,2.81399989
2018-04-18,2.86700010
2018-04-19,2.91400003
2018-04-20,2.95099998
2018-04-23,2.97300005
2018-04-24,2.98300004
2018-04-25,3.02399993
2018-04-26,2.99000001
2018-04-27,2.95700002
2018-04-30,2.93600011
2018-05-01,2.97600007
2018-05-02,2.96399999
2018-05-03,2.94600010
2018-05-04,2.94400001
2018-05-07,2.95000005
2018-05-08,2.96900010
2018-05-09,3.00399995
2018-05-10,2.97099996
2018-05-11,2.97099996
2018-05-14,2.99499989
2018-05-15,3.07999992
2018-05-16,3.09500003
2018-05-17,3.10899997
2018-05-18,3.06699991
2018-05-21,3.06500006
2018-05-22,3.06500006
2018-05-23,3.00300002
2018-05-24,2.98099995
2018-05-25,2.93099999
2018-05-29,2.76799989
2018-05-30,2.84200001
2018-05-31,2.82200003
2018-06-01,2.89499998
2018-06-04,2.93700004
2018-06-05,2.91899991
2018-06-06,2.97499990
2018-06-07,2.93300009
2018-06-08,2.93700004
2018-06-11,2.95700002
2018-06-12,2.95700002
2018-06-13,2.97700000
2018-06-14,2.94600010
2018-06-15,2.92400002
2018-06-18,2.92600012
2018-06-19,2.89299989
2018-06-20,2.92799997
2018-06-21,2.89700007
2018-06-22,2.90000010
2018-06-25,2.87500000
2018-06-26,2.88000011
2018-06-27,2.82699990
2018-06-28,2.84699988
2018-06-29,2.84899998
2018-07-02,2.86599994
2018-07-03,2.83800006
2018-07-05,2.83999991
2018-07-06,2.83100009
2018-07-09,2.85999990
2018-07-10,2.87299991
2018-07-11,2.84200001
2018-07-12,2.85299993
2018-07-13,2.83100009
2018-07-16,2.85800004
2018-07-17,2.86400008
2018-07-18,2.87500000
2018-07-19,2.84699988
2018-07-20,2.89499998
2018-07-23,2.96499991
2018-07-24,2.94899988
2018-07-25,2.93600011
2018-07-26,2.97499990
2018-07-27,2.96000004
2018-07-30,2.97499990
2018-07-31,2.96399999
2018-08-01,3.00300002
2018-08-02,2.98600006
2018-08-03,2.95300007
2018-08-06,2.93799996
2018-08-07,2.97300005
2018-08-08,2.97099996
2018-08-09,2.93499994
2018-08-10,2.85700011
2018-08-13,2.87700009
2018-08-14,2.89499998
2018-08-15,2.85200000
2018-08-16,2.87100005
2018-08-17,2.87299991
2018-08-20,2.82299995
2018-08-21,2.84400010
2018-08-22,2.82299995
2018-08-23,2.82100010
2018-08-24,2.82599998
2018-08-27,2.84800005
2018-08-28,2.88400006
2018-08-29,2.88400006
2018-08-30,2.85999990
2018-08-31,2.85299993
2018-09-04,2.90199995
2018-09-05,2.90199995
2018-09-06,2.87899995
2018-09-07,2.94199991
2018-09-10,2.93700004
2018-09-11,2.97700000
2018-09-12,2.96300006
2018-09-13,2.96300006
2018-09-14,2.99399996
2018-09-17,3.00099993
2018-09-18,3.04800010
2018-09-19,3.08299994
2018-09-20,3.07800007
2018-09-21,3.06800008
2018-09-24,3.07800007
2018-09-25,3.10200000
2018-09-26,3.06100011
2018-09-27,3.05599999
2018-09-28,3.05599999
2018-10-01,3.07999992
2018-10-02,3.05599999
2018-10-03,3.16100001
2018-10-04,3.19700003
2018-10-05,3.22499990
2018-10-08,3.23300004
2018-10-09,3.20799994
2018-10-10,3.22499990
2018-10-11,3.13299990
2018-10-12,3.14100003
2018-10-15,3.16300011
2018-10-16,3.15599990
2018-10-17,3.17899990
2018-10-18,3.17499995
2018-10-19,3.19799995
2018-10-22,3.19600010
2018-10-23,3.16599989
2018-10-24,3.12400007
2018-10-25,3.13599992
2018-10-26,3.07699990
2018-10-29,3.08699989
2018-10-30,3.10999990
2018-10-31,3.15899992
2018-11-01,3.14400005
2018-11-02,3.21399999
2018-11-05,3.20099998
2018-11-06,3.21399999
2018-11-07,3.21300006
2018-11-08,3.23399997
2018-11-09,3.18899989
2018-11-12,3.18600011
2018-11-13,3.14499998
2018-11-14,3.11999989
2018-11-15,3.11800003
2018-11-16,3.07399988
2018-11-19,3.05699992
2018-11-20,3.04800010
2018-11-21,3.06100011
2018-11-23,3.05399990
2018-11-26,3.07200003
2018-11-27,3.05500007
2018-11-28,3.04399991
2018-11-29,3.03500009
2018-11-30,3.01300001
2018-12-03,2.99200010
2018-12-04,2.92400002
2018-12-06,2.87599993
2018-12-07,2.84999990
2018-12-10,2.85599995
2018-12-11,2.87899995
2018-12-12,2.90599990
2018-12-13,2.91100001
2018-12-14,2.89100003
2018-12-17,2.85700011
2018-12-18,2.82500005
2018-12-19,2.77800012
2018-12-20,2.78900003
2018-12-21,2.79200006
2018-12-24,2.74900007
2018-12-26,2.79699993
2018-12-27,2.74300003
2018-12-28,2.73600006
2018-12-31,2.68600011
2019-01-02,2.66100001
2019-01-03,2.55399990
2019-01-04,2.65899992
2019-01-07,2.68199992
2019-01-08,2.71600008
2019-01-09,2.72799993
2019-01-10,2.73099995
2019-01-11,2.70099998
2019-01-14,2.71000004
2019-01-15,2.71099997
2019-01-16,2.73099995
2019-01-17,2.74900007
2019-01-18,2.78399992
2019-01-22,2.73000002
2019-01-23,2.75500011
2019-01-24,2.71199989
2019-01-25,2.75300002
2019-01-28,2.74399996
2019-01-29,2.71199989
2019-01-30,2.69499993
2019-01-31,2.63499999
2019-02-01,2.69099998
2019-02-04,2.72399998
2019-02-05,2.70199990
2019-02-06,2.70199990
2019-02-07,2.65199995
2019-02-08,2.63199997
2019-02-11,2.66100001
2019-02-12,2.68400002
2019-02-13,2.70799994
2019-02-14,2.65700006
2019-02-15,2.66599989
2019-02-19,2.64700007
2019-02-20,2.65400004
2019-02-21,2.68799996
2019-02-22,2.65499997
2019-02-25,2.67300010
2019-02-26,2.63599992
2019-02-27,2.69300008
2019-02-28,2.71099997
2019-03-01,2.75500011
2019-03-04,2.72199988
2019-03-05,2.72199988
2019-03-06,2.69199991
2019-03-07,2.63599992
2019-03-08,2.62500000
2019-03-11,2.64299989
2019-03-12,2.60500002
2019-03-13,2.61100006
2019-03-14,2.63000011
2019-03-15,2.59299994
2019-03-18,2.60200000
2019-03-19,2.61400008
2019-03-20,2.53500009
2019-03-21,2.53699994
2019-03-22,2.45499992
2019-03-25,2.42000008
2019-03-26,2.41400003
2019-03-27,2.37400007
2019-03-28,2.38899994
2019-03-29,2.41400003
2019-04-01,2.49699998
2019-04-02,2.48099995
2019-04-03,2.51699996
2019-04-04,2.51200008
2019-04-05,2.50099993
2019-04-08,2.51900005
2019-04-09,2.49900007
2019-04-10,2.47700000
2019-04-11,2.50399995
2019-04-12,2.55999994
2019-04-15,2.55299997
2019-04-16,2.59200001
2019-04-17,2.59200001
2019-04-18,2.55999994
2019-04-22,2.58999991
2019-04-23,2.56999993
2019-04-24,2.52200007
2019-04-25,2.53399992
2019-04-26,2.50500011
2019-04-29,2.53600001
2019-04-30,2.50900006
2019-05-01,2.51099992
2019-05-02,2.55200005
2019-05-03,2.53099990
2019-05-06,2.50000000
2019-05-07,2.44799995
2019-05-08,2.48200011
2019-05-09,2.45700002
2019-05-10,2.45499992
2019-05-13,2.40499997
2019-05-14,2.41899991
2019-05-15,2.37899995
2019-05-16,2.40499997
2019-05-17,2.39299989
2019-05-20,2.41599989
2019-05-21,2.42600012
2019-05-22,2.39299989
2019-05-23,2.29600000
2019-05-24,2.32399988
2019-05-28,2.26799989
2019-05-29,2.23600006
2019-05-30,2.22700000
2019-05-31,2.14199996
2019-06-03,2.08100009
2019-06-04,2.11899996
2019-06-05,2.12299991
2019-06-06,2.12400007
2019-06-07,2.08400011
2019-06-10,2.14299989
2019-06-11,2.14000010
2019-06-12,2.12700009
2019-06-13,2.09100008
2019-06-14,2.09299994
2019-06-17,2.08599997
2019-06-18,2.05999994
2019-06-19,2.02900004
2019-06-20,2.00099993
2019-06-21,2.06800008
2019-06-24,2.02099991
2019-06-25,1.99399996
2019-06-26,2.04900002
2019-06-27,2.00500011
2019-06-28,2.00000000
2019-07-01,2.03399992
2019-07-02,1.97599995
2019-07-03,1.95299995
2019-07-05,2.04800010
2019-07-08,2.03399992
2019-07-09,2.05399990
2019-07-10,2.06100011
2019-07-11,2.11999989
2019-07-12,2.10599995
2019-07-15,2.09200001
2019-07-16,2.12199998
2019-07-17,2.06100011
2019-07-18,2.03800011
2019-07-19,2.04800010
2019-07-22,2.04299998
2019-07-23,2.07399988
2019-07-24,2.04999995
2019-07-25,2.07399988
2019-07-26,2.08100009
2019-07-29,2.05500007
2019-07-30,2.06100011
2019-07-31,2.02099991
2019-08-01,1.89400005
2019-08-02,1.85500002
2019-08-05,1.73500001
2019-08-06,1.73899996
2019-08-07,1.68400002
2019-08-08,1.71599996
2019-08-09,1.73399997
2019-08-12,1.63900006
2019-08-13,1.67999995
2019-08-14,1.58099997
2019-08-15,1.52900004
2019-08-16,1.53900003
2019-08-19,1.59800005
2019-08-20,1.56099999
2019-08-21,1.57700002
2019-08-22,1.61000001
2019-08-23,1.52800000
2019-08-26,1.54499996
2019-08-27,1.49000001
2019-08-28,1.46599996
2019-08-29,1.51600003
2019-08-30,1.50600004
2019-09-03,1.46599996
2019-09-04,1.45899999
2019-09-05,1.56500006
2019-09-06,1.54999995
2019-09-09,1.62199998
2019-09-10,1.70200002
2019-09-11,1.73300004
2019-09-12,1.79100001
2019-09-13,1.90300000
2019-09-16,1.84099996
2019-09-17,1.81200004
2019-09-18,1.78600001
2019-09-19,1.77400005
2019-09-20,1.75500000
2019-09-23,1.70799994
2019-09-24,1.63499999
2019-09-25,1.73199999
2019-09-26,1.68499994
2019-09-27,1.67499995
2019-09-30,1.67499995
2019-10-01,1.64400005
2019-10-02,1.59599996
2019-10-03,1.53600001
2019-10-04,1.51499999
2019-10-07,1.55299997
2019-10-08,1.53699994
2019-10-09,1.58899999
2019-10-10,1.65799999
2019-10-11,1.75199997
2019-10-14,1.73300004
2019-10-15,1.77100003
2019-10-16,1.74800003
2019-10-17,1.75699997
2019-10-18,1.74699998
2019-10-21,1.79200006
2019-10-22,1.76800001
2019-10-23,1.75899994
2019-10-24,1.76600003
2019-10-25,1.80100000
2019-10-28,1.85300004
2019-10-29,1.83500004
2019-10-30,1.79799998
2019-10-31,1.69099998
2019-11-01,1.72800004
2019-11-04,1.78600001
2019-11-05,1.86600006
2019-11-06,1.81400001
2019-11-07,1.92600000
2019-11-08,1.93299997
2019-11-11,1.94299996
2019-11-12,1.90900004
2019-11-13,1.87000000
2019-11-14,1.81500006
2019-11-15,1.83399999
2019-11-18,1.80799997
2019-11-19,1.78600001
2019-11-20,1.73800004
2019-11-21,1.77199996
2019-11-22,1.77400005
2019-11-25,1.76400006
2019-11-26,1.74000001
2019-11-27,1.76699996
2019-11-29,1.77600002
2019-12-02,1.83599997
2019-12-03,1.70899999
2019-12-04,1.78100002
2019-12-05,1.79700005
2019-12-06,1.84200001
2019-12-09,1.82900000
2019-12-10,1.83299994
2019-12-11,1.78999996
2019-12-12,1.89699996
2019-12-13,1.81900001
2019-12-16,1.89199996
2019-12-17,1.88900006
2019-12-18,1.92400002
2019-12-19,1.90799999
2019-12-20,1.91700006
2019-12-23,1.93499994
2019-12-24,1.90999997
2019-12-26,1.90499997
2019-12-27,1.87399995
2019-12-30,1.89499998
2019-12-31,1.91900003
2020-01-02,1.88199997
2020-01-03,1.78799999
2020-01-06,1.81099999
2020-01-07,1.82700002
2020-01-08,1.87399995
2020-01-09,1.85800004
2020-01-10,1.82500005
2020-01-13,1.84800005
2020-01-14,1.81799996
2020-01-15,1.78799999
2020-01-16,1.80900002
2020-01-17,1.83599997
2020-01-21,1.76900005
2020-01-22,1.76900005
2020-01-23,1.74000001
2020-01-24,1.68099999
2020-01-27,1.60500002
2020-01-28,1.64100003
2020-01-29,1.59399998
2020-01-30,1.55799997
2020-01-31,1.51999998
2020-02-03,1.51999998
2020-02-04,1.60300004
2020-02-05,1.64900005
2020-02-06,1.64400005
2020-02-07,1.57799995
2020-02-10,1.54700005
2020-02-11,1.59000003
2020-02-12,1.63000000
2020-02-13,1.61699998
2020-02-14,1.58800006
2020-02-18,1.55599999
2020-02-19,1.57000005
2020-02-20,1.52499998
2020-02-21,1.47099996
2020-02-24,1.37699997
2020-02-25,1.33000004
2020-02-26,1.30999994
2020-02-27,1.29900002
2020-02-28,1.12699997
2020-03-02,1.08800006
2020-03-03,1.00999999
2020-03-04,0.99199998
2020-03-05,0.92600000
2020-03-06,0.70599997
2020-03-09,0.49900001
2020-03-10,0.74800003
2020-03-11,0.81999999
2020-03-12,0.84899998
2020-03-13,0.95099998
2020-03-16,0.72799999
2020-03-17,0.99699998
2020-03-18,1.26600003
2020-03-19,1.11899996
2020-03-20,0.93800002
2020-03-23,0.76400000
2020-03-24,0.81599998
2020-03-25,0.85799998
2020-03-26,0.81099999
2020-03-27,0.74900001
2020-03-30,0.67000002
2020-03-31,0.69800001
2020-04-01,0.63499999
2020-04-02,0.62699997
2020-04-03,0.58700001
2020-04-06,0.67600000
2020-04-07,0.73600000
2020-04-08,0.76400000
2020-04-09,0.72899997
2020-04-13,0.74900001
2020-04-14,0.75199997
2020-04-15,0.63800001
2020-04-16,0.60900003
2020-04-17,0.65399998
2020-04-20,0.62599999
2020-04-21,0.57099998
2020-04-22,0.61900002
2020-04-23,0.61299998
2020-04-24,0.59600002
2020-04-27,0.65600002
2020-04-28,0.61000001
2020-04-29,0.62699997
2020-04-30,0.62199998
2020-05-01,0.64200002
2020-05-04,0.63700002
2020-05-05,0.65700001
2020-05-06,0.71100003
2020-05-07,0.63099998
2020-05-08,0.68199998
2020-05-11,0.72600001
2020-05-12,0.67799997
2020-05-13,0.64899999
2020-05-14,0.61900002
2020-05-15,0.63999999
2020-05-18,0.74400002
2020-05-19,0.71100003
2020-05-20,0.68000001
2020-05-21,0.67699999
2020-05-22,0.65700001
2020-05-26,0.69800001
2020-05-27,0.68000001
2020-05-28,0.70499998
2020-05-29,0.64800000
2020-06-01,0.66200000
2020-06-02,0.68000001
2020-06-03,0.76099998
2020-06-04,0.81999999
2020-06-05,0.90399998
2020-06-08,0.88400000
2020-06-09,0.82900000
2020-06-10,0.74800003
2020-06-11,0.65300000
2020-06-12,0.69900000
2020-06-15,0.70200002
2020-06-16,0.75599998
2020-06-17,0.73299998
2020-06-18,0.69400001
2020-06-19,0.69700003
2020-06-22,0.70400000
2020-06-23,0.70899999
2020-06-24,0.68400002
2020-06-25,0.67400002
2020-06-26,0.63599998
2020-06-29,0.63599998
2020-06-30,0.65300000
2020-07-01,0.68199998
2020-07-02,0.66900003
2020-07-06,0.68400002
2020-07-07,0.64999998
2020-07-08,0.65300000
2020-07-09,0.60500002
2020-07-10,0.63300002
2020-07-13,0.63999999
2020-07-14,0.61500001
2020-07-15,0.63000000
2020-07-16,0.61199999
2020-07-17,0.62800002
2020-07-20,0.62000000
2020-07-21,0.60699999
2020-07-22,0.59500003
2020-07-23,0.58200002
2020-07-24,0.58899999
2020-07-27,0.60900003
2020-07-28,0.58099997
2020-07-29,0.57900000
2020-07-30,0.54100001
2020-07-31,0.53600001
2020-08-03,0.56300002
2020-08-04,0.51499999
2020-08-05,0.54299998
2020-08-06,0.53600001
2020-08-07,0.56199998
2020-08-10,0.57400000
2020-08-11,0.65799999
2020-08-12,0.67000002
2020-08-13,0.71600002
2020-08-14,0.70899999
2020-08-17,0.68300003
2020-08-18,0.66900003
2020-08-19,0.67500001
2020-08-20,0.64399999
2020-08-21,0.63999999
2020-08-24,0.64600003
2020-08-25,0.68199998
2020-08-26,0.68699998
2020-08-27,0.74599999
2020-08-28,0.72899997
2020-08-31,0.69300002
2020-09-01,0.67199999
2020-09-02,0.65100002
2020-09-03,0.62199998
2020-09-04,0.72100002
2020-09-08,0.68400002
2020-09-09,0.70300001
2020-09-10,0.68500000
2020-09-11,0.66900003
2020-09-14,0.67100000
2020-09-15,0.67900002
2020-09-16,0.68699998
2020-09-17,0.68400002
2020-09-18,0.69400001
2020-09-21,0.67100000
2020-09-22,0.66399997
2020-09-23,0.67600000
2020-09-24,0.66600001
2020-09-25,0.65899998
2020-09-28,0.66299999
2020-09-29,0.64499998
2020-09-30,0.67699999
2020-10-01,0.67699999
2020-10-02,0.69599998
2020-10-05,0.76200002
2020-10-06,0.74199998
2020-10-07,0.78500003
2020-10-08,0.76499999
2020-10-09,0.77499998
2020-10-12,0.77700001
2020-10-13,0.72700000
2020-10-14,0.72200000
2020-10-15,0.73100001
2020-10-16,0.74400002
2020-10-19,0.76099998
2020-10-20,0.79699999
2020-10-21,0.81599998
2020-10-22,0.84799999
2020-10-23,0.84100002
2020-10-26,0.80100000
2020-10-27,0.77800000
2020-10-28,0.78100002
2020-10-29,0.83499998
2020-10-30,0.86000001
2020-11-02,0.84899998
2020-11-03,0.88200003
2020-11-04,0.76800001
2020-11-05,0.77600002
2020-11-06,0.81999999
2020-11-09,0.95800000
2020-11-10,0.97200000
2020-11-11,0.95800000
2020-11-12,0.88499999
2020-11-13,0.89300001
2020-11-16,0.90600002
2020-11-17,0.87199998
2020-11-18,0.88200003
2020-11-19,0.85399997
2020-11-20,0.82900000
2020-11-23,0.85699999
2020-11-24,0.88200003
2020-11-25,0.87800002
2020-11-27,0.84200001
2020-11-30,0.84399998
2020-12-01,0.93400002
2020-12-02,0.94800001
2020-12-03,0.92000002
2020-12-04,0.96899998
2020-12-07,0.92799997
2020-12-08,0.91299999
2020-12-09,0.94099998
2020-12-10,0.90799999
2020-12-11,0.89300001
2020-12-14,0.89200002
2020-12-15,0.92299998
2020-12-16,0.92000002
2020-12-17,0.93000001
2020-12-18,0.94800001
2020-12-21,0.94099998
2020-12-22,0.91799998
2020-12-23,0.95499998
2020-12-24,0.92799997
2020-12-28,0.93300003
2020-12-29,0.93500000
2020-12-30,0.92600000
2020-12-31,0.91700000
2021-01-04,0.91700000
2021-01-05,0.95499998
2021-01-06,1.04200006
2021-01-07,1.07099998
2021-01-08,1.10500002
2021-01-11,1.13199997
2021-01-12,1.13800001
2021-01-13,1.08800006
2021-01-14,1.12899995
2021-01-15,1.09700000
2021-01-19,1.09200001
2021-01-20,1.09000003
2021-01-21,1.10899997
2021-01-22,1.09099996
2021-01-25,1.03999996
2021-01-26,1.03999996
2021-01-27,1.01400006
2021-01-28,1.05700004
2021-01-29,1.09300005
2021-02-01,1.07700002
2021-02-02,1.10500002
2021-02-03,1.13100004
2021-02-04,1.13900006
2021-02-05,1.16999996
2021-02-08,1.15999997
2021-02-09,1.15699995
2021-02-10,1.13300002
2021-02-11,1.15799999
2021-02-12,1.20000005
2021-02-16,1.29900002
2021-02-17,1.30100000
2021-02-18,1.28699994
2021-02-19,1.34500003
2021-02-22,1.37000000
2021-02-23,1.36199999
2021-02-24,1.38900006
2021-02-25,1.51800001
2021-02-26,1.46000004
2021-03-01,1.44599998
2021-03-02,1.41499996
2021-03-03,1.47000003
2021-03-04,1.54999995
2021-03-05,1.55400002
2021-03-08,1.59599996
2021-03-09,1.54600000
2021-03-10,1.51999998
2021-03-11,1.52699995
2021-03-12,1.63499999
2021-03-15,1.60699999
2021-03-16,1.62100005
2021-03-17,1.64100003
2021-03-18,1.73000002
2021-03-19,1.73199999
2021-03-22,1.68400002
2021-03-23,1.63800001
2021-03-24,1.61399996
2021-03-25,1.61399996
2021-03-26,1.65999997
2021-03-29,1.72099996
2021-03-30,1.72599995
2021-03-31,1.74600005
2021-04-01,1.67900002
2021-04-05,1.72000003
2021-04-06,1.65600002
2021-04-07,1.65300000
2021-04-08,1.63199997
2021-04-09,1.66600001
2021-04-12,1.67499995
2021-04-13,1.62300003
2021-04-14,1.63800001
2021-04-15,1.52999997
2021-04-16,1.57299995
2021-04-19,1.60099995
2021-04-20,1.56200004
2021-04-21,1.56400001
2021-04-22,1.55400002
2021-04-23,1.56700003
2021-04-26,1.57000005
2021-04-27,1.62199998
2021-04-28,1.62000000
2021-04-29,1.63999999
2021-04-30,1.63100004
2021-05-03,1.60699999
2021-05-04,1.59200001
2021-05-05,1.58399999
2021-05-06,1.56099999
2021-05-07,1.57700002
2021-05-10,1.60200000
2021-05-11,1.62399995
2021-05-12,1.69500005
2021-05-13,1.66799998
2021-05-14,1.63499999
2021-05-17,1.63999999
2021-05-18,1.64199996
2021-05-19,1.68299997
2021-05-20,1.63399994
2021-05-21,1.63199997
2021-05-24,1.60800004
2021-05-25,1.56400001
2021-05-26,1.57400000
2021-05-27,1.61000001
2021-05-28,1.58099997
2021-06-01,1.61500001
2021-06-02,1.59099996
2021-06-03,1.62500000
2021-06-04,1.55999994
2021-06-07,1.56900001
2021-06-08,1.52800000
2021-06-09,1.48899996
2021-06-10,1.45899999
2021-06-11,1.46200001
2021-06-14,1.50100005
2021-06-15,1.49899995
2021-06-16,1.56900001
2021-06-17,1.51100004
2021-06-18,1.45000005
2021-06-21,1.48399997
2021-06-22,1.47200000
2021-06-23,1.48699999
2021-06-24,1.48699999
2021-06-25,1.53600001
2021-06-28,1.47800004
2021-06-29,1.48000002
2021-06-30,1.44299996
2021-07-01,1.48000002
2021-07-02,1.43099999
2021-07-06,1.37000000
2021-07-07,1.32099998
2021-07-08,1.28799999
2021-07-09,1.35599995
2021-07-12,1.36300004
2021-07-13,1.41499996
2021-07-14,1.35599995
2021-07-15,1.29700005
2021-07-16,1.29999995
2021-07-19,1.18099999
2021-07-20,1.20899999
2021-07-21,1.27999997
2021-07-22,1.26499999
2021-07-23,1.28600001
2021-07-26,1.27600002
2021-07-27,1.23399997
2021-07-28,1.26100004
2021-07-29,1.26900005
2021-07-30,1.23899996
2021-08-02,1.17400002
2021-08-03,1.17600000
2021-08-04,1.18400002
2021-08-05,1.21700001
2021-08-06,1.28999996
2021-08-09,1.31700003
2021-08-10,1.34200001
2021-08-11,1.32900000
2021-08-12,1.36699998
2021-08-13,1.29700005
2021-08-16,1.25699997
2021-08-17,1.25800002
2021-08-18,1.27300000
2021-08-19,1.24199998
2021-08-20,1.25999999
2021-08-23,1.25500000
2021-08-24,1.28999996
2021-08-25,1.34200001
2021-08-26,1.34200001
2021-08-27,1.31200004
2021-08-30,1.28499997
2021-08-31,1.30400002
2021-09-01,1.30200005
2021-09-02,1.29400003
2021-09-03,1.32200003
2021-09-07,1.37000000
2021-09-08,1.33399999
2021-09-09,1.29900002
2021-09-10,1.34099996
2021-09-13,1.32400000
2021-09-14,1.27699995
2021-09-15,1.30400002
2021-09-16,1.33099997
2021-09-17,1.37000000
2021-09-20,1.30900002
2021-09-21,1.32400000
2021-09-22,1.33599997
2021-09-23,1.40999997
2021-09-24,1.46000004
2021-09-27,1.48399997
2021-09-28,1.53400004
2021-09-29,1.54100001
2021-09-30,1.52900004
2021-10-01,1.47899997
2021-10-04,1.48099995
2021-10-05,1.52900004
2021-10-06,1.52400005
2021-10-07,1.57099998
2021-10-08,1.60500002
2021-10-11,1.61399996
2021-10-12,1.58000004
2021-10-13,1.54900002
2021-10-14,1.51900005
2021-10-15,1.57599998
2021-10-18,1.58399999
2021-10-19,1.63499999
2021-10-20,1.63600004
2021-10-21,1.67600000
2021-10-22,1.65499997
2021-10-25,1.63499999
2021-10-26,1.61899996
2021-10-27,1.52900004
2021-10-28,1.56799996
2021-10-29,1.55700004
2021-11-01,1.57500005
2021-11-02,1.54900002
2021-11-03,1.57900000
2021-11-04,1.52400005
2021-11-05,1.45299995
2021-11-08,1.49699998
2021-11-09,1.43200004
2021-11-10,1.55999994
2021-11-11,1.55999994
2021-11-12,1.58200002
2021-11-15,1.62300003
2021-11-16,1.63399994
2021-11-17,1.60399997
2021-11-18,1.58899999
2021-11-19,1.53600001
2021-11-22,1.62500000
2021-11-23,1.66700006
2021-11-24,1.64499998
2021-11-26,1.48199999
2021-11-29,1.52999997
2021-11-30,1.44299996
2021-12-01,1.43400002
2021-12-02,1.44799995
2021-12-03,1.34300005
2021-12-06,1.43400002
2021-12-07,1.48000002
2021-12-08,1.50899994
2021-12-09,1.48699999
2021-12-10,1.48899996
2021-12-13,1.42400002
2021-12-14,1.43799996
2021-12-15,1.46300006
2021-12-16,1.42200005
2021-12-17,1.40199995
2021-12-20,1.41900003
2021-12-21,1.48699999
2021-12-22,1.45700002
2021-12-23,1.49300003
2021-12-27,1.48099995
2021-12-28,1.48099995
2021-12-29,1.54299998
2021-12-30,1.51499999
2021-12-31,1.51199996
2022-01-03,1.62800002
2022-01-04,1.66799998
2022-01-05,1.70500004
2022-01-06,1.73300004
2022-01-07,1.77100003
2022-01-10,1.77999997
2022-01-11,1.74600005
2022-01-12,1.72500002
2022-01-13,1.71099997
2022-01-14,1.77199996
2022-01-18,1.86500001
2022-01-19,1.82700002
2022-01-20,1.83299994
2022-01-21,1.74699998
2022-01-24,1.73500001
2022-01-25,1.78299999
2022-01-26,1.84800005
2022-01-27,1.80700004
2022-01-28,1.78199995
2022-01-31,1.78199995
2022-02-01,1.79999995
2022-02-02,1.76600003
2022-02-03,1.82700002
2022-02-04,1.92999995
2022-02-07,1.91600001
2022-02-08,1.95400000
2022-02-09,1.92900002
2022-02-10,2.03099990
2022-02-11,1.95500004
2022-02-14,1.99600005
2022-02-15,2.04500008
2022-02-16,2.04699993
2022-02-17,1.97200000
2022-02-18,1.93200004
2022-02-22,1.94799995
2022-02-23,1.97700000
2022-02-24,1.96899998
2022-02-25,1.98599994
2022-02-28,1.83899999
2022-03-01,1.70700002
2022-03-02,1.86500001
2022-03-03,1.84399998
2022-03-04,1.72399998
2022-03-07,1.75100005
2022-03-08,1.87199998
2022-03-09,1.94799995
2022-03-10,2.01099992
2022-03-11,2.00399995
2022-03-14,2.14000010
2022-03-15,2.16000009
2022-03-16,2.18799996
2022-03-17,2.19199991
2022-03-18,2.14800000
2022-03-21,2.31500006
2022-03-22,2.37299991
2022-03-23,2.32100010
2022-03-24,2.34100008
2022-03-25,2.49200010
2022-03-28,2.47700000
2022-03-29,2.40000010
2022-03-30,2.35800004
2022-03-31,2.32699990
2022-04-01,2.37700009
2022-04-04,2.41199994
2022-04-05,2.55599999
2022-04-06,2.60899997
2022-04-07,2.65199995
2022-04-08,2.71300006
2022-04-11,2.77999997
2022-04-12,2.72499990
2022-04-13,2.68700004
2022-04-14,2.82800007
2022-04-18,2.86199999
2022-04-19,2.91300011
2022-04-20,2.83999991
2022-04-21,2.91700006
2022-04-22,2.90599990
2022-04-25,2.82599998
2022-04-26,2.77200007
2022-04-27,2.81800008
2022-04-28,2.86299992
2022-04-29,2.88700008
2022-05-02,2.99600005
2022-05-03,2.96000004
2022-05-04,2.91700006
2022-05-05,3.06599998
2022-05-06,3.12299991
2022-05-09,3.07900000
2022-05-10,2.99300003
2022-05-11,2.92100000
2022-05-12,2.81699991
2022-05-13,2.93499994
2022-05-16,2.87700009
2022-05-17,2.96799994
2022-05-18,2.88599992
2022-05-19,2.85500002
2022-05-20,2.78699994
2022-05-23,2.85899997
2022-05-24,2.75999999
2022-05-25,2.74900007
2022-05-26,2.75600004
2022-05-27,2.74300003
2022-05-31,2.84400010
2022-06-01,2.93099999
2022-06-02,2.91300011
2022-06-03,2.95700002
2022-06-06,3.03800011
2022-06-07,2.97199988
2022-06-08,3.02900004
2022-06-09,3.04399991
2022-06-10,3.15599990
2022-06-13,3.36599994
2022-06-14,3.48300004
2022-06-15,3.39499998
2022-06-16,3.30699992
2022-06-17,3.23900008
2022-06-21,3.30699992
2022-06-22,3.15599990
2022-06-23,3.06800008
2022-06-24,3.12500000
2022-06-27,3.19400001
2022-06-28,3.20600009
2022-06-29,3.09299994
2022-06-30,2.97199988
2022-07-01,2.88899994
2022-07-05,2.80900002
2022-07-06,2.91300011
2022-07-07,3.00799990
2022-07-08,3.10100007
2022-07-11,2.99099994
2022-07-12,2.95799994
2022-07-13,2.90400004
2022-07-14,2.96000004
2022-07-15,2.93000007
2022-07-18,2.96000004
2022-07-19,3.01900005
2022-07-20,3.03600001
2022-07-21,2.91000009
2022-07-22,2.78299999
2022-07-25,2.81999993
2022-07-26,2.78699994
2022-07-27,2.73399997
2022-07-28,2.68099999
2022-07-29,2.64199996
2022-08-01,2.60599995
2022-08-02,2.74099994
2022-08-03,2.74799991
2022-08-04,2.67600012
2022-08-05,2.83999991
2022-08-08,2.76500010
2022-08-09,2.79699993
2022-08-10,2.78600001
2022-08-11,2.88800001
2022-08-12,2.84899998
2022-08-15,2.79099989
2022-08-16,2.82399988
2022-08-17,2.89299989
2022-08-18,2.88000011
2022-08-19,2.98900008
2022-08-22,3.03699994
2022-08-23,3.05399990
2022-08-24,3.10599995
2022-08-25,3.02600002
2022-08-26,3.03500009
2022-08-29,3.10999990
2022-08-30,3.10999990
2022-08-31,3.13299990
2022-09-01,3.26500010
2022-09-02,3.19300008
2022-09-06,3.33999991
2022-09-07,3.26500010
2022-09-08,3.29200006
2022-09-09,3.32100010
2022-09-12,3.36199999
2022-09-13,3.42199993
2022-09-14,3.41199994
2022-09-15,3.45900011
2022-09-16,3.44799995
2022-09-19,3.49000001
2022-09-20,3.57100010
2022-09-21,3.50999999
2022-09-22,3.70799994
2022-09-23,3.69700003
2022-09-26,3.87800002
2022-09-27,3.96399999
2022-09-28,3.70499992
2022-09-29,3.74699998
2022-09-30,3.80399990
2022-10-03,3.65100002
2022-10-04,3.61700010
2022-10-05,3.75900006
2022-10-06,3.82599998
2022-10-07,3.88299990
2022-10-10,3.88800001
2022-10-11,3.93899989
2022-10-12,3.90199995
2022-10-13,3.95199990
2022-10-14,4.01000023
2022-10-17,4.01499987
2022-10-18,3.99799991
2022-10-19,4.12699986
2022-10-20,4.22599983
2022-10-21,4.21299982
2022-10-24,4.23400021
2022-10-25,4.10799980
2022-10-26,4.01499987
2022-10-27,3.93700004
2022-10-28,4.01000023
2022-10-31,4.07700014
2022-11-01,4.05200005
2022-11-02,4.05900002
2022-11-03,4.12400007
2022-11-04,4.15600014
2022-11-07,4.21400023
2022-11-08,4.12599993
2022-11-09,4.15100002
2022-11-10,3.82900000
2022-11-11,3.81299996
2022-11-14,3.86500001
2022-11-15,3.79900002
2022-11-16,3.69199991
2022-11-17,3.77500010
2022-11-18,3.81800008
2022-11-21,3.82500005
2022-11-22,3.75799990
2022-11-23,3.70600009
2022-11-25,3.69099998
2022-11-28,3.70300007
2022-11-29,3.74799991
2022-11-30,3.70300007
2022-12-01,3.52900004
2022-12-02,3.50600004
2022-12-05,3.59899998
2022-12-06,3.51300001
2022-12-07,3.40799999
2022-12-08,3.49099994
2022-12-09,3.56699991
2022-12-12,3.61100006
2022-12-13,3.50099993
2022-12-14,3.50300002
2022-12-15,3.45000005
2022-12-16,3.48200011
2022-12-19,3.58100009
2022-12-20,3.68400002
2022-12-21,3.68400002
2022-12-22,3.66899991
2022-12-23,3.75099993
2022-12-27,3.85999990
2022-12-28,3.88700008
2022-12-29,3.83500004
2022-12-30,3.87899995
2023-01-03,3.79299998
2023-01-04,3.70900011
2023-01-05,3.72000003
2023-01-06,3.56900001
2023-01-09,3.51699996
2023-01-10,3.62100005
2023-01-11,3.55399990
2023-01-12,3.44899988
2023-01-13,3.51099992
2023-01-17,3.53500009
2023-01-18,3.37500000
2023-01-19,3.39700007
2023-01-20,3.48399997
2023-01-23,3.52500010
2023-01-24,3.46900010
2023-01-25,3.46199989
2023-01-26,3.49300003
2023-01-27,3.51799989
2023-01-30,3.55100012
2023-01-31,3.52900004
2023-02-01,3.39700007
2023-02-02,3.39599991
2023-02-03,3.53200006
2023-02-06,3.63400006
2023-02-07,3.67400002
2023-02-08,3.65300012
2023-02-09,3.68300009
2023-02-10,3.74399996
2023-02-13,3.71700001
2023-02-14,3.76099992
2023-02-15,3.80900002
2023-02-16,3.84299994
2023-02-17,3.82800007
2023-02-21,3.95499992
2023-02-22,3.92300010
2023-02-23,3.87899995
2023-02-24,3.94899988
2023-02-27,3.92199993
2023-02-28,3.91599989
2023-03-01,3.99399996
2023-03-02,4.07299995
2023-03-03,3.96399999
2023-03-06,3.98300004
2023-03-07,3.97499990
2023-03-08,3.97600007
2023-03-09,3.92499995
2023-03-10,3.69499993
2023-03-13,3.51500010
2023-03-14,3.63800001
2023-03-15,3.49200010
2023-03-16,3.58500004
2023-03-17,3.39499998
2023-03-20,3.48099995
2023-03-21,3.60599995
2023-03-22,3.50000000
2023-03-23,3.40599990
2023-03-24,3.38000011
2023-03-27,3.52800012
2023-03-28,3.56399989
2023-03-29,3.56599998
2023-03-30,3.55100012
2023-03-31,3.49399996
2023-04-03,3.43000007
2023-04-04,3.33699989
2023-04-05,3.28699994
2023-04-06,3.28800011
2023-04-10,3.41499996
2023-04-11,3.43400002
2023-04-12,3.42100000
2023-04-13,3.45199990
2023-04-14,3.52200007
2023-04-17,3.59100008
2023-04-18,3.57200003
2023-04-19,3.60200000
2023-04-20,3.54500008
2023-04-21,3.56999993
2023-04-24,3.51500010
2023-04-25,3.39599991
2023-04-26,3.43199992
2023-04-27,3.52800012
2023-04-28,3.45199990
2023-05-01,3.57399988
2023-05-02,3.43899989
2023-05-03,3.40300012
2023-05-04,3.35100007
2023-05-05,3.44600010
2023-05-08,3.52099991
2023-05-09,3.52099991
2023-05-10,3.43899989
2023-05-11,3.39700007
2023-05-12,3.46300006
2023-05-15,3.50799990
2023-05-16,3.54900002
2023-05-17,3.58100009
2023-05-18,3.64800000
2023-05-19,3.69199991
2023-05-22,3.71900010
2023-05-23,3.69799995
2023-05-24,3.71900010
2023-05-25,3.81399989
2023-05-26,3.80999994
2023-05-30,3.70000005
2023-05-31,3.63700008
2023-06-01,3.60800004
2023-06-02,3.69099998
2023-06-05,3.69300008
2023-06-06,3.69899988
2023-06-07,3.78399992
2023-06-08,3.71399999
2023-06-09,3.74499989
2023-06-12,3.76500010
2023-06-13,3.83899999
2023-06-14,3.79600000
2023-06-15,3.72799993
2023-06-16,3.76900005
2023-06-20,3.72900009
2023-06-21,3.72300005
2023-06-22,3.79900002
2023-06-23,3.73900008
2023-06-26,3.71900010
2023-06-27,3.76799989
2023-06-28,3.71000004
2023-06-29,3.85400009
2023-06-30,3.81900001
2023-07-03,3.85800004
2023-07-05,3.94499993
2023-07-06,4.04099989
2023-07-07,4.05000019
2023-07-10,4.00600004
2023-07-11,3.98000002
2023-07-12,3.86100006
2023-07-13,3.76099992
2023-07-14,3.81900001
2023-07-17,3.79699993
2023-07-18,3.78900003
2023-07-19,3.74200010
2023-07-20,3.85400009
2023-07-21,3.83699989
2023-07-24,3.85700011
2023-07-25,3.91199994
2023-07-26,3.85100007
2023-07-27,4.01200008
2023-07-28,3.96900010
2023-07-31,3.95900011
2023-08-01,4.05100012
2023-08-02,4.07800007
2023-08-03,4.18900013
2023-08-04,4.05999994
2023-08-07,4.07800007
2023-08-08,4.02600002
2023-08-09,4.01200008
2023-08-10,4.07999992
2023-08-11,4.16800022
2023-08-14,4.18400002
2023-08-15,4.22100019
2023-08-16,4.25799990
2023-08-17,4.30800009
2023-08-18,4.25099993
2023-08-21,4.34200001
2023-08-22,4.32800007
2023-08-23,4.19799995
2023-08-24,4.23500013
2023-08-25,4.23899984
2023-08-28,4.21199989
2023-08-29,4.12200022
2023-08-30,4.11800003
2023-08-31,4.09299994
2023-09-01,4.17299986
2023-09-05,4.26800013
2023-09-06,4.28999996
2023-09-07,4.26000023
2023-09-08,4.25799990
2023-09-11,4.28800011
2023-09-12,4.26399994
2023-09-13,4.24900007
2023-09-14,4.28800011
2023-09-15,4.32200003
2023-09-18,4.31899977
2023-09-19,4.36499977
2023-09-20,4.34899998
2023-09-21,4.48000002
2023-09-22,4.43800020
2023-09-25,4.54199982
2023-09-26,4.55800009
2023-09-27,4.62599993
2023-09-28,4.59700012
2023-09-29,4.57299995
2023-10-02,4.68300009
2023-10-03,4.80200005
2023-10-04,4.73500013
2023-10-05,4.71700001
2023-10-06,4.78399992
2023-10-09,4.79699993
2023-10-10,4.65500021
2023-10-11,4.59499979
2023-10-12,4.71199989
2023-10-13,4.62900019
2023-10-16,4.71199989
2023-10-17,4.84700012
2023-10-18,4.90399981
2023-10-19,4.98799992
2023-10-20,4.92399979
2023-10-23,4.83799982
2023-10-24,4.84000015
2023-10-25,4.95300007
2023-10-26,4.84499979
2023-10-27,4.84499979
2023-10-30,4.87500000
2023-10-31,4.87500000
2023-11-01,4.78900003
2023-11-02,4.66900015
2023-11-03,4.55800009
2023-11-06,4.66200018
2023-11-07,4.57100010
2023-11-08,4.52299976
2023-11-09,4.63000011
2023-11-10,4.62799978
2023-11-13,4.63199997
2023-11-14,4.44099998
2023-11-15,4.53499985
2023-11-16,4.44500017
2023-11-17,4.44099998
2023-11-20,4.42199993
2023-11-21,4.41800022
2023-11-22,4.41599989
2023-11-24,4.47200012
2023-11-27,4.38899994
2023-11-28,4.33599997
2023-11-29,4.27099991
2023-11-30,4.35200024
2023-12-01,4.22599983
2023-12-04,4.28800011
2023-12-05,4.17100000
2023-12-06,4.12099981
2023-12-07,4.12900019
2023-12-08,4.24499989
2023-12-11,4.23899984
2023-12-12,4.20599985
2023-12-13,4.03299999
2023-12-14,3.93000007
2023-12-15,3.92799997
2023-12-18,3.95400000
2023-12-19,3.92199993
2023-12-20,3.87700009
2023-12-21,3.89400005
2023-12-22,3.90100002
2023-12-26,3.88599992
2023-12-27,3.78900003
2023-12-28,3.84999990
2023-12-29,3.86599994
2024-01-02,3.94600010
2024-01-03,3.90700006
2024-01-04,3.99099994
2024-01-05,4.04199982
2024-01-08,4.00199986
2024-01-09,4.01900005
2024-01-10,4.03000021
2024-01-11,3.97700000
2024-01-12,3.95000005
2024-01-16,4.06599998
2024-01-17,4.10599995
2024-01-18,4.14400005
2024-01-19,4.14599991
2024-01-22,4.09399986
2024-01-23,4.14200020
2024-01-24,4.17799997
2024-01-25,4.13199997
2024-01-26,4.15999985
2024-01-29,4.09100008
2024-01-30,4.05900002
2024-01-31,3.96700001
2024-02-01,3.86299992
2024-02-02,4.03299999
2024-02-05,4.16400003
2024-02-06,4.09000015
2024-02-07,4.11000013
2024-02-08,4.17000008
2024-02-09,4.18699980
2024-02-12,4.17199993
2024-02-13,4.31599998
2024-02-14,4.26700020
2024-02-15,4.23999977
2024-02-16,4.29500008
2024-02-20,4.27500010
2024-02-21,4.32499981
2024-02-22,4.32700014
2024-02-23,4.26000023
2024-02-26,4.29899979
2024-02-27,4.31500006
2024-02-28,4.27400017
2024-02-29,4.25199986
2024-03-01,4.17999983
2024-03-04,4.21899986
2024-03-05,4.13700008
2024-03-06,4.10400009
2024-03-07,4.09200001
2024-03-08,4.08900023
2024-03-11,4.10400009
2024-03-12,4.15500021
2024-03-13,4.19199991
2024-03-14,4.29799986
2024-03-15,4.30399990
2024-03-18,4.34000015
2024-03-19,4.29699993
2024-03-20,4.27299976
2024-03-21,4.27099991
2024-03-22,4.21799994
2024-03-25,4.25299978
2024-03-26,4.23400021
2024-03-27,4.19600010
2024-03-28,4.20599985
2024-04-01,4.32900000
2024-04-02,4.36499977
2024-04-03,4.35500002
2024-04-04,4.30900002
2024-04-05,4.37799978
2024-04-08,4.42399979
2024-04-09,4.36600018
2024-04-10,4.55999994
2024-04-11,4.57600021
2024-04-12,4.49900007
2024-04-15,4.62799978
2024-04-16,4.65899992
2024-04-17,4.58500004
2024-04-18,4.64699984
2024-04-19,4.61499977
2024-04-22,4.62300014
2024-04-23,4.59800005
2024-04-24,4.65199995
2024-04-25,4.70599985
2024-04-26,4.66900015
2024-04-29,4.61399984
2024-04-30,4.68599987
2024-05-01,4.59499979
2024-05-02,4.57100010
2024-05-03,4.50000000
2024-05-06,4.48899984
2024-05-07,4.46299982
2024-05-08,4.49200010
2024-05-09,4.44899988
2024-05-10,4.50400019
2024-05-13,4.48099995
2024-05-14,4.44500017
2024-05-15,4.35599995
2024-05-16,4.37699986
2024-05-17,4.42000008
2024-05-20,4.43699980
2024-05-21,4.41400003
2024-05-22,4.43400002
2024-05-23,4.47499990
2024-05-24,4.46700001
2024-05-28,4.54199982
2024-05-29,4.62400007
2024-05-30,4.55399990
2024-05-31,4.51399994
2024-06-03,4.40199995
2024-06-04,4.33599997
2024-06-05,4.28900003
2024-06-06,4.28100014
2024-06-07,4.42999983
2024-06-10,4.46899986
2024-06-11,4.40399981
2024-06-12,4.29500008
2024-06-13,4.23799992
2024-06-14,4.21299982
2024-06-17,4.27899981
2024-06-18,4.21700001
2024-06-20,4.25400019
2024-06-21,4.25699997
2024-06-24,4.24800014
2024-06-25,4.23799992
2024-06-26,4.31599998
2024-06-27,4.28800011
2024-06-28,4.34299994
2024-07-01,4.47900009
2024-07-02,4.43599987
2024-07-03,4.35500002
2024-07-05,4.27199984
2024-07-08,4.26900005
2024-07-09,4.30000019
2024-07-10,4.28000021
2024-07-11,4.19299984
2024-07-12,4.18900013
2024-07-15,4.22900009
2024-07-16,4.16699982
2024-07-17,4.14599991
2024-07-18,4.18900013
2024-07-19,4.23899984
2024-07-22,4.26000023
2024-07-23,4.23899984
2024-07-24,4.28599977
2024-07-25,4.25600004
2024-07-26,4.19999981
2024-07-29,4.17799997
2024-07-30,4.14300013
2024-07-31,4.10900021
2024-08-01,3.97600007
2024-08-02,3.79200006
2024-08-05,3.78500009
2024-08-06,3.88800001
2024-08-07,3.96799994
2024-08-08,3.99699998
2024-08-09,3.94199991
2024-08-12,3.90899992
2024-08-13,3.85200000
2024-08-14,3.81999993
2024-08-15,3.92600012
2024-08-16,3.89199996
2024-08-19,3.86700010
2024-08-20,3.81800008
2024-08-21,3.77800012
2024-08-22,3.86199999
2024-08-23,3.80699992
2024-08-26,3.81800008
2024-08-27,3.83299994
2024-08-28,3.84100008
2024-08-29,3.86700010
2024-08-30,3.91100001
2024-09-03,3.84400010
2024-09-04,3.76799989
2024-09-05,3.73099995
2024-09-06,3.71000004
2024-09-09,3.69700003
2024-09-10,3.64599991
2024-09-11,3.65300012
2024-09-12,3.68000007
2024-09-13,3.65000010
2024-09-16,3.62100005
2024-09-17,3.64199996
2024-09-18,3.68499994
2024-09-19,3.74000001
2024-09-20,3.72799993
2024-09-23,3.73900008
2024-09-24,3.73600006
2024-09-25,3.78099990
2024-09-26,3.79099989
2024-09-27,3.74900007
2024-09-30,3.80200005
2024-10-01,3.74300003
2024-10-02,3.78500009
2024-10-03,3.84999990
2024-10-04,3.98099995
2024-10-07,4.02600002
2024-10-08,4.03299999
2024-10-09,4.06699991
2024-10-10,4.09600019
2024-10-11,4.07299995
2024-10-14,4.09800005
2024-10-15,4.03800011
2024-10-16,4.01599979
2024-10-17,4.09600019
2024-10-18,4.07299995
2024-10-21,4.18200016
2024-10-22,4.20400000
2024-10-23,4.24200010
2024-10-24,4.19999981
2024-10-25,4.23199987
2024-10-28,4.27799988
2024-10-29,4.27400017
2024-10-30,4.26599979
2024-10-31,4.28399992
2024-11-01,4.36100006
2024-11-04,4.30900002
2024-11-05,4.28900003
2024-11-06,4.42600012
2024-11-07,4.34100008
2024-11-08,4.30600023
2024-11-11,4.30800009
2024-11-12,4.43200016
2024-11-13,4.45100021
2024-11-14,4.41800022
2024-11-15,4.42799997
2024-11-18,4.41400003
2024-11-19,4.37900019
2024-11-20,4.40600014
2024-11-21,4.43200016
2024-11-22,4.40999985
2024-11-25,4.26499987
2024-11-26,4.30200005
2024-11-27,4.24200010
2024-11-29,4.17799997
2024-12-02,4.19600010
2024-12-03,4.22300005
2024-12-04,4.17999983
2024-12-05,4.17999983
2024-12-06,4.15100002
2024-12-09,4.19899988
2024-12-10,4.22100019
2024-12-11,4.27099991
2024-12-12,4.32399988
2024-12-13,4.39900017
2024-12-16,4.39699984
2024-12-17,4.38500023
2024-12-18,4.49399996
2024-12-19,4.57000017
2024-12-20,4.52400017
2024-12-23,4.59899998
2024-12-24,4.59100008
2024-12-26,4.57900000
2024-12-27,4.61899996
2024-12-30,4.54500008
2024-12-31,4.57299995
2025-01-02,4.57499981
2025-01-03,4.59600019
2025-01-06,4.61800003
2025-01-07,4.68300009
2025-01-08,4.69299984
2025-01-10,4.77600002
2025-01-13,4.80299997
2025-01-14,4.78800011
2025-01-15,4.65299988
2025-01-16,4.60599995
2025-01-17,4.60900021
2025-01-21,4.57399988
2025-01-22,4.59899998
2025-01-23,4.63800001
2025-01-24,4.62599993
2025-01-27,4.52799988
2025-01-28,4.55100012
2025-01-29,4.55499983
2025-01-30,4.51200008
2025-01-31,4.56899977
2025-02-03,4.54300022
2025-02-04,4.51300001
2025-02-05,4.42199993
2025-02-06,4.44000006
2025-02-07,4.48699999
2025-02-10,4.49300003
2025-02-11,4.53700018
2025-02-12,4.63700008
2025-02-13,4.52500010
2025-02-14,4.47200012
2025-02-18,4.54400015
2025-02-19,4.53499985
2025-02-20,4.50000000
2025-02-21,4.42000008
2025-02-24,4.39300013
2025-02-25,4.29799986
2025-02-26,4.24900007
2025-02-27,4.28499985
2025-02-28,4.23099995
2025-03-03,4.17999983
2025-03-04,4.21000004
2025-03-05,4.26499987
2025-03-06,4.28599977
2025-03-07,4.31699991
2025-03-10,4.21299982
2025-03-11,4.28800011
2025-03-12,4.31799984
2025-03-13,4.27400017
2025-03-14,4.30800009
2025-03-17,4.30600023
2025-03-18,4.28100014
2025-03-19,4.25600004
2025-03-20,4.23299980
2025-03-21,4.25199986
2025-03-24,4.33099985
2025-03-25,4.30700016
2025-03-26,4.33799982
2025-03-27,4.36899996
2025-03-28,4.25500011
2025-03-31,4.24599981
2025-04-01,4.15600014
2025-04-02,4.19600010
2025-04-03,4.05499983
2025-04-04,3.98499990
2025-04-07,4.15500021
2025-04-08,4.26200008
2025-04-09,4.40000010
2025-04-10,4.39400005
2025-04-11,4.49300003
2025-04-14,4.36399984
2025-04-15,4.32299995
2025-04-16,4.27899981
2025-04-17,4.33300018
2025-04-21,4.40500021
2025-04-22,4.38899994
2025-04-23,4.38700008
2025-04-24,4.30499983
2025-04-25,4.26599979
2025-04-28,4.21600008
2025-04-29,4.17299986
2025-04-30,4.17700005
2025-05-01,4.23099995
2025-05-02,4.32200003
2025-05-05,4.34299994
2025-05-06,4.30800009
2025-05-07,4.27500010
2025-05-08,4.37300014
2025-05-09,4.37500000
2025-05-12,4.45699978
2025-05-13,4.49900007
2025-05-14,4.52799988
2025-05-15,4.45499992
2025-05-16,4.44099998
2025-05-19,4.47499990
2025-05-20,4.48099995
2025-05-21,4.59600019
2025-05-22,4.55299997
2025-05-23,4.50899982
2025-05-27,4.43400002
2025-05-28,4.47700024
2025-05-29,4.42399979
2025-05-30,4.41599989
2025-06-02,4.46199989
2025-06-03,4.46000004
2025-06-04,4.36499977
2025-06-05,4.39400005
2025-06-06,4.51000023
2025-06-09,4.48199987
2025-06-10,4.47399998
2025-06-11,4.41200018
2025-06-12,4.35699987
2025-06-13,4.42399979
2025-06-16,4.45200014
2025-06-17,4.39300013
2025-06-18,4.39699984
2025-06-20,4.37500000
2025-06-23,4.32000017
2025-06-24,4.29300022
2025-06-25,4.29300022
2025-06-26,4.25299978
2025-06-27,4.28299999
2025-06-30,4.23000002
2025-07-01,4.25099993
2025-07-02,4.29300022
2025-07-03,4.34800005
2025-07-07,4.39499998
2025-07-08,4.41499996
2025-07-09,4.34200001
2025-07-10,4.34600019
2025-07-11,4.42299986
2025-07-14,4.42700005
2025-07-15,4.48899984
2025-07-16,4.45499992
2025-07-17,4.46299982
2025-07-18,4.43200016
2025-07-21,4.37200022
2025-07-22,4.33599997
2025-07-23,4.38800001
2025-07-24,4.40799999
2025-07-25,4.38600016
2025-07-28,4.42000008
2025-07-29,4.32999992
2025-07-30,4.37599993
2025-07-31,4.36000013
2025-08-01,4.21999979
2025-08-04,4.19999981
2025-08-05,4.19600010
2025-08-06,4.21999979
2025-08-07,4.24399996
2025-08-08,4.28499985
2025-08-11,4.27299976
2025-08-12,4.29300022
2025-08-13,4.23799992
2025-08-14,4.29300022
2025-08-15,4.32800007
2025-08-18,4.34100008
2025-08-19,4.30200005
2025-08-20,4.29600000
2025-08-21,4.32999992
2025-08-22,4.26000023
2025-08-25,4.27500010
2025-08-26,4.25799990
2025-08-27,4.23799992
2025-08-28,4.20699978
2025-08-29,4.22700024
2025-09-02,4.27699995
2025-09-03,4.21099997
2025-09-04,4.17600012
2025-09-05,4.08599997
2025-09-08,4.04600000
2025-09-09,4.07399988
2025-09-10,4.03200006
2025-09-11,4.01100016
2025-09-12,4.06099987
2025-09-15,4.03399992
2025-09-16,4.02600002
2025-09-17,4.07600021
2025-09-18,4.10400009
2025-09-19,4.13899994
2025-09-22,4.14300013
2025-09-23,4.11999989
2025-09-24,4.14699984
2025-09-25,4.17199993
2025-09-26,4.18699980
2025-09-29,4.14099979
2025-09-30,4.14799976
2025-10-01,4.10599995
2025-10-02,4.08799982
2025-10-03,4.11899996
2025-10-06,4.16200018
2025-10-07,4.12699986
2025-10-08,4.12900019
2025-10-09,4.14799976
2025-10-10,4.05100012
2025-10-13,4.05100012
2025-10-14,4.02199984
2025-10-15,4.04600000
2025-10-16,3.97600007
2025-10-17,4.00699997
2025-10-20,3.98600006
2025-10-21,3.96300006
2025-10-22,3.95300007
2025-10-23,3.99099994
2025-10-24,3.99699998
2025-10-27,3.99699998
2025-10-28,3.98300004
2025-10-29,4.05800009
2025-10-30,4.09299994
2025-10-31,4.10099983
2025-11-03,4.10599995
2025-11-04,4.08900023
2025-11-05,4.15700006
2025-11-06,4.09299994
2025-11-07,4.09299994
2025-11-10,4.11000013
2025-11-11,4.11999989
2025-11-12,4.06500006
2025-11-13,4.11199999
2025-11-14,4.14799976
2025-11-17,4.13299990
2025-11-18,4.12300014
2025-11-19,4.13299990
2025-11-20,4.10599995
2025-11-21,4.06300020
2025-11-24,4.03800011
2025-11-25,4.00199986
2025-11-26,3.99799991
2025-11-28,4.01700020
2025-12-01,4.09600019
2025-12-02,4.08599997
2025-12-03,4.05700016
2025-12-04,4.10799980
2025-12-05,4.13899994
2025-12-08,4.17199993
2025-12-09,4.18599987
2025-12-10,4.16400003
2025-12-11,4.14099979
2025-12-12,4.19399977
2025-12-15,4.18200016
2025-12-16,4.14900017
2025-12-17,4.15100002
2025-12-18,4.11600018
2025-12-19,4.15100002
2025-12-22,4.16900015
2025-12-23,4.16900015
2025-12-24,4.13600016
2025-12-26,4.13600016
2025-12-29,4.11600018
2025-12-30,4.13000011
2025-12-31,4.16300011
2026-01-02,4.18699980
2026-01-05,4.16499996
2026-01-06,4.17899990
2026-01-07,4.13800001
2026-01-08,4.18300009
2026-01-09,4.17100000
2026-01-12,4.18699980
2026-01-13,4.17100000
2026-01-14,4.13999987
2026-01-15,4.15999985
2026-01-16,4.23099995
2026-01-20,4.29500008
2026-01-21,4.25299978
2026-01-22,4.24900007
2026-01-23,4.23899984
2026-01-26,4.21299982
2026-01-27,4.22300005
2026-01-28,4.25099993
2026-01-29,4.22700024
2026-01-30,4.24100018
2026-02-02,4.27500010
2026-02-03,4.27400017
2026-02-04,4.27500010
2026-02-05,4.21000004
2026-02-06,4.20599985
2026-02-09,4.19799995
2026-02-10,4.14699984
2026-02-11,4.17199993
2026-02-12,4.10400009
2026-02-13,4.05600023
2026-02-17,4.05200005
2026-02-18,4.07900000
2026-02-19,4.07499981
2026-02-20,4.08599997
2026-02-23,4.02899981
2026-02-24,4.03299999
2026-02-25,4.04799986
2026-02-26,4.01700020
2026-02-27,3.96199989
2026-03-02,4.04799986
2026-03-03,4.05600023
2026-03-04,4.07999992
2026-03-05,4.14599991
2026-03-06,4.13299990
2026-03-09,4.13600016
2026-03-10,4.13600016
2026-03-11,4.20800018
2026-03-12,4.27299976
2026-03-13,4.28499985
2026-03-16,4.21999979
2026-03-17,4.20200014
2026-03-18,4.25899982
2026-03-19,4.28100014
2026-03-20,4.39099979
2026-03-23,4.33400011
2026-03-24,4.39200020
2026-03-25,4.32800007
2026-03-26,4.41599989
2026-03-27,4.44000006
2026-03-30,4.34200001
2026-03-31,4.31099987
2026-04-01,4.31899977
2026-04-02,4.31300020
2026-04-06,4.33500004
2026-04-07,4.34299994
2026-04-08,4.29099989
2026-04-09,4.29300022
2026-04-10,4.31699991
2026-04-13,4.29699993
2026-04-14,4.25600004
2026-04-15,4.28200006
2026-04-16,4.30900002
2026-04-17,4.24599981
2026-04-20,4.25000000
2026-04-21,4.29199982
2026-04-22,4.29400015
2026-04-23,4.32299995
2026-04-24,4.30999994
2026-04-27,4.33599997
2026-04-28,4.35400009
2026-04-29,4.41800022
2026-04-30,4.38999987
2026-05-01,4.37799978
2026-05-04,4.44600010
2026-05-05,4.41599989
2026-05-06,4.35599995
2026-05-07,4.39200020
2026-05-08,4.36399984
2026-05-11,4.40999985
2026-05-12,4.46299982
2026-05-13,4.48099995
2026-05-14,4.46099997
2026-05-15,4.59499979
2026-05-18,4.62300014
2026-05-19,4.66699982
2026-05-20,4.57200003
2026-05-21,4.58599997
2026-05-22,4.55800009
2026-05-26,4.49300003
2026-05-27,4.48099995
2026-05-28,4.45499992
2026-05-29,4.45300007
2026-06-01,4.47499990
2026-06-02,4.45499992
2026-06-03,4.49100018
2026-06-04,4.47700024
2026-06-05,4.53599977
2026-06-08,4.55200005
2026-06-09,4.52799988
2026-06-10,4.54199982
2026-06-11,4.46299982
2026-06-12,4.48699999
2026-06-15,4.46899986
2026-06-16,4.42799997
2026-06-17,4.46299982
2026-06-18,4.45100021
2026-06-22,4.50899982
2026-06-23,4.49300003
2026-06-24,4.40199995
2026-06-25,4.39200020
2026-06-26,4.37200022
2026-06-29,4.37400007
2026-06-30,4.41800022
2026-07-01,4.47499990
2026-07-02,4.48500013
2026-07-06,4.47900009
2026-07-07,4.52899981
2026-07-08,4.56899977
2026-07-09,4.53900003
2026-07-10,4.56899977
2026-07-13,4.60900021
2026-07-14,4.58500004
2026-07-15,4.54500008
2026-07-16,4.56899977
2026-07-17,4.54099989
2026-07-20,4.59800005
2026-07-21,4.62799978
2026-07-22,4.65700006
2026-07-23,4.70300007
2026-07-24,4.67899990
2026-07-27,4.64099979
2026-07-28,4.60400009
2026-07-29,4.62200022
2026-07-30,4.66300011
2026-07-31,4.74499989
2026-08-03,4.68599987
2026-08-04,4.62699986
2026-08-05,4.61700010
2026-08-06,4.67000008
2026-08-07,4.65999985
2026-08-10,4.69899988
2026-08-11,4.68400002
2026-08-12,4.68200016
2026-08-13,4.64099979
2026-08-14,4.69600010
2026-08-17,4.72399998
