date,close
2000-01-03,1455.21997070
2000-01-04,1399.42004395
2000-01-05,1402.10998535
2000-01-06,1403.44995117
2000-01-07,1441.46997070
2000-01-10,1457.59997559
2000-01-11,1438.56005859
2000-01-12,1432.25000000
2000-01-13,1449.68005371
2000-01-14,1465.15002441
2000-01-18,1455.14001465
2000-01-19,1455.90002441
2000-01-20,1445.56994629
2000-01-21,1441.35998535
2000-01-24,1401.53002930
2000-01-25,1410.03002930
2000-01-26,1404.08996582
2000-01-27,1398.56005859
2000-01-28,1360.16003418
2000-01-31,1394.45996094
2000-02-01,1409.28002930
2000-02-02,1409.11999512
2000-02-03,1424.96997070
2000-02-04,1424.36999512
2000-02-07,1424.23999023
2000-02-08,1441.71997070
2000-02-09,1411.70996094
2000-02-10,1416.82995605
2000-02-11,1387.11999512
2000-02-14,1389.93994141
2000-02-15,1402.05004883
2000-02-16,1387.67004395
2000-02-17,1388.26000977
2000-02-18,1346.08996582
2000-02-22,1352.17004395
2000-02-23,1360.68994141
2000-02-24,1353.43005371
2000-02-25,1333.35998535
2000-02-28,1348.05004883
2000-02-29,1366.42004395
2000-03-01,1379.18994141
2000-03-02,1381.76000977
2000-03-03,1409.17004395
2000-03-06,1391.28002930
2000-03-07,1355.61999512
2000-03-08,1366.69995117
2000-03-09,1401.68994141
2000-03-10,1395.06994629
2000-03-13,1383.61999512
2000-03-14,1359.15002441
2000-03-15,1392.14001465
2000-03-16,1458.46997070
2000-03-17,1464.46997070
2000-03-20,1456.63000488
2000-03-21,1493.86999512
2000-03-22,1500.64001465
2000-03-23,1527.34997559
2000-03-24,1527.45996094
2000-03-27,1523.85998535
2000-03-28,1507.72998047
2000-03-29,1508.52001953
2000-03-30,1487.92004395
2000-03-31,1498.57995605
2000-04-03,1505.96997070
2000-04-04,1494.72998047
2000-04-05,1487.36999512
2000-04-06,1501.33996582
2000-04-07,1516.34997559
2000-04-10,1504.45996094
2000-04-11,1500.58996582
2000-04-12,1467.17004395
2000-04-13,1440.51000977
2000-04-14,1356.56005859
2000-04-17,1401.43994141
2000-04-18,1441.60998535
2000-04-19,1427.46997070
2000-04-20,1434.54003906
2000-04-24,1429.85998535
2000-04-25,1477.43994141
2000-04-26,1460.98999023
2000-04-27,1464.92004395
2000-04-28,1452.43005371
2000-05-01,1468.25000000
2000-05-02,1446.29003906
2000-05-03,1415.09997559
2000-05-04,1409.56994629
2000-05-05,1432.63000488
2000-05-08,1424.17004395
2000-05-09,1412.14001465
2000-05-10,1383.05004883
2000-05-11,1407.81005859
2000-05-12,1420.95996094
2000-05-15,1452.35998535
2000-05-16,1466.04003906
2000-05-17,1447.80004883
2000-05-18,1437.20996094
2000-05-19,1406.94995117
2000-05-22,1400.71997070
2000-05-23,1373.85998535
2000-05-24,1399.05004883
2000-05-25,1381.52001953
2000-05-26,1378.02001953
2000-05-30,1422.44995117
2000-05-31,1420.59997559
2000-06-01,1448.81005859
2000-06-02,1477.26000977
2000-06-05,1467.63000488
2000-06-06,1457.83996582
2000-06-07,1471.35998535
2000-06-08,1461.67004395
2000-06-09,1456.94995117
2000-06-12,1446.00000000
2000-06-13,1469.43994141
2000-06-14,1470.54003906
2000-06-15,1478.72998047
2000-06-16,1464.45996094
2000-06-19,1486.00000000
2000-06-20,1475.94995117
2000-06-21,1479.13000488
2000-06-22,1452.18005371
2000-06-23,1441.47998047
2000-06-26,1455.31005859
2000-06-27,1450.55004883
2000-06-28,1454.81994629
2000-06-29,1442.39001465
2000-06-30,1454.59997559
2000-07-03,1469.54003906
2000-07-05,1446.22998047
2000-07-06,1456.67004395
2000-07-07,1478.90002441
2000-07-10,1475.61999512
2000-07-11,1480.88000488
2000-07-12,1492.92004395
2000-07-13,1495.83996582
2000-07-14,1509.97998047
2000-07-17,1510.48999023
2000-07-18,1493.73999023
2000-07-19,1481.95996094
2000-07-20,1495.56994629
2000-07-21,1480.18994141
2000-07-24,1464.29003906
2000-07-25,1474.46997070
2000-07-26,1452.42004395
2000-07-27,1449.61999512
2000-07-28,1419.89001465
2000-07-31,1430.82995605
2000-08-01,1438.09997559
2000-08-02,1438.69995117
2000-08-03,1452.56005859
2000-08-04,1462.93005371
2000-08-07,1479.31994629
2000-08-08,1482.80004883
2000-08-09,1472.86999512
2000-08-10,1460.25000000
2000-08-11,1471.83996582
2000-08-14,1491.56005859
2000-08-15,1484.43005371
2000-08-16,1479.84997559
2000-08-17,1496.06994629
2000-08-18,1491.71997070
2000-08-21,1499.47998047
2000-08-22,1498.13000488
2000-08-23,1505.96997070
2000-08-24,1508.31005859
2000-08-25,1506.44995117
2000-08-28,1514.08996582
2000-08-29,1509.83996582
2000-08-30,1502.58996582
2000-08-31,1517.68005371
2000-09-01,1520.77001953
2000-09-05,1507.07995605
2000-09-06,1492.25000000
2000-09-07,1502.51000977
2000-09-08,1494.50000000
2000-09-11,1489.26000977
2000-09-12,1481.98999023
2000-09-13,1484.91003418
2000-09-14,1480.86999512
2000-09-15,1465.81005859
2000-09-18,1444.51000977
2000-09-19,1459.90002441
2000-09-20,1451.33996582
2000-09-21,1449.05004883
2000-09-22,1448.71997070
2000-09-25,1439.03002930
2000-09-26,1427.20996094
2000-09-27,1426.56994629
2000-09-28,1458.29003906
2000-09-29,1436.51000977
2000-10-02,1436.22998047
2000-10-03,1426.45996094
2000-10-04,1434.31994629
2000-10-05,1436.28002930
2000-10-06,1408.98999023
2000-10-09,1402.03002930
2000-10-10,1387.02001953
2000-10-11,1364.58996582
2000-10-12,1329.78002930
2000-10-13,1374.17004395
2000-10-16,1374.61999512
2000-10-17,1349.96997070
2000-10-18,1342.13000488
2000-10-19,1388.76000977
2000-10-20,1396.93005371
2000-10-23,1395.78002930
2000-10-24,1398.13000488
2000-10-25,1364.90002441
2000-10-26,1364.43994141
2000-10-27,1379.57995605
2000-10-30,1398.66003418
2000-10-31,1429.40002441
2000-11-01,1421.21997070
2000-11-02,1428.31994629
2000-11-03,1426.68994141
2000-11-06,1432.18994141
2000-11-07,1431.86999512
2000-11-08,1409.28002930
2000-11-09,1400.14001465
2000-11-10,1365.97998047
2000-11-13,1351.26000977
2000-11-14,1382.94995117
2000-11-15,1389.81005859
2000-11-16,1372.31994629
2000-11-17,1367.71997070
2000-11-20,1342.61999512
2000-11-21,1347.34997559
2000-11-22,1322.35998535
2000-11-24,1341.77001953
2000-11-27,1348.96997070
2000-11-28,1336.08996582
2000-11-29,1341.93005371
2000-11-30,1314.94995117
2000-12-01,1315.22998047
2000-12-04,1324.96997070
2000-12-05,1376.54003906
2000-12-06,1351.45996094
2000-12-07,1343.55004883
2000-12-08,1369.89001465
2000-12-11,1380.19995117
2000-12-12,1371.18005371
2000-12-13,1359.98999023
2000-12-14,1340.93005371
2000-12-15,1312.15002441
2000-12-18,1322.73999023
2000-12-19,1305.59997559
2000-12-20,1264.73999023
2000-12-21,1274.85998535
2000-12-22,1305.94995117
2000-12-26,1315.18994141
2000-12-27,1328.92004395
2000-12-28,1334.21997070
2000-12-29,1320.28002930
2001-01-02,1283.27001953
2001-01-03,1347.56005859
2001-01-04,1333.33996582
2001-01-05,1298.34997559
2001-01-08,1295.85998535
2001-01-09,1300.80004883
2001-01-10,1313.27001953
2001-01-11,1326.81994629
2001-01-12,1318.55004883
2001-01-16,1326.65002441
2001-01-17,1329.46997070
2001-01-18,1347.96997070
2001-01-19,1342.54003906
2001-01-22,1342.90002441
2001-01-23,1360.40002441
2001-01-24,1364.30004883
2001-01-25,1357.51000977
2001-01-26,1354.94995117
2001-01-29,1364.17004395
2001-01-30,1373.72998047
2001-01-31,1366.01000977
2001-02-01,1373.46997070
2001-02-02,1349.46997070
2001-02-05,1354.31005859
2001-02-06,1352.26000977
2001-02-07,1340.89001465
2001-02-08,1332.53002930
2001-02-09,1314.76000977
2001-02-12,1330.31005859
2001-02-13,1318.80004883
2001-02-14,1315.92004395
2001-02-15,1326.60998535
2001-02-16,1301.53002930
2001-02-20,1278.93994141
2001-02-21,1255.27001953
2001-02-22,1252.81994629
2001-02-23,1245.85998535
2001-02-26,1267.65002441
2001-02-27,1257.93994141
2001-02-28,1239.93994141
2001-03-01,1241.22998047
2001-03-02,1234.18005371
2001-03-05,1241.41003418
2001-03-06,1253.80004883
2001-03-07,1261.89001465
2001-03-08,1264.73999023
2001-03-09,1233.42004395
2001-03-12,1180.16003418
2001-03-13,1197.66003418
2001-03-14,1166.70996094
2001-03-15,1173.56005859
2001-03-16,1150.53002930
2001-03-19,1170.81005859
2001-03-20,1142.61999512
2001-03-21,1122.14001465
2001-03-22,1117.57995605
2001-03-23,1139.82995605
2001-03-26,1152.68994141
2001-03-27,1182.17004395
2001-03-28,1153.29003906
2001-03-29,1147.94995117
2001-03-30,1160.32995605
2001-04-02,1145.86999512
2001-04-03,1106.45996094
2001-04-04,1103.25000000
2001-04-05,1151.43994141
2001-04-06,1128.43005371
2001-04-09,1137.58996582
2001-04-10,1168.38000488
2001-04-11,1165.89001465
2001-04-12,1183.50000000
2001-04-16,1179.68005371
2001-04-17,1191.81005859
2001-04-18,1238.16003418
2001-04-19,1253.68994141
2001-04-20,1242.97998047
2001-04-23,1224.35998535
2001-04-24,1209.46997070
2001-04-25,1228.75000000
2001-04-26,1234.52001953
2001-04-27,1253.05004883
2001-04-30,1249.45996094
2001-05-01,1266.43994141
2001-05-02,1267.43005371
2001-05-03,1248.57995605
2001-05-04,1266.60998535
2001-05-07,1263.51000977
2001-05-08,1261.19995117
2001-05-09,1255.54003906
2001-05-10,1255.18005371
2001-05-11,1245.67004395
2001-05-14,1248.92004395
2001-05-15,1249.43994141
2001-05-16,1284.98999023
2001-05-17,1288.48999023
2001-05-18,1291.95996094
2001-05-21,1312.82995605
2001-05-22,1309.38000488
2001-05-23,1289.05004883
2001-05-24,1293.17004395
2001-05-25,1277.89001465
2001-05-29,1267.93005371
2001-05-30,1248.07995605
2001-05-31,1255.81994629
2001-06-01,1260.67004395
2001-06-04,1267.10998535
2001-06-05,1283.56994629
2001-06-06,1270.03002930
2001-06-07,1276.95996094
2001-06-08,1264.95996094
2001-06-11,1254.39001465
2001-06-12,1255.84997559
2001-06-13,1241.59997559
2001-06-14,1219.86999512
2001-06-15,1214.35998535
2001-06-18,1208.43005371
2001-06-19,1212.57995605
2001-06-20,1223.14001465
2001-06-21,1237.04003906
2001-06-22,1225.34997559
2001-06-25,1218.59997559
2001-06-26,1216.76000977
2001-06-27,1211.06994629
2001-06-28,1226.19995117
2001-06-29,1224.38000488
2001-07-02,1236.71997070
2001-07-03,1234.44995117
2001-07-05,1219.23999023
2001-07-06,1190.58996582
2001-07-09,1198.78002930
2001-07-10,1181.52001953
2001-07-11,1180.18005371
2001-07-12,1208.14001465
2001-07-13,1215.68005371
2001-07-16,1202.44995117
2001-07-17,1214.43994141
2001-07-18,1207.70996094
2001-07-19,1215.02001953
2001-07-20,1210.84997559
2001-07-23,1191.03002930
2001-07-24,1171.65002441
2001-07-25,1190.48999023
2001-07-26,1202.93005371
2001-07-27,1205.81994629
2001-07-30,1204.52001953
2001-07-31,1211.22998047
2001-08-01,1215.93005371
2001-08-02,1220.75000000
2001-08-03,1214.34997559
2001-08-06,1200.47998047
2001-08-07,1204.40002441
2001-08-08,1183.53002930
2001-08-09,1183.43005371
2001-08-10,1190.16003418
2001-08-13,1191.29003906
2001-08-14,1186.72998047
2001-08-15,1178.02001953
2001-08-16,1181.66003418
2001-08-17,1161.96997070
2001-08-20,1171.41003418
2001-08-21,1157.26000977
2001-08-22,1165.31005859
2001-08-23,1162.08996582
2001-08-24,1184.93005371
2001-08-27,1179.20996094
2001-08-28,1161.51000977
2001-08-29,1148.56005859
2001-08-30,1129.03002930
2001-08-31,1133.57995605
2001-09-04,1132.93994141
2001-09-05,1131.73999023
2001-09-06,1106.40002441
2001-09-07,1085.78002930
2001-09-10,1092.54003906
2001-09-17,1038.77001953
2001-09-18,1032.73999023
2001-09-19,1016.09997559
2001-09-20,984.53997803
2001-09-21,965.79998779
2001-09-24,1003.45001221
2001-09-25,1012.27001953
2001-09-26,1007.03997803
2001-09-27,1018.60998535
2001-09-28,1040.93994141
2001-10-01,1038.55004883
2001-10-02,1051.32995605
2001-10-03,1072.28002930
2001-10-04,1069.63000488
2001-10-05,1071.38000488
2001-10-08,1062.43994141
2001-10-09,1056.75000000
2001-10-10,1080.98999023
2001-10-11,1097.43005371
2001-10-12,1091.65002441
2001-10-15,1089.97998047
2001-10-16,1097.54003906
2001-10-17,1077.08996582
2001-10-18,1068.60998535
2001-10-19,1073.47998047
2001-10-22,1089.90002441
2001-10-23,1084.78002930
2001-10-24,1085.19995117
2001-10-25,1100.08996582
2001-10-26,1104.60998535
2001-10-29,1078.30004883
2001-10-30,1059.79003906
2001-10-31,1059.78002930
2001-11-01,1084.09997559
2001-11-02,1087.19995117
2001-11-05,1102.83996582
2001-11-06,1118.85998535
2001-11-07,1115.80004883
2001-11-08,1118.54003906
2001-11-09,1120.31005859
2001-11-12,1118.32995605
2001-11-13,1139.08996582
2001-11-14,1141.20996094
2001-11-15,1142.23999023
2001-11-16,1138.65002441
2001-11-19,1151.06005859
2001-11-20,1142.66003418
2001-11-21,1137.03002930
2001-11-23,1150.33996582
2001-11-26,1157.42004395
2001-11-27,1149.50000000
2001-11-28,1128.52001953
2001-11-29,1140.19995117
2001-11-30,1139.44995117
2001-12-03,1129.90002441
2001-12-04,1144.80004883
2001-12-05,1170.34997559
2001-12-06,1167.09997559
2001-12-07,1158.31005859
2001-12-10,1139.93005371
2001-12-11,1136.76000977
2001-12-12,1137.06994629
2001-12-13,1119.38000488
2001-12-14,1123.08996582
2001-12-17,1134.35998535
2001-12-18,1142.92004395
2001-12-19,1149.56005859
2001-12-20,1139.93005371
2001-12-21,1144.89001465
2001-12-24,1144.65002441
2001-12-26,1149.36999512
2001-12-27,1157.13000488
2001-12-28,1161.02001953
2001-12-31,1148.07995605
2002-01-02,1154.67004395
2002-01-03,1165.27001953
2002-01-04,1172.51000977
2002-01-07,1164.89001465
2002-01-08,1160.70996094
2002-01-09,1155.14001465
2002-01-10,1156.55004883
2002-01-11,1145.59997559
2002-01-14,1138.41003418
2002-01-15,1146.18994141
2002-01-16,1127.56994629
2002-01-17,1138.88000488
2002-01-18,1127.57995605
2002-01-22,1119.31005859
2002-01-23,1128.18005371
2002-01-24,1132.15002441
2002-01-25,1133.28002930
2002-01-28,1133.06005859
2002-01-29,1100.64001465
2002-01-30,1113.56994629
2002-01-31,1130.19995117
2002-02-01,1122.19995117
2002-02-04,1094.43994141
2002-02-05,1090.02001953
2002-02-06,1083.51000977
2002-02-07,1080.17004395
2002-02-08,1096.21997070
2002-02-11,1111.93994141
2002-02-12,1107.50000000
2002-02-13,1118.51000977
2002-02-14,1116.47998047
2002-02-15,1104.18005371
2002-02-19,1083.33996582
2002-02-20,1097.97998047
2002-02-21,1080.94995117
2002-02-22,1089.83996582
2002-02-25,1109.43005371
2002-02-26,1109.38000488
2002-02-27,1109.89001465
2002-02-28,1106.72998047
2002-03-01,1131.78002930
2002-03-04,1153.83996582
2002-03-05,1146.14001465
2002-03-06,1162.77001953
2002-03-07,1157.54003906
2002-03-08,1164.31005859
2002-03-11,1168.26000977
2002-03-12,1165.57995605
2002-03-13,1154.08996582
2002-03-14,1153.04003906
2002-03-15,1166.16003418
2002-03-18,1165.55004883
2002-03-19,1170.29003906
2002-03-20,1151.84997559
2002-03-21,1153.58996582
2002-03-22,1148.69995117
2002-03-25,1131.86999512
2002-03-26,1138.48999023
2002-03-27,1144.57995605
2002-03-28,1147.39001465
2002-04-01,1146.54003906
2002-04-02,1136.76000977
2002-04-03,1125.40002441
2002-04-04,1126.33996582
2002-04-05,1122.72998047
2002-04-08,1125.29003906
2002-04-09,1117.80004883
2002-04-10,1130.46997070
2002-04-11,1103.68994141
2002-04-12,1111.01000977
2002-04-15,1102.55004883
2002-04-16,1128.36999512
2002-04-17,1126.06994629
2002-04-18,1124.46997070
2002-04-19,1125.17004395
2002-04-22,1107.82995605
2002-04-23,1100.95996094
2002-04-24,1093.14001465
2002-04-25,1091.47998047
2002-04-26,1076.31994629
2002-04-29,1065.44995117
2002-04-30,1076.92004395
2002-05-01,1086.45996094
2002-05-02,1084.56005859
2002-05-03,1073.43005371
2002-05-06,1052.67004395
2002-05-07,1049.48999023
2002-05-08,1088.84997559
2002-05-09,1073.01000977
2002-05-10,1054.98999023
2002-05-13,1074.56005859
2002-05-14,1097.28002930
2002-05-15,1091.06994629
2002-05-16,1098.22998047
2002-05-17,1106.58996582
2002-05-20,1091.88000488
2002-05-21,1079.88000488
2002-05-22,1086.02001953
2002-05-23,1097.07995605
2002-05-24,1083.81994629
2002-05-28,1074.55004883
2002-05-29,1067.66003418
2002-05-30,1064.66003418
2002-05-31,1067.14001465
2002-06-03,1040.68005371
2002-06-04,1040.68994141
2002-06-05,1049.90002441
2002-06-06,1029.15002441
2002-06-07,1027.53002930
2002-06-10,1030.73999023
2002-06-11,1013.59997559
2002-06-12,1020.26000977
2002-06-13,1009.55999756
2002-06-14,1007.27001953
2002-06-17,1036.17004395
2002-06-18,1037.14001465
2002-06-19,1019.98999023
2002-06-20,1006.28997803
2002-06-21,989.14001465
2002-06-24,992.71997070
2002-06-25,976.14001465
2002-06-26,973.53002930
2002-06-27,990.64001465
2002-06-28,989.82000732
2002-07-01,968.65002441
2002-07-02,948.09002686
2002-07-03,953.98999023
2002-07-05,989.03002930
2002-07-08,976.97998047
2002-07-09,952.83001709
2002-07-10,920.46997070
2002-07-11,927.36999512
2002-07-12,921.39001465
2002-07-15,917.92999268
2002-07-16,900.94000244
2002-07-17,906.03997803
2002-07-18,881.55999756
2002-07-19,847.75000000
2002-07-22,819.84997559
2002-07-23,797.70001221
2002-07-24,843.42999268
2002-07-25,838.67999268
2002-07-26,852.84002686
2002-07-29,898.96002197
2002-07-30,902.78002930
2002-07-31,911.61999512
2002-08-01,884.65997314
2002-08-02,864.23999023
2002-08-05,834.59997559
2002-08-06,859.57000732
2002-08-07,876.77001953
2002-08-08,905.46002197
2002-08-09,908.64001465
2002-08-12,903.79998779
2002-08-13,884.21002197
2002-08-14,919.61999512
2002-08-15,930.25000000
2002-08-16,928.77001953
2002-08-19,950.70001221
2002-08-20,937.42999268
2002-08-21,949.35998535
2002-08-22,962.70001221
2002-08-23,940.85998535
2002-08-26,947.95001221
2002-08-27,934.82000732
2002-08-28,917.86999512
2002-08-29,917.79998779
2002-08-30,916.07000732
2002-09-03,878.02001953
2002-09-04,893.40002441
2002-09-05,879.15002441
2002-09-06,893.91998291
2002-09-09,902.96002197
2002-09-10,909.58001709
2002-09-11,909.45001221
2002-09-12,886.90997314
2002-09-13,889.80999756
2002-09-16,891.09997559
2002-09-17,873.52001953
2002-09-18,869.46002197
2002-09-19,843.32000732
2002-09-20,845.39001465
2002-09-23,833.70001221
2002-09-24,819.28997803
2002-09-25,839.65997314
2002-09-26,854.95001221
2002-09-27,827.36999512
2002-09-30,815.28002930
2002-10-01,847.90997314
2002-10-02,827.90997314
2002-10-03,818.95001221
2002-10-04,800.58001709
2002-10-07,785.28002930
2002-10-08,798.54998779
2002-10-09,776.76000977
2002-10-10,803.91998291
2002-10-11,835.32000732
2002-10-14,841.44000244
2002-10-15,881.27001953
2002-10-16,860.02001953
2002-10-17,879.20001221
2002-10-18,884.39001465
2002-10-21,899.71997070
2002-10-22,890.15997314
2002-10-23,896.14001465
2002-10-24,882.50000000
2002-10-25,897.65002441
2002-10-28,890.22998047
2002-10-29,882.15002441
2002-10-30,890.71002197
2002-10-31,885.76000977
2002-11-01,900.96002197
2002-11-04,908.34997559
2002-11-05,915.39001465
2002-11-06,923.76000977
2002-11-07,902.65002441
2002-11-08,894.73999023
2002-11-11,876.19000244
2002-11-12,882.95001221
2002-11-13,882.53002930
2002-11-14,904.27001953
2002-11-15,909.83001709
2002-11-18,900.35998535
2002-11-19,896.73999023
2002-11-20,914.15002441
2002-11-21,933.76000977
2002-11-22,930.54998779
2002-11-25,932.86999512
2002-11-26,913.30999756
2002-11-27,938.86999512
2002-11-29,936.30999756
2002-12-02,934.53002930
2002-12-03,920.75000000
2002-12-04,917.58001709
2002-12-05,906.54998779
2002-12-06,912.22998047
2002-12-09,892.00000000
2002-12-10,904.45001221
2002-12-11,904.96002197
2002-12-12,901.58001709
2002-12-13,889.47998047
2002-12-16,910.40002441
2002-12-17,902.98999023
2002-12-18,891.11999512
2002-12-19,884.25000000
2002-12-20,895.76000977
2002-12-23,897.38000488
2002-12-24,892.46997070
2002-12-26,889.65997314
2002-12-27,875.40002441
2002-12-30,879.39001465
2002-12-31,879.82000732
2003-01-02,909.03002930
2003-01-03,908.59002686
2003-01-06,929.01000977
2003-01-07,922.92999268
2003-01-08,909.92999268
2003-01-09,927.57000732
2003-01-10,927.57000732
2003-01-13,926.26000977
2003-01-14,931.65997314
2003-01-15,918.21997070
2003-01-16,914.59997559
2003-01-17,901.78002930
2003-01-21,887.61999512
2003-01-22,878.35998535
2003-01-23,887.34002686
2003-01-24,861.40002441
2003-01-27,847.47998047
2003-01-28,858.53997803
2003-01-29,864.35998535
2003-01-30,844.60998535
2003-01-31,855.70001221
2003-02-03,860.32000732
2003-02-04,848.20001221
2003-02-05,843.59002686
2003-02-06,838.15002441
2003-02-07,829.69000244
2003-02-10,835.96997070
2003-02-11,829.20001221
2003-02-12,818.67999268
2003-02-13,817.36999512
2003-02-14,834.89001465
2003-02-18,851.16998291
2003-02-19,845.13000488
2003-02-20,837.09997559
2003-02-21,848.16998291
2003-02-24,832.58001709
2003-02-25,838.57000732
2003-02-26,827.54998779
2003-02-27,837.28002930
2003-02-28,841.15002441
2003-03-03,834.80999756
2003-03-04,821.98999023
2003-03-05,829.84997559
2003-03-06,822.09997559
2003-03-07,828.89001465
2003-03-10,807.47998047
2003-03-11,800.72998047
2003-03-12,804.19000244
2003-03-13,831.90002441
2003-03-14,833.27001953
2003-03-17,862.78997803
2003-03-18,866.45001221
2003-03-19,874.02001953
2003-03-20,875.66998291
2003-03-21,895.78997803
2003-03-24,864.22998047
2003-03-25,874.73999023
2003-03-26,869.95001221
2003-03-27,868.52001953
2003-03-28,863.50000000
2003-03-31,848.17999268
2003-04-01,858.47998047
2003-04-02,880.90002441
2003-04-03,876.45001221
2003-04-04,878.84997559
2003-04-07,879.92999268
2003-04-08,878.28997803
2003-04-09,865.98999023
2003-04-10,871.58001709
2003-04-11,868.29998779
2003-04-14,885.22998047
2003-04-15,890.80999756
2003-04-16,879.90997314
2003-04-17,893.58001709
2003-04-21,892.01000977
2003-04-22,911.36999512
2003-04-23,919.02001953
2003-04-24,911.42999268
2003-04-25,898.80999756
2003-04-28,914.84002686
2003-04-29,917.84002686
2003-04-30,916.91998291
2003-05-01,916.29998779
2003-05-02,930.08001709
2003-05-05,926.54998779
2003-05-06,934.39001465
2003-05-07,929.61999512
2003-05-08,920.27001953
2003-05-09,933.40997314
2003-05-12,945.10998535
2003-05-13,942.29998779
2003-05-14,939.28002930
2003-05-15,946.66998291
2003-05-16,944.29998779
2003-05-19,920.77001953
2003-05-20,919.72998047
2003-05-21,923.41998291
2003-05-22,931.86999512
2003-05-23,933.21997070
2003-05-27,951.47998047
2003-05-28,953.21997070
2003-05-29,949.64001465
2003-05-30,963.59002686
2003-06-02,967.00000000
2003-06-03,971.55999756
2003-06-04,986.23999023
2003-06-05,990.14001465
2003-06-06,987.76000977
2003-06-09,975.92999268
2003-06-10,984.84002686
2003-06-11,997.47998047
2003-06-12,998.51000977
2003-06-13,988.60998535
2003-06-16,1010.73999023
2003-06-17,1011.65997314
2003-06-18,1010.09002686
2003-06-19,994.70001221
2003-06-20,995.69000244
2003-06-23,981.64001465
2003-06-24,983.45001221
2003-06-25,975.32000732
2003-06-26,985.82000732
2003-06-27,976.21997070
2003-06-30,974.50000000
2003-07-01,982.32000732
2003-07-02,993.75000000
2003-07-03,985.70001221
2003-07-07,1004.41998291
2003-07-08,1007.84002686
2003-07-09,1002.21002197
2003-07-10,988.70001221
2003-07-11,998.14001465
2003-07-14,1003.85998535
2003-07-15,1000.41998291
2003-07-16,994.09002686
2003-07-17,981.72998047
2003-07-18,993.32000732
2003-07-21,978.79998779
2003-07-22,988.10998535
2003-07-23,988.60998535
2003-07-24,981.59997559
2003-07-25,998.67999268
2003-07-28,996.52001953
2003-07-29,989.28002930
2003-07-30,987.48999023
2003-07-31,990.30999756
2003-08-01,980.15002441
2003-08-04,982.82000732
2003-08-05,965.46002197
2003-08-06,967.08001709
2003-08-07,974.11999512
2003-08-08,977.59002686
2003-08-11,980.59002686
2003-08-12,990.34997559
2003-08-13,984.03002930
2003-08-14,990.51000977
2003-08-15,990.66998291
2003-08-18,999.73999023
2003-08-19,1002.34997559
2003-08-20,1000.29998779
2003-08-21,1003.27001953
2003-08-22,993.05999756
2003-08-25,993.71002197
2003-08-26,996.72998047
2003-08-27,996.78997803
2003-08-28,1002.84002686
2003-08-29,1008.01000977
2003-09-02,1021.98999023
2003-09-03,1026.27001953
2003-09-04,1027.96997070
2003-09-05,1021.39001465
2003-09-08,1031.64001465
2003-09-09,1023.16998291
2003-09-10,1010.91998291
2003-09-11,1016.41998291
2003-09-12,1018.63000488
2003-09-15,1014.80999756
2003-09-16,1029.31994629
2003-09-17,1025.96997070
2003-09-18,1039.57995605
2003-09-19,1036.30004883
2003-09-22,1022.82000732
2003-09-23,1029.03002930
2003-09-24,1009.38000488
2003-09-25,1003.27001953
2003-09-26,996.84997559
2003-09-29,1006.58001709
2003-09-30,995.96997070
2003-10-01,1018.21997070
2003-10-02,1020.23999023
2003-10-03,1029.84997559
2003-10-06,1034.34997559
2003-10-07,1039.25000000
2003-10-08,1033.78002930
2003-10-09,1038.72998047
2003-10-10,1038.06005859
2003-10-13,1045.34997559
2003-10-14,1049.47998047
2003-10-15,1046.76000977
2003-10-16,1050.06994629
2003-10-17,1039.31994629
2003-10-20,1044.68005371
2003-10-21,1046.03002930
2003-10-22,1030.35998535
2003-10-23,1033.77001953
2003-10-24,1028.91003418
2003-10-27,1031.13000488
2003-10-28,1046.79003906
2003-10-29,1048.10998535
2003-10-30,1046.93994141
2003-10-31,1050.70996094
2003-11-03,1059.02001953
2003-11-04,1053.25000000
2003-11-05,1051.81005859
2003-11-06,1058.05004883
2003-11-07,1053.20996094
2003-11-10,1047.10998535
2003-11-11,1046.56994629
2003-11-12,1058.53002930
2003-11-13,1058.41003418
2003-11-14,1050.34997559
2003-11-17,1043.63000488
2003-11-18,1034.15002441
2003-11-19,1042.43994141
2003-11-20,1033.65002441
2003-11-21,1035.28002930
2003-11-24,1052.07995605
2003-11-25,1053.89001465
2003-11-26,1058.44995117
2003-11-28,1058.19995117
2003-12-01,1070.11999512
2003-12-02,1066.61999512
2003-12-03,1064.72998047
2003-12-04,1069.71997070
2003-12-05,1061.50000000
2003-12-08,1069.30004883
2003-12-09,1060.18005371
2003-12-10,1059.05004883
2003-12-11,1071.20996094
2003-12-12,1074.14001465
2003-12-15,1068.04003906
2003-12-16,1075.13000488
2003-12-17,1076.47998047
2003-12-18,1089.18005371
2003-12-19,1088.66003418
2003-12-22,1092.93994141
2003-12-23,1096.02001953
2003-12-24,1094.04003906
2003-12-26,1095.89001465
2003-12-29,1109.47998047
2003-12-30,1109.64001465
2003-12-31,1111.92004395
2004-01-02,1108.47998047
2004-01-05,1122.21997070
2004-01-06,1123.67004395
2004-01-07,1126.32995605
2004-01-08,1131.92004395
2004-01-09,1121.85998535
2004-01-12,1127.22998047
2004-01-13,1121.21997070
2004-01-14,1130.52001953
2004-01-15,1132.05004883
2004-01-16,1139.82995605
2004-01-20,1138.77001953
2004-01-21,1147.61999512
2004-01-22,1143.93994141
2004-01-23,1141.55004883
2004-01-26,1155.36999512
2004-01-27,1144.05004883
2004-01-28,1128.47998047
2004-01-29,1134.10998535
2004-01-30,1131.13000488
2004-02-02,1135.26000977
2004-02-03,1136.03002930
2004-02-04,1126.52001953
2004-02-05,1128.58996582
2004-02-06,1142.76000977
2004-02-09,1139.81005859
2004-02-10,1145.54003906
2004-02-11,1157.76000977
2004-02-12,1152.10998535
2004-02-13,1145.81005859
2004-02-17,1156.98999023
2004-02-18,1151.81994629
2004-02-19,1147.06005859
2004-02-20,1144.10998535
2004-02-23,1140.98999023
2004-02-24,1139.08996582
2004-02-25,1143.67004395
2004-02-26,1144.91003418
2004-02-27,1144.93994141
2004-03-01,1155.96997070
2004-03-02,1149.09997559
2004-03-03,1151.03002930
2004-03-04,1154.86999512
2004-03-05,1156.85998535
2004-03-08,1147.19995117
2004-03-09,1140.57995605
2004-03-10,1123.89001465
2004-03-11,1106.78002930
2004-03-12,1120.56994629
2004-03-15,1104.48999023
2004-03-16,1110.69995117
2004-03-17,1123.75000000
2004-03-18,1122.31994629
2004-03-19,1109.78002930
2004-03-22,1095.40002441
2004-03-23,1093.94995117
2004-03-24,1091.32995605
2004-03-25,1109.18994141
2004-03-26,1108.06005859
2004-03-29,1122.46997070
2004-03-30,1127.00000000
2004-03-31,1126.20996094
2004-04-01,1132.17004395
2004-04-02,1141.81005859
2004-04-05,1150.56994629
2004-04-06,1148.16003418
2004-04-07,1140.53002930
2004-04-08,1139.31994629
2004-04-12,1145.19995117
2004-04-13,1129.43994141
2004-04-14,1128.17004395
2004-04-15,1128.83996582
2004-04-16,1134.60998535
2004-04-19,1135.81994629
2004-04-20,1118.15002441
2004-04-21,1124.08996582
2004-04-22,1139.93005371
2004-04-23,1140.59997559
2004-04-26,1135.53002930
2004-04-27,1138.10998535
2004-04-28,1122.41003418
2004-04-29,1113.89001465
2004-04-30,1107.30004883
2004-05-03,1117.48999023
2004-05-04,1119.55004883
2004-05-05,1121.53002930
2004-05-06,1113.98999023
2004-05-07,1098.69995117
2004-05-10,1087.11999512
2004-05-11,1095.44995117
2004-05-12,1097.28002930
2004-05-13,1096.43994141
2004-05-14,1095.69995117
2004-05-17,1084.09997559
2004-05-18,1091.48999023
2004-05-19,1088.68005371
2004-05-20,1089.18994141
2004-05-21,1093.56005859
2004-05-24,1095.41003418
2004-05-25,1113.05004883
2004-05-26,1114.93994141
2004-05-27,1121.28002930
2004-05-28,1120.68005371
2004-06-01,1121.19995117
2004-06-02,1124.98999023
2004-06-03,1116.64001465
2004-06-04,1122.50000000
2004-06-07,1140.42004395
2004-06-08,1142.18005371
2004-06-09,1131.32995605
2004-06-10,1136.46997070
2004-06-14,1125.29003906
2004-06-15,1132.01000977
2004-06-16,1133.56005859
2004-06-17,1132.05004883
2004-06-18,1135.02001953
2004-06-21,1130.30004883
2004-06-22,1134.41003418
2004-06-23,1144.06005859
2004-06-24,1140.65002441
2004-06-25,1134.43005371
2004-06-28,1133.34997559
2004-06-29,1136.19995117
2004-06-30,1140.83996582
2004-07-01,1128.93994141
2004-07-02,1125.38000488
2004-07-06,1116.20996094
2004-07-07,1118.32995605
2004-07-08,1109.10998535
2004-07-09,1112.81005859
2004-07-12,1114.34997559
2004-07-13,1115.14001465
2004-07-14,1111.46997070
2004-07-15,1106.68994141
2004-07-16,1101.39001465
2004-07-19,1100.90002441
2004-07-20,1108.67004395
2004-07-21,1093.88000488
2004-07-22,1096.83996582
2004-07-23,1086.19995117
2004-07-26,1084.06994629
2004-07-27,1094.82995605
2004-07-28,1095.42004395
2004-07-29,1100.43005371
2004-07-30,1101.71997070
2004-08-02,1106.61999512
2004-08-03,1099.68994141
2004-08-04,1098.63000488
2004-08-05,1080.69995117
2004-08-06,1063.96997070
2004-08-09,1065.21997070
2004-08-10,1079.04003906
2004-08-11,1075.79003906
2004-08-12,1063.22998047
2004-08-13,1064.80004883
2004-08-16,1079.33996582
2004-08-17,1081.70996094
2004-08-18,1095.17004395
2004-08-19,1091.22998047
2004-08-20,1098.34997559
2004-08-23,1095.68005371
2004-08-24,1096.18994141
2004-08-25,1104.95996094
2004-08-26,1105.08996582
2004-08-27,1107.77001953
2004-08-30,1099.15002441
2004-08-31,1104.23999023
2004-09-01,1105.91003418
2004-09-02,1118.31005859
2004-09-03,1113.63000488
2004-09-07,1121.30004883
2004-09-08,1116.27001953
2004-09-09,1118.38000488
2004-09-10,1123.92004395
2004-09-13,1125.81994629
2004-09-14,1128.32995605
2004-09-15,1120.36999512
2004-09-16,1123.50000000
2004-09-17,1128.55004883
2004-09-20,1122.19995117
2004-09-21,1129.30004883
2004-09-22,1113.56005859
2004-09-23,1108.35998535
2004-09-24,1110.10998535
2004-09-27,1103.52001953
2004-09-28,1110.06005859
2004-09-29,1114.80004883
2004-09-30,1114.57995605
2004-10-01,1131.50000000
2004-10-04,1135.17004395
2004-10-05,1134.47998047
2004-10-06,1142.05004883
2004-10-07,1130.65002441
2004-10-08,1122.14001465
2004-10-11,1124.39001465
2004-10-12,1121.83996582
2004-10-13,1113.65002441
2004-10-14,1103.29003906
2004-10-15,1108.19995117
2004-10-18,1114.02001953
2004-10-19,1103.22998047
2004-10-20,1103.66003418
2004-10-21,1106.48999023
2004-10-22,1095.73999023
2004-10-25,1094.80004883
2004-10-26,1111.08996582
2004-10-27,1125.40002441
2004-10-28,1127.43994141
2004-10-29,1130.19995117
2004-11-01,1130.51000977
2004-11-02,1130.56005859
2004-11-03,1143.19995117
2004-11-04,1161.67004395
2004-11-05,1166.17004395
2004-11-08,1164.89001465
2004-11-09,1164.07995605
2004-11-10,1162.91003418
2004-11-11,1173.47998047
2004-11-12,1184.17004395
2004-11-15,1183.81005859
2004-11-16,1175.43005371
2004-11-17,1181.93994141
2004-11-18,1183.55004883
2004-11-19,1170.33996582
2004-11-22,1177.23999023
2004-11-23,1176.93994141
2004-11-24,1181.76000977
2004-11-26,1182.65002441
2004-11-29,1178.56994629
2004-11-30,1173.81994629
2004-12-01,1191.36999512
2004-12-02,1190.32995605
2004-12-03,1191.17004395
2004-12-06,1190.25000000
2004-12-07,1177.06994629
2004-12-08,1182.81005859
2004-12-09,1189.23999023
2004-12-10,1188.00000000
2004-12-13,1198.68005371
2004-12-14,1203.38000488
2004-12-15,1205.71997070
2004-12-16,1203.20996094
2004-12-17,1194.19995117
2004-12-20,1194.65002441
2004-12-21,1205.44995117
2004-12-22,1209.56994629
2004-12-23,1210.13000488
2004-12-27,1204.92004395
2004-12-28,1213.54003906
2004-12-29,1213.44995117
2004-12-30,1213.55004883
2004-12-31,1211.92004395
2005-01-03,1202.07995605
2005-01-04,1188.05004883
2005-01-05,1183.73999023
2005-01-06,1187.89001465
2005-01-07,1186.18994141
2005-01-10,1190.25000000
2005-01-11,1182.98999023
2005-01-12,1187.69995117
2005-01-13,1177.44995117
2005-01-14,1184.52001953
2005-01-18,1195.97998047
2005-01-19,1184.63000488
2005-01-20,1175.41003418
2005-01-21,1167.86999512
2005-01-24,1163.75000000
2005-01-25,1168.41003418
2005-01-26,1174.06994629
2005-01-27,1174.55004883
2005-01-28,1171.35998535
2005-01-31,1181.27001953
2005-02-01,1189.41003418
2005-02-02,1193.18994141
2005-02-03,1189.89001465
2005-02-04,1203.03002930
2005-02-07,1201.71997070
2005-02-08,1202.30004883
2005-02-09,1191.98999023
2005-02-10,1197.01000977
2005-02-11,1205.30004883
2005-02-14,1206.14001465
2005-02-15,1210.11999512
2005-02-16,1210.33996582
2005-02-17,1200.75000000
2005-02-18,1201.58996582
2005-02-22,1184.16003418
2005-02-23,1190.80004883
2005-02-24,1200.19995117
2005-02-25,1211.36999512
2005-02-28,1203.59997559
2005-03-01,1210.41003418
2005-03-02,1210.07995605
2005-03-03,1210.46997070
2005-03-04,1222.11999512
2005-03-07,1225.31005859
2005-03-08,1219.43005371
2005-03-09,1207.01000977
2005-03-10,1209.25000000
2005-03-11,1200.07995605
2005-03-14,1206.82995605
2005-03-15,1197.75000000
2005-03-16,1188.06994629
2005-03-17,1190.20996094
2005-03-18,1189.65002441
2005-03-21,1183.78002930
2005-03-22,1171.70996094
2005-03-23,1172.53002930
2005-03-24,1171.42004395
2005-03-28,1174.28002930
2005-03-29,1165.35998535
2005-03-30,1181.41003418
2005-03-31,1180.58996582
2005-04-01,1172.92004395
2005-04-04,1176.11999512
2005-04-05,1181.39001465
2005-04-06,1184.06994629
2005-04-07,1191.14001465
2005-04-08,1181.19995117
2005-04-11,1181.20996094
2005-04-12,1187.76000977
2005-04-13,1173.79003906
2005-04-14,1162.05004883
2005-04-15,1142.61999512
2005-04-18,1145.97998047
2005-04-19,1152.78002930
2005-04-20,1137.50000000
2005-04-21,1159.94995117
2005-04-22,1152.11999512
2005-04-25,1162.09997559
2005-04-26,1151.82995605
2005-04-27,1156.38000488
2005-04-28,1143.21997070
2005-04-29,1156.84997559
2005-05-02,1162.16003418
2005-05-03,1161.17004395
2005-05-04,1175.65002441
2005-05-05,1172.63000488
2005-05-06,1171.34997559
2005-05-09,1178.83996582
2005-05-10,1166.21997070
2005-05-11,1171.10998535
2005-05-12,1159.35998535
2005-05-13,1154.05004883
2005-05-16,1165.68994141
2005-05-17,1173.80004883
2005-05-18,1185.56005859
2005-05-19,1191.07995605
2005-05-20,1189.28002930
2005-05-23,1193.85998535
2005-05-24,1194.06994629
2005-05-25,1190.01000977
2005-05-26,1197.61999512
2005-05-27,1198.78002930
2005-05-31,1191.50000000
2005-06-01,1202.21997070
2005-06-02,1204.29003906
2005-06-03,1196.02001953
2005-06-06,1197.51000977
2005-06-07,1197.26000977
2005-06-08,1194.67004395
2005-06-09,1200.93005371
2005-06-10,1198.10998535
2005-06-13,1200.81994629
2005-06-14,1203.91003418
2005-06-15,1206.57995605
2005-06-16,1210.95996094
2005-06-17,1216.95996094
2005-06-20,1216.09997559
2005-06-21,1213.60998535
2005-06-22,1213.88000488
2005-06-23,1200.72998047
2005-06-24,1191.56994629
2005-06-27,1190.68994141
2005-06-28,1201.56994629
2005-06-29,1199.84997559
2005-06-30,1191.32995605
2005-07-01,1194.43994141
2005-07-05,1204.98999023
2005-07-06,1194.93994141
2005-07-07,1197.86999512
2005-07-08,1211.85998535
2005-07-11,1219.43994141
2005-07-12,1222.20996094
2005-07-13,1223.29003906
2005-07-14,1226.50000000
2005-07-15,1227.92004395
2005-07-18,1221.13000488
2005-07-19,1229.34997559
2005-07-20,1235.19995117
2005-07-21,1227.04003906
2005-07-22,1233.68005371
2005-07-25,1229.03002930
2005-07-26,1231.16003418
2005-07-27,1236.79003906
2005-07-28,1243.71997070
2005-07-29,1234.18005371
2005-08-01,1235.34997559
2005-08-02,1244.11999512
2005-08-03,1245.04003906
2005-08-04,1235.85998535
2005-08-05,1226.42004395
2005-08-08,1223.13000488
2005-08-09,1231.38000488
2005-08-10,1229.13000488
2005-08-11,1237.81005859
2005-08-12,1230.39001465
2005-08-15,1233.86999512
2005-08-16,1219.33996582
2005-08-17,1220.23999023
2005-08-18,1219.02001953
2005-08-19,1219.70996094
2005-08-22,1221.72998047
2005-08-23,1217.58996582
2005-08-24,1209.58996582
2005-08-25,1212.36999512
2005-08-26,1205.09997559
2005-08-29,1212.28002930
2005-08-30,1208.41003418
2005-08-31,1220.32995605
2005-09-01,1221.58996582
2005-09-02,1218.02001953
2005-09-06,1233.39001465
2005-09-07,1236.35998535
2005-09-08,1231.67004395
2005-09-09,1241.47998047
2005-09-12,1240.56005859
2005-09-13,1231.19995117
2005-09-14,1227.16003418
2005-09-15,1227.72998047
2005-09-16,1237.91003418
2005-09-19,1231.02001953
2005-09-20,1221.33996582
2005-09-21,1210.19995117
2005-09-22,1214.61999512
2005-09-23,1215.29003906
2005-09-26,1215.63000488
2005-09-27,1215.66003418
2005-09-28,1216.89001465
2005-09-29,1227.68005371
2005-09-30,1228.81005859
2005-10-03,1226.69995117
2005-10-04,1214.46997070
2005-10-05,1196.39001465
2005-10-06,1191.48999023
2005-10-07,1195.90002441
2005-10-10,1187.32995605
2005-10-11,1184.86999512
2005-10-12,1177.68005371
2005-10-13,1176.83996582
2005-10-14,1186.56994629
2005-10-17,1190.09997559
2005-10-18,1178.14001465
2005-10-19,1195.76000977
2005-10-20,1177.80004883
2005-10-21,1179.58996582
2005-10-24,1199.38000488
2005-10-25,1196.54003906
2005-10-26,1191.38000488
2005-10-27,1178.90002441
2005-10-28,1198.41003418
2005-10-31,1207.01000977
2005-11-01,1202.76000977
2005-11-02,1214.76000977
2005-11-03,1219.93994141
2005-11-04,1220.14001465
2005-11-07,1222.81005859
2005-11-08,1218.58996582
2005-11-09,1220.65002441
2005-11-10,1230.95996094
2005-11-11,1234.71997070
2005-11-14,1233.76000977
2005-11-15,1229.01000977
2005-11-16,1231.20996094
2005-11-17,1242.80004883
2005-11-18,1248.27001953
2005-11-21,1254.84997559
2005-11-22,1261.22998047
2005-11-23,1265.60998535
2005-11-25,1268.25000000
2005-11-28,1257.45996094
2005-11-29,1257.47998047
2005-11-30,1249.47998047
2005-12-01,1264.67004395
2005-12-02,1265.07995605
2005-12-05,1262.08996582
2005-12-06,1263.69995117
2005-12-07,1257.36999512
2005-12-08,1255.83996582
2005-12-09,1259.36999512
2005-12-12,1260.43005371
2005-12-13,1267.43005371
2005-12-14,1272.73999023
2005-12-15,1270.93994141
2005-12-16,1267.31994629
2005-12-19,1259.92004395
2005-12-20,1259.61999512
2005-12-21,1262.79003906
2005-12-22,1268.11999512
2005-12-23,1268.66003418
2005-12-27,1256.54003906
2005-12-28,1258.17004395
2005-12-29,1254.42004395
2005-12-30,1248.29003906
2006-01-03,1268.80004883
2006-01-04,1273.45996094
2006-01-05,1273.47998047
2006-01-06,1285.44995117
2006-01-09,1290.15002441
2006-01-10,1289.68994141
2006-01-11,1294.18005371
2006-01-12,1286.06005859
2006-01-13,1287.60998535
2006-01-17,1282.93005371
2006-01-18,1277.93005371
2006-01-19,1285.04003906
2006-01-20,1261.48999023
2006-01-23,1263.81994629
2006-01-24,1266.85998535
2006-01-25,1264.68005371
2006-01-26,1273.82995605
2006-01-27,1283.71997070
2006-01-30,1285.18994141
2006-01-31,1280.07995605
2006-02-01,1282.45996094
2006-02-02,1270.83996582
2006-02-03,1264.03002930
2006-02-06,1265.02001953
2006-02-07,1254.78002930
2006-02-08,1265.65002441
2006-02-09,1263.78002930
2006-02-10,1266.98999023
2006-02-13,1262.85998535
2006-02-14,1275.53002930
2006-02-15,1280.00000000
2006-02-16,1289.38000488
2006-02-17,1287.23999023
2006-02-21,1283.03002930
2006-02-22,1292.67004395
2006-02-23,1287.79003906
2006-02-24,1289.43005371
2006-02-27,1294.11999512
2006-02-28,1280.66003418
2006-03-01,1291.23999023
2006-03-02,1289.14001465
2006-03-03,1287.22998047
2006-03-06,1278.26000977
2006-03-07,1275.88000488
2006-03-08,1278.46997070
2006-03-09,1272.22998047
2006-03-10,1281.42004395
2006-03-13,1284.13000488
2006-03-14,1297.47998047
2006-03-15,1303.02001953
2006-03-16,1305.32995605
2006-03-17,1307.25000000
2006-03-20,1305.07995605
2006-03-21,1297.22998047
2006-03-22,1305.04003906
2006-03-23,1301.67004395
2006-03-24,1302.94995117
2006-03-27,1301.60998535
2006-03-28,1293.22998047
2006-03-29,1302.89001465
2006-03-30,1300.25000000
2006-03-31,1294.86999512
2006-04-03,1297.81005859
2006-04-04,1305.93005371
2006-04-05,1311.56005859
2006-04-06,1309.04003906
2006-04-07,1295.50000000
2006-04-10,1296.61999512
2006-04-11,1286.56994629
2006-04-12,1288.11999512
2006-04-13,1289.11999512
2006-04-17,1285.32995605
2006-04-18,1307.28002930
2006-04-19,1309.93005371
2006-04-20,1311.45996094
2006-04-21,1311.28002930
2006-04-24,1308.10998535
2006-04-25,1301.73999023
2006-04-26,1305.41003418
2006-04-27,1309.71997070
2006-04-28,1310.60998535
2006-05-01,1305.18994141
2006-05-02,1313.20996094
2006-05-03,1308.11999512
2006-05-04,1312.25000000
2006-05-05,1325.76000977
2006-05-08,1324.66003418
2006-05-09,1325.14001465
2006-05-10,1322.84997559
2006-05-11,1305.92004395
2006-05-12,1291.23999023
2006-05-15,1294.50000000
2006-05-16,1292.07995605
2006-05-17,1270.31994629
2006-05-18,1261.81005859
2006-05-19,1267.03002930
2006-05-22,1262.06994629
2006-05-23,1256.57995605
2006-05-24,1258.56994629
2006-05-25,1272.88000488
2006-05-26,1280.16003418
2006-05-30,1259.86999512
2006-05-31,1270.08996582
2006-06-01,1285.70996094
2006-06-02,1288.21997070
2006-06-05,1265.29003906
2006-06-06,1263.84997559
2006-06-07,1256.15002441
2006-06-08,1257.93005371
2006-06-09,1252.30004883
2006-06-12,1237.43994141
2006-06-13,1223.68994141
2006-06-14,1230.04003906
2006-06-15,1256.16003418
2006-06-16,1251.54003906
2006-06-19,1240.13000488
2006-06-20,1240.11999512
2006-06-21,1252.19995117
2006-06-22,1245.59997559
2006-06-23,1244.50000000
2006-06-26,1250.56005859
2006-06-27,1239.19995117
2006-06-28,1246.00000000
2006-06-29,1272.86999512
2006-06-30,1270.19995117
2006-07-03,1280.18994141
2006-07-05,1270.91003418
2006-07-06,1274.07995605
2006-07-07,1265.47998047
2006-07-10,1267.33996582
2006-07-11,1272.43005371
2006-07-12,1258.59997559
2006-07-13,1242.28002930
2006-07-14,1236.19995117
2006-07-17,1234.48999023
2006-07-18,1236.85998535
2006-07-19,1259.81005859
2006-07-20,1249.13000488
2006-07-21,1240.29003906
2006-07-24,1260.91003418
2006-07-25,1268.88000488
2006-07-26,1268.40002441
2006-07-27,1263.19995117
2006-07-28,1278.55004883
2006-07-31,1276.66003418
2006-08-01,1270.92004395
2006-08-02,1277.41003418
2006-08-03,1280.27001953
2006-08-04,1279.35998535
2006-08-07,1275.77001953
2006-08-08,1271.47998047
2006-08-09,1265.94995117
2006-08-10,1271.81005859
2006-08-11,1266.73999023
2006-08-14,1268.20996094
2006-08-15,1285.57995605
2006-08-16,1295.43005371
2006-08-17,1297.47998047
2006-08-18,1302.30004883
2006-08-21,1297.52001953
2006-08-22,1298.81994629
2006-08-23,1292.98999023
2006-08-24,1296.06005859
2006-08-25,1295.08996582
2006-08-28,1301.78002930
2006-08-29,1304.28002930
2006-08-30,1305.36999512
2006-08-31,1303.81994629
2006-09-01,1311.01000977
2006-09-05,1313.25000000
2006-09-06,1300.26000977
2006-09-07,1294.02001953
2006-09-08,1298.92004395
2006-09-11,1299.54003906
2006-09-12,1313.00000000
2006-09-13,1318.06994629
2006-09-14,1316.28002930
2006-09-15,1319.66003418
2006-09-18,1321.18005371
2006-09-19,1317.64001465
2006-09-20,1325.18005371
2006-09-21,1318.03002930
2006-09-22,1314.78002930
2006-09-25,1326.36999512
2006-09-26,1336.34997559
2006-09-27,1336.58996582
2006-09-28,1338.88000488
2006-09-29,1335.84997559
2006-10-02,1331.31994629
2006-10-03,1334.10998535
2006-10-04,1350.19995117
2006-10-05,1353.21997070
2006-10-06,1349.58996582
2006-10-09,1350.66003418
2006-10-10,1353.42004395
2006-10-11,1349.94995117
2006-10-12,1362.82995605
2006-10-13,1365.61999512
2006-10-16,1369.06005859
2006-10-17,1364.05004883
2006-10-18,1365.80004883
2006-10-19,1366.95996094
2006-10-20,1368.59997559
2006-10-23,1377.02001953
2006-10-24,1377.38000488
2006-10-25,1382.21997070
2006-10-26,1389.07995605
2006-10-27,1377.33996582
2006-10-30,1377.93005371
2006-10-31,1377.93994141
2006-11-01,1367.81005859
2006-11-02,1367.33996582
2006-11-03,1364.30004883
2006-11-06,1379.78002930
2006-11-07,1382.83996582
2006-11-08,1385.71997070
2006-11-09,1378.32995605
2006-11-10,1380.90002441
2006-11-13,1384.42004395
2006-11-14,1393.21997070
2006-11-15,1396.56994629
2006-11-16,1399.76000977
2006-11-17,1401.19995117
2006-11-20,1400.50000000
2006-11-21,1402.81005859
2006-11-22,1406.08996582
2006-11-24,1400.94995117
2006-11-27,1381.95996094
2006-11-28,1386.71997070
2006-11-29,1399.47998047
2006-11-30,1400.63000488
2006-12-01,1396.70996094
2006-12-04,1409.11999512
2006-12-05,1414.76000977
2006-12-06,1412.90002441
2006-12-07,1407.29003906
2006-12-08,1409.83996582
2006-12-11,1413.04003906
2006-12-12,1411.56005859
2006-12-13,1413.20996094
2006-12-14,1425.48999023
2006-12-15,1427.08996582
2006-12-18,1422.47998047
2006-12-19,1425.55004883
2006-12-20,1423.53002930
2006-12-21,1418.30004883
2006-12-22,1410.76000977
2006-12-26,1416.90002441
2006-12-27,1426.83996582
2006-12-28,1424.72998047
2006-12-29,1418.30004883
2007-01-03,1416.59997559
2007-01-04,1418.33996582
2007-01-05,1409.70996094
2007-01-08,1412.83996582
2007-01-09,1412.10998535
2007-01-10,1414.84997559
2007-01-11,1423.81994629
2007-01-12,1430.72998047
2007-01-16,1431.90002441
2007-01-17,1430.61999512
2007-01-18,1426.36999512
2007-01-19,1430.50000000
2007-01-22,1422.94995117
2007-01-23,1427.98999023
2007-01-24,1440.13000488
2007-01-25,1423.90002441
2007-01-26,1422.18005371
2007-01-29,1420.61999512
2007-01-30,1428.81994629
2007-01-31,1438.23999023
2007-02-01,1445.93994141
2007-02-02,1448.39001465
2007-02-05,1446.98999023
2007-02-06,1448.00000000
2007-02-07,1450.02001953
2007-02-08,1448.31005859
2007-02-09,1438.06005859
2007-02-12,1433.36999512
2007-02-13,1444.26000977
2007-02-14,1455.30004883
2007-02-15,1456.81005859
2007-02-16,1455.54003906
2007-02-20,1459.68005371
2007-02-21,1457.63000488
2007-02-22,1456.38000488
2007-02-23,1451.18994141
2007-02-26,1449.36999512
2007-02-27,1399.04003906
2007-02-28,1406.81994629
2007-03-01,1403.17004395
2007-03-02,1387.17004395
2007-03-05,1374.11999512
2007-03-06,1395.41003418
2007-03-07,1391.96997070
2007-03-08,1401.89001465
2007-03-09,1402.83996582
2007-03-12,1406.59997559
2007-03-13,1377.94995117
2007-03-14,1387.17004395
2007-03-15,1392.28002930
2007-03-16,1386.94995117
2007-03-19,1402.06005859
2007-03-20,1410.93994141
2007-03-21,1435.04003906
2007-03-22,1434.54003906
2007-03-23,1436.10998535
2007-03-26,1437.50000000
2007-03-27,1428.60998535
2007-03-28,1417.22998047
2007-03-29,1422.53002930
2007-03-30,1420.85998535
2007-04-02,1424.55004883
2007-04-03,1437.77001953
2007-04-04,1439.36999512
2007-04-05,1443.76000977
2007-04-09,1444.60998535
2007-04-10,1448.39001465
2007-04-11,1438.86999512
2007-04-12,1447.80004883
2007-04-13,1452.84997559
2007-04-16,1468.32995605
2007-04-17,1471.47998047
2007-04-18,1472.50000000
2007-04-19,1470.72998047
2007-04-20,1484.34997559
2007-04-23,1480.93005371
2007-04-24,1480.41003418
2007-04-25,1495.42004395
2007-04-26,1494.25000000
2007-04-27,1494.06994629
2007-04-30,1482.36999512
2007-05-01,1486.30004883
2007-05-02,1495.92004395
2007-05-03,1502.39001465
2007-05-04,1505.61999512
2007-05-07,1509.47998047
2007-05-08,1507.71997070
2007-05-09,1512.57995605
2007-05-10,1491.46997070
2007-05-11,1505.84997559
2007-05-14,1503.15002441
2007-05-15,1501.18994141
2007-05-16,1514.14001465
2007-05-17,1512.75000000
2007-05-18,1522.75000000
2007-05-21,1525.09997559
2007-05-22,1524.11999512
2007-05-23,1522.28002930
2007-05-24,1507.51000977
2007-05-25,1515.72998047
2007-05-29,1518.10998535
2007-05-30,1530.22998047
2007-05-31,1530.61999512
2007-06-01,1536.33996582
2007-06-04,1539.18005371
2007-06-05,1530.94995117
2007-06-06,1517.38000488
2007-06-07,1490.71997070
2007-06-08,1507.67004395
2007-06-11,1509.11999512
2007-06-12,1493.00000000
2007-06-13,1515.67004395
2007-06-14,1522.96997070
2007-06-15,1532.91003418
2007-06-18,1531.05004883
2007-06-19,1533.69995117
2007-06-20,1512.83996582
2007-06-21,1522.18994141
2007-06-22,1502.56005859
2007-06-25,1497.73999023
2007-06-26,1492.89001465
2007-06-27,1506.33996582
2007-06-28,1505.70996094
2007-06-29,1503.34997559
2007-07-02,1519.43005371
2007-07-03,1524.86999512
2007-07-05,1525.40002441
2007-07-06,1530.43994141
2007-07-09,1531.84997559
2007-07-10,1510.11999512
2007-07-11,1518.76000977
2007-07-12,1547.69995117
2007-07-13,1552.50000000
2007-07-16,1549.52001953
2007-07-17,1549.36999512
2007-07-18,1546.17004395
2007-07-19,1553.07995605
2007-07-20,1534.09997559
2007-07-23,1541.56994629
2007-07-24,1511.04003906
2007-07-25,1518.08996582
2007-07-26,1482.66003418
2007-07-27,1458.94995117
2007-07-30,1473.91003418
2007-07-31,1455.27001953
2007-08-01,1465.81005859
2007-08-02,1472.19995117
2007-08-03,1433.06005859
2007-08-06,1467.67004395
2007-08-07,1476.70996094
2007-08-08,1497.48999023
2007-08-09,1453.08996582
2007-08-10,1453.64001465
2007-08-13,1452.92004395
2007-08-14,1426.54003906
2007-08-15,1406.69995117
2007-08-16,1411.27001953
2007-08-17,1445.93994141
2007-08-20,1445.55004883
2007-08-21,1447.11999512
2007-08-22,1464.06994629
2007-08-23,1462.50000000
2007-08-24,1479.36999512
2007-08-27,1466.79003906
2007-08-28,1432.35998535
2007-08-29,1463.76000977
2007-08-30,1457.64001465
2007-08-31,1473.98999023
2007-09-04,1489.42004395
2007-09-05,1472.29003906
2007-09-06,1478.55004883
2007-09-07,1453.55004883
2007-09-10,1451.69995117
2007-09-11,1471.48999023
2007-09-12,1471.56005859
2007-09-13,1483.94995117
2007-09-14,1484.25000000
2007-09-17,1476.65002441
2007-09-18,1519.78002930
2007-09-19,1529.03002930
2007-09-20,1518.75000000
2007-09-21,1525.75000000
2007-09-24,1517.72998047
2007-09-25,1517.20996094
2007-09-26,1525.42004395
2007-09-27,1531.38000488
2007-09-28,1526.75000000
2007-10-01,1547.04003906
2007-10-02,1546.63000488
2007-10-03,1539.58996582
2007-10-04,1542.83996582
2007-10-05,1557.58996582
2007-10-08,1552.57995605
2007-10-09,1565.15002441
2007-10-10,1562.46997070
2007-10-11,1554.41003418
2007-10-12,1561.80004883
2007-10-15,1548.70996094
2007-10-16,1538.53002930
2007-10-17,1541.23999023
2007-10-18,1540.07995605
2007-10-19,1500.63000488
2007-10-22,1506.32995605
2007-10-23,1519.58996582
2007-10-24,1515.88000488
2007-10-25,1514.40002441
2007-10-26,1535.28002930
2007-10-29,1540.97998047
2007-10-30,1531.02001953
2007-10-31,1549.38000488
2007-11-01,1508.43994141
2007-11-02,1509.65002441
2007-11-05,1502.17004395
2007-11-06,1520.27001953
2007-11-07,1475.61999512
2007-11-08,1474.77001953
2007-11-09,1453.69995117
2007-11-12,1439.18005371
2007-11-13,1481.05004883
2007-11-14,1470.57995605
2007-11-15,1451.15002441
2007-11-16,1458.73999023
2007-11-19,1433.27001953
2007-11-20,1439.69995117
2007-11-21,1416.77001953
2007-11-23,1440.69995117
2007-11-26,1407.21997070
2007-11-27,1428.22998047
2007-11-28,1469.02001953
2007-11-29,1469.71997070
2007-11-30,1481.14001465
2007-12-03,1472.42004395
2007-12-04,1462.79003906
2007-12-05,1485.01000977
2007-12-06,1507.33996582
2007-12-07,1504.66003418
2007-12-10,1515.95996094
2007-12-11,1477.65002441
2007-12-12,1486.58996582
2007-12-13,1488.41003418
2007-12-14,1467.94995117
2007-12-17,1445.90002441
2007-12-18,1454.97998047
2007-12-19,1453.00000000
2007-12-20,1460.11999512
2007-12-21,1484.45996094
2007-12-24,1496.44995117
2007-12-26,1497.66003418
2007-12-27,1476.27001953
2007-12-28,1478.48999023
2007-12-31,1468.35998535
2008-01-02,1447.16003418
2008-01-03,1447.16003418
2008-01-04,1411.63000488
2008-01-07,1416.18005371
2008-01-08,1390.18994141
2008-01-09,1409.13000488
2008-01-10,1420.32995605
2008-01-11,1401.02001953
2008-01-14,1416.25000000
2008-01-15,1380.94995117
2008-01-16,1373.19995117
2008-01-17,1333.25000000
2008-01-18,1325.18994141
2008-01-22,1310.50000000
2008-01-23,1338.59997559
2008-01-24,1352.06994629
2008-01-25,1330.60998535
2008-01-28,1353.95996094
2008-01-29,1362.30004883
2008-01-30,1355.81005859
2008-01-31,1378.55004883
2008-02-01,1395.42004395
2008-02-04,1380.81994629
2008-02-05,1336.64001465
2008-02-06,1326.44995117
2008-02-07,1336.91003418
2008-02-08,1331.29003906
2008-02-11,1339.13000488
2008-02-12,1348.85998535
2008-02-13,1367.20996094
2008-02-14,1348.85998535
2008-02-15,1349.98999023
2008-02-19,1348.78002930
2008-02-20,1360.03002930
2008-02-21,1342.53002930
2008-02-22,1353.10998535
2008-02-25,1371.80004883
2008-02-26,1381.29003906
2008-02-27,1380.02001953
2008-02-28,1367.68005371
2008-02-29,1330.63000488
2008-03-03,1331.33996582
2008-03-04,1326.75000000
2008-03-05,1333.69995117
2008-03-06,1304.33996582
2008-03-07,1293.36999512
2008-03-10,1273.36999512
2008-03-11,1320.65002441
2008-03-12,1308.77001953
2008-03-13,1315.47998047
2008-03-14,1288.14001465
2008-03-17,1276.59997559
2008-03-18,1330.73999023
2008-03-19,1298.42004395
2008-03-20,1329.51000977
2008-03-24,1349.88000488
2008-03-25,1352.98999023
2008-03-26,1341.13000488
2008-03-27,1325.76000977
2008-03-28,1315.21997070
2008-03-31,1322.69995117
2008-04-01,1370.18005371
2008-04-02,1367.53002930
2008-04-03,1369.31005859
2008-04-04,1370.40002441
2008-04-07,1372.54003906
2008-04-08,1365.54003906
2008-04-09,1354.48999023
2008-04-10,1360.55004883
2008-04-11,1332.82995605
2008-04-14,1328.31994629
2008-04-15,1334.43005371
2008-04-16,1364.70996094
2008-04-17,1365.56005859
2008-04-18,1390.32995605
2008-04-21,1388.17004395
2008-04-22,1375.93994141
2008-04-23,1379.93005371
2008-04-24,1388.81994629
2008-04-25,1397.83996582
2008-04-28,1396.36999512
2008-04-29,1390.93994141
2008-04-30,1385.58996582
2008-05-01,1409.33996582
2008-05-02,1413.90002441
2008-05-05,1407.48999023
2008-05-06,1418.26000977
2008-05-07,1392.56994629
2008-05-08,1397.68005371
2008-05-09,1388.28002930
2008-05-12,1403.57995605
2008-05-13,1403.04003906
2008-05-14,1408.66003418
2008-05-15,1423.56994629
2008-05-16,1425.34997559
2008-05-19,1426.63000488
2008-05-20,1413.40002441
2008-05-21,1390.70996094
2008-05-22,1394.34997559
2008-05-23,1375.93005371
2008-05-27,1385.34997559
2008-05-28,1390.83996582
2008-05-29,1398.26000977
2008-05-30,1400.38000488
2008-06-02,1385.67004395
2008-06-03,1377.65002441
2008-06-04,1377.19995117
2008-06-05,1404.05004883
2008-06-06,1360.68005371
2008-06-09,1361.76000977
2008-06-10,1358.43994141
2008-06-11,1335.48999023
2008-06-12,1339.86999512
2008-06-13,1360.03002930
2008-06-16,1360.14001465
2008-06-17,1350.93005371
2008-06-18,1337.81005859
2008-06-19,1342.82995605
2008-06-20,1317.93005371
2008-06-23,1318.00000000
2008-06-24,1314.29003906
2008-06-25,1321.96997070
2008-06-26,1283.15002441
2008-06-27,1278.38000488
2008-06-30,1280.00000000
2008-07-01,1284.91003418
2008-07-02,1261.52001953
2008-07-03,1262.90002441
2008-07-07,1252.31005859
2008-07-08,1273.69995117
2008-07-09,1244.68994141
2008-07-10,1253.39001465
2008-07-11,1239.48999023
2008-07-14,1228.30004883
2008-07-15,1214.91003418
2008-07-16,1245.35998535
2008-07-17,1260.31994629
2008-07-18,1260.68005371
2008-07-21,1260.00000000
2008-07-22,1277.00000000
2008-07-23,1282.18994141
2008-07-24,1252.54003906
2008-07-25,1257.76000977
2008-07-28,1234.36999512
2008-07-29,1263.19995117
2008-07-30,1284.26000977
2008-07-31,1267.38000488
2008-08-01,1260.31005859
2008-08-04,1249.01000977
2008-08-05,1284.88000488
2008-08-06,1289.18994141
2008-08-07,1266.06994629
2008-08-08,1296.31994629
2008-08-11,1305.31994629
2008-08-12,1289.58996582
2008-08-13,1285.82995605
2008-08-14,1292.93005371
2008-08-15,1298.19995117
2008-08-18,1278.59997559
2008-08-19,1266.68994141
2008-08-20,1274.54003906
2008-08-21,1277.71997070
2008-08-22,1292.19995117
2008-08-25,1266.83996582
2008-08-26,1271.51000977
2008-08-27,1281.66003418
2008-08-28,1300.68005371
2008-08-29,1282.82995605
2008-09-02,1277.57995605
2008-09-03,1274.97998047
2008-09-04,1236.82995605
2008-09-05,1242.31005859
2008-09-08,1267.79003906
2008-09-09,1224.51000977
2008-09-10,1232.04003906
2008-09-11,1249.05004883
2008-09-12,1251.69995117
2008-09-15,1192.69995117
2008-09-16,1213.59997559
2008-09-17,1156.39001465
2008-09-18,1206.51000977
2008-09-19,1255.07995605
2008-09-22,1207.08996582
2008-09-23,1188.21997070
2008-09-24,1185.86999512
2008-09-25,1209.18005371
2008-09-26,1213.27001953
2008-09-29,1106.42004395
2008-09-30,1166.35998535
2008-10-01,1161.06005859
2008-10-02,1114.28002930
2008-10-03,1099.22998047
2008-10-06,1056.89001465
2008-10-07,996.22998047
2008-10-08,984.94000244
2008-10-09,909.91998291
2008-10-10,899.21997070
2008-10-13,1003.34997559
2008-10-14,998.01000977
2008-10-15,907.84002686
2008-10-16,946.42999268
2008-10-17,940.54998779
2008-10-20,985.40002441
2008-10-21,955.04998779
2008-10-22,896.78002930
2008-10-23,908.10998535
2008-10-24,876.77001953
2008-10-27,848.91998291
2008-10-28,940.51000977
2008-10-29,930.09002686
2008-10-30,954.09002686
2008-10-31,968.75000000
2008-11-03,966.29998779
2008-11-04,1005.75000000
2008-11-05,952.77001953
2008-11-06,904.88000488
2008-11-07,930.98999023
2008-11-10,919.21002197
2008-11-11,898.95001221
2008-11-12,852.29998779
2008-11-13,911.28997803
2008-11-14,873.28997803
2008-11-17,850.75000000
2008-11-18,859.11999512
2008-11-19,806.58001709
2008-11-20,752.44000244
2008-11-21,800.03002930
2008-11-24,851.80999756
2008-11-25,857.39001465
2008-11-26,887.67999268
2008-11-28,896.23999023
2008-12-01,816.21002197
2008-12-02,848.80999756
2008-12-03,870.73999023
2008-12-04,845.21997070
2008-12-05,876.07000732
2008-12-08,909.70001221
2008-12-09,888.66998291
2008-12-10,899.23999023
2008-12-11,873.59002686
2008-12-12,879.72998047
2008-12-15,868.57000732
2008-12-16,913.17999268
2008-12-17,904.41998291
2008-12-18,885.28002930
2008-12-19,887.88000488
2008-12-22,871.63000488
2008-12-23,863.15997314
2008-12-24,868.15002441
2008-12-26,872.79998779
2008-12-29,869.41998291
2008-12-30,890.64001465
2008-12-31,903.25000000
2009-01-02,931.79998779
2009-01-05,927.45001221
2009-01-06,934.70001221
2009-01-07,906.65002441
2009-01-08,909.72998047
2009-01-09,890.34997559
2009-01-12,870.26000977
2009-01-13,871.78997803
2009-01-14,842.61999512
2009-01-15,843.73999023
2009-01-16,850.11999512
2009-01-20,805.21997070
2009-01-21,840.23999023
2009-01-22,827.50000000
2009-01-23,831.95001221
2009-01-26,836.57000732
2009-01-27,845.71002197
2009-01-28,874.09002686
2009-01-29,845.14001465
2009-01-30,825.88000488
2009-02-02,825.44000244
2009-02-03,838.51000977
2009-02-04,832.22998047
2009-02-05,845.84997559
2009-02-06,868.59997559
2009-02-09,869.89001465
2009-02-10,827.15997314
2009-02-11,833.73999023
2009-02-12,835.19000244
2009-02-13,826.84002686
2009-02-17,789.16998291
2009-02-18,788.41998291
2009-02-19,778.94000244
2009-02-20,770.04998779
2009-02-23,743.33001709
2009-02-24,773.14001465
2009-02-25,764.90002441
2009-02-26,752.83001709
2009-02-27,735.09002686
2009-03-02,700.82000732
2009-03-03,696.33001709
2009-03-04,712.86999512
2009-03-05,682.54998779
2009-03-06,683.38000488
2009-03-09,676.53002930
2009-03-10,719.59997559
2009-03-11,721.35998535
2009-03-12,750.73999023
2009-03-13,756.54998779
2009-03-16,753.89001465
2009-03-17,778.11999512
2009-03-18,794.34997559
2009-03-19,784.03997803
2009-03-20,768.53997803
2009-03-23,822.91998291
2009-03-24,806.11999512
2009-03-25,813.88000488
2009-03-26,832.85998535
2009-03-27,815.94000244
2009-03-30,787.53002930
2009-03-31,797.86999512
2009-04-01,811.08001709
2009-04-02,834.38000488
2009-04-03,842.50000000
2009-04-06,835.47998047
2009-04-07,815.54998779
2009-04-08,825.15997314
2009-04-09,856.55999756
2009-04-13,858.72998047
2009-04-14,841.50000000
2009-04-15,852.05999756
2009-04-16,865.29998779
2009-04-17,869.59997559
2009-04-20,832.39001465
2009-04-21,850.08001709
2009-04-22,843.54998779
2009-04-23,851.91998291
2009-04-24,866.22998047
2009-04-27,857.51000977
2009-04-28,855.15997314
2009-04-29,873.64001465
2009-04-30,872.80999756
2009-05-01,877.52001953
2009-05-04,907.23999023
2009-05-05,903.79998779
2009-05-06,919.53002930
2009-05-07,907.39001465
2009-05-08,929.22998047
2009-05-11,909.23999023
2009-05-12,908.34997559
2009-05-13,883.91998291
2009-05-14,893.07000732
2009-05-15,882.88000488
2009-05-18,909.71002197
2009-05-19,908.13000488
2009-05-20,903.46997070
2009-05-21,888.33001709
2009-05-22,887.00000000
2009-05-26,910.33001709
2009-05-27,893.05999756
2009-05-28,906.83001709
2009-05-29,919.14001465
2009-06-01,942.86999512
2009-06-02,944.73999023
2009-06-03,931.76000977
2009-06-04,942.46002197
2009-06-05,940.09002686
2009-06-08,939.14001465
2009-06-09,942.42999268
2009-06-10,939.15002441
2009-06-11,944.89001465
2009-06-12,946.21002197
2009-06-15,923.71997070
2009-06-16,911.96997070
2009-06-17,910.71002197
2009-06-18,918.36999512
2009-06-19,921.22998047
2009-06-22,893.03997803
2009-06-23,895.09997559
2009-06-24,900.94000244
2009-06-25,920.26000977
2009-06-26,918.90002441
2009-06-29,927.22998047
2009-06-30,919.32000732
2009-07-01,923.33001709
2009-07-02,896.41998291
2009-07-06,898.71997070
2009-07-07,881.03002930
2009-07-08,879.55999756
2009-07-09,882.67999268
2009-07-10,879.13000488
2009-07-13,901.04998779
2009-07-14,905.84002686
2009-07-15,932.67999268
2009-07-16,940.73999023
2009-07-17,940.38000488
2009-07-20,951.13000488
2009-07-21,954.58001709
2009-07-22,954.07000732
2009-07-23,976.28997803
2009-07-24,979.26000977
2009-07-27,982.17999268
2009-07-28,979.61999512
2009-07-29,975.15002441
2009-07-30,986.75000000
2009-07-31,987.47998047
2009-08-03,1002.63000488
2009-08-04,1005.65002441
2009-08-05,1002.71997070
2009-08-06,997.08001709
2009-08-07,1010.47998047
2009-08-10,1007.09997559
2009-08-11,994.34997559
2009-08-12,1005.80999756
2009-08-13,1012.72998047
2009-08-14,1004.09002686
2009-08-17,979.72998047
2009-08-18,989.66998291
2009-08-19,996.46002197
2009-08-20,1007.36999512
2009-08-21,1026.13000488
2009-08-24,1025.56994629
2009-08-25,1028.00000000
2009-08-26,1028.11999512
2009-08-27,1030.97998047
2009-08-28,1028.93005371
2009-08-31,1020.61999512
2009-09-01,998.03997803
2009-09-02,994.75000000
2009-09-03,1003.23999023
2009-09-04,1016.40002441
2009-09-08,1025.39001465
2009-09-09,1033.36999512
2009-09-10,1044.14001465
2009-09-11,1042.72998047
2009-09-14,1049.33996582
2009-09-15,1052.63000488
2009-09-16,1068.76000977
2009-09-17,1065.48999023
2009-09-18,1068.30004883
2009-09-21,1064.66003418
2009-09-22,1071.66003418
2009-09-23,1060.86999512
2009-09-24,1050.78002930
2009-09-25,1044.38000488
2009-09-28,1062.97998047
2009-09-29,1060.60998535
2009-09-30,1057.07995605
2009-10-01,1029.84997559
2009-10-02,1025.20996094
2009-10-05,1040.45996094
2009-10-06,1054.71997070
2009-10-07,1057.57995605
2009-10-08,1065.47998047
2009-10-09,1071.48999023
2009-10-12,1076.18994141
2009-10-13,1073.18994141
2009-10-14,1092.02001953
2009-10-15,1096.56005859
2009-10-16,1087.68005371
2009-10-19,1097.91003418
2009-10-20,1091.06005859
2009-10-21,1081.40002441
2009-10-22,1092.91003418
2009-10-23,1079.59997559
2009-10-26,1066.94995117
2009-10-27,1063.41003418
2009-10-28,1042.63000488
2009-10-29,1066.10998535
2009-10-30,1036.18994141
2009-11-02,1042.88000488
2009-11-03,1045.41003418
2009-11-04,1046.50000000
2009-11-05,1066.63000488
2009-11-06,1069.30004883
2009-11-09,1093.07995605
2009-11-10,1093.01000977
2009-11-11,1098.51000977
2009-11-12,1087.23999023
2009-11-13,1093.47998047
2009-11-16,1109.30004883
2009-11-17,1110.31994629
2009-11-18,1109.80004883
2009-11-19,1094.90002441
2009-11-20,1091.38000488
2009-11-23,1106.23999023
2009-11-24,1105.65002441
2009-11-25,1110.63000488
2009-11-27,1091.48999023
2009-11-30,1095.63000488
2009-12-01,1108.85998535
2009-12-02,1109.23999023
2009-12-03,1099.92004395
2009-12-04,1105.97998047
2009-12-07,1103.25000000
2009-12-08,1091.93994141
2009-12-09,1095.94995117
2009-12-10,1102.34997559
2009-12-11,1106.41003418
2009-12-14,1114.10998535
2009-12-15,1107.93005371
2009-12-16,1109.18005371
2009-12-17,1096.07995605
2009-12-18,1102.46997070
2009-12-21,1114.05004883
2009-12-22,1118.02001953
2009-12-23,1120.58996582
2009-12-24,1126.47998047
2009-12-28,1127.78002930
2009-12-29,1126.19995117
2009-12-30,1126.42004395
2009-12-31,1115.09997559
2010-01-04,1132.98999023
2010-01-05,1136.52001953
2010-01-06,1137.14001465
2010-01-07,1141.68994141
2010-01-08,1144.97998047
2010-01-11,1146.97998047
2010-01-12,1136.21997070
2010-01-13,1145.68005371
2010-01-14,1148.45996094
2010-01-15,1136.03002930
2010-01-19,1150.22998047
2010-01-20,1138.04003906
2010-01-21,1116.47998047
2010-01-22,1091.76000977
2010-01-25,1096.78002930
2010-01-26,1092.17004395
2010-01-27,1097.50000000
2010-01-28,1084.53002930
2010-01-29,1073.86999512
2010-02-01,1089.18994141
2010-02-02,1103.31994629
2010-02-03,1097.28002930
2010-02-04,1063.10998535
2010-02-05,1066.18994141
2010-02-08,1056.73999023
2010-02-09,1070.52001953
2010-02-10,1068.13000488
2010-02-11,1078.46997070
2010-02-12,1075.51000977
2010-02-16,1094.86999512
2010-02-17,1099.51000977
2010-02-18,1106.75000000
2010-02-19,1109.17004395
2010-02-22,1108.01000977
2010-02-23,1094.59997559
2010-02-24,1105.23999023
2010-02-25,1102.93994141
2010-02-26,1104.48999023
2010-03-01,1115.70996094
2010-03-02,1118.31005859
2010-03-03,1118.79003906
2010-03-04,1122.96997070
2010-03-05,1138.69995117
2010-03-08,1138.50000000
2010-03-09,1140.44995117
2010-03-10,1145.60998535
2010-03-11,1150.23999023
2010-03-12,1149.98999023
2010-03-15,1150.51000977
2010-03-16,1159.45996094
2010-03-17,1166.20996094
2010-03-18,1165.82995605
2010-03-19,1159.90002441
2010-03-22,1165.81005859
2010-03-23,1174.17004395
2010-03-24,1167.71997070
2010-03-25,1165.72998047
2010-03-26,1166.58996582
2010-03-29,1173.21997070
2010-03-30,1173.27001953
2010-03-31,1169.43005371
2010-04-01,1178.09997559
2010-04-05,1187.43994141
2010-04-06,1189.43994141
2010-04-07,1182.44995117
2010-04-08,1186.43994141
2010-04-09,1194.36999512
2010-04-12,1196.47998047
2010-04-13,1197.30004883
2010-04-14,1210.65002441
2010-04-15,1211.67004395
2010-04-16,1192.13000488
2010-04-19,1197.52001953
2010-04-20,1207.17004395
2010-04-21,1205.93994141
2010-04-22,1208.67004395
2010-04-23,1217.28002930
2010-04-26,1212.05004883
2010-04-27,1183.70996094
2010-04-28,1191.35998535
2010-04-29,1206.78002930
2010-04-30,1186.68994141
2010-05-03,1202.26000977
2010-05-04,1173.59997559
2010-05-05,1165.86999512
2010-05-06,1128.15002441
2010-05-07,1110.88000488
2010-05-10,1159.72998047
2010-05-11,1155.79003906
2010-05-12,1171.67004395
2010-05-13,1157.43994141
2010-05-14,1135.68005371
2010-05-17,1136.93994141
2010-05-18,1120.80004883
2010-05-19,1115.05004883
2010-05-20,1071.58996582
2010-05-21,1087.68994141
2010-05-24,1073.65002441
2010-05-25,1074.03002930
2010-05-26,1067.94995117
2010-05-27,1103.06005859
2010-05-28,1089.41003418
2010-06-01,1070.70996094
2010-06-02,1098.38000488
2010-06-03,1102.82995605
2010-06-04,1064.88000488
2010-06-07,1050.46997070
2010-06-08,1062.00000000
2010-06-09,1055.68994141
2010-06-10,1086.83996582
2010-06-11,1091.59997559
2010-06-14,1089.63000488
2010-06-15,1115.22998047
2010-06-16,1114.60998535
2010-06-17,1116.04003906
2010-06-18,1117.51000977
2010-06-21,1113.19995117
2010-06-22,1095.31005859
2010-06-23,1092.04003906
2010-06-24,1073.68994141
2010-06-25,1076.76000977
2010-06-28,1074.56994629
2010-06-29,1041.23999023
2010-06-30,1030.70996094
2010-07-01,1027.36999512
2010-07-02,1022.58001709
2010-07-06,1028.06005859
2010-07-07,1060.27001953
2010-07-08,1070.25000000
2010-07-09,1077.95996094
2010-07-12,1078.75000000
2010-07-13,1095.33996582
2010-07-14,1095.17004395
2010-07-15,1096.47998047
2010-07-16,1064.88000488
2010-07-19,1071.25000000
2010-07-20,1083.47998047
2010-07-21,1069.58996582
2010-07-22,1093.67004395
2010-07-23,1102.66003418
2010-07-26,1115.01000977
2010-07-27,1113.83996582
2010-07-28,1106.13000488
2010-07-29,1101.53002930
2010-07-30,1101.59997559
2010-08-02,1125.85998535
2010-08-03,1120.45996094
2010-08-04,1127.23999023
2010-08-05,1125.81005859
2010-08-06,1121.64001465
2010-08-09,1127.79003906
2010-08-10,1121.06005859
2010-08-11,1089.46997070
2010-08-12,1083.60998535
2010-08-13,1079.25000000
2010-08-16,1079.38000488
2010-08-17,1092.54003906
2010-08-18,1094.16003418
2010-08-19,1075.63000488
2010-08-20,1071.68994141
2010-08-23,1067.35998535
2010-08-24,1051.86999512
2010-08-25,1055.32995605
2010-08-26,1047.21997070
2010-08-27,1064.58996582
2010-08-30,1048.92004395
2010-08-31,1049.32995605
2010-09-01,1080.29003906
2010-09-02,1090.09997559
2010-09-03,1104.51000977
2010-09-07,1091.83996582
2010-09-08,1098.86999512
2010-09-09,1104.18005371
2010-09-10,1109.55004883
2010-09-13,1121.90002441
2010-09-14,1121.09997559
2010-09-15,1125.06994629
2010-09-16,1124.66003418
2010-09-17,1125.58996582
2010-09-20,1142.70996094
2010-09-21,1139.78002930
2010-09-22,1134.28002930
2010-09-23,1124.82995605
2010-09-24,1148.67004395
2010-09-27,1142.16003418
2010-09-28,1147.69995117
2010-09-29,1144.72998047
2010-09-30,1141.19995117
2010-10-01,1146.23999023
2010-10-04,1137.03002930
2010-10-05,1160.75000000
2010-10-06,1159.96997070
2010-10-07,1158.06005859
2010-10-08,1165.15002441
2010-10-11,1165.31994629
2010-10-12,1169.77001953
2010-10-13,1178.09997559
2010-10-14,1173.81005859
2010-10-15,1176.18994141
2010-10-18,1184.70996094
2010-10-19,1165.90002441
2010-10-20,1178.17004395
2010-10-21,1180.26000977
2010-10-22,1183.07995605
2010-10-25,1185.61999512
2010-10-26,1185.64001465
2010-10-27,1182.44995117
2010-10-28,1183.78002930
2010-10-29,1183.26000977
2010-11-01,1184.38000488
2010-11-02,1193.56994629
2010-11-03,1197.95996094
2010-11-04,1221.06005859
2010-11-05,1225.84997559
2010-11-08,1223.25000000
2010-11-09,1213.40002441
2010-11-10,1218.70996094
2010-11-11,1213.54003906
2010-11-12,1199.20996094
2010-11-15,1197.75000000
2010-11-16,1178.33996582
2010-11-17,1178.58996582
2010-11-18,1196.68994141
2010-11-19,1199.72998047
2010-11-22,1197.83996582
2010-11-23,1180.72998047
2010-11-24,1198.34997559
2010-11-26,1189.40002441
2010-11-29,1187.76000977
2010-11-30,1180.55004883
2010-12-01,1206.06994629
2010-12-02,1221.53002930
2010-12-03,1224.70996094
2010-12-06,1223.11999512
2010-12-07,1223.75000000
2010-12-08,1228.28002930
2010-12-09,1233.00000000
2010-12-10,1240.40002441
2010-12-13,1240.45996094
2010-12-14,1241.58996582
2010-12-15,1235.22998047
2010-12-16,1242.86999512
2010-12-17,1243.91003418
2010-12-20,1247.07995605
2010-12-21,1254.59997559
2010-12-22,1258.83996582
2010-12-23,1256.77001953
2010-12-27,1257.54003906
2010-12-28,1258.51000977
2010-12-29,1259.78002930
2010-12-30,1257.88000488
2010-12-31,1257.64001465
2011-01-03,1271.86999512
2011-01-04,1270.19995117
2011-01-05,1276.56005859
2011-01-06,1273.84997559
2011-01-07,1271.50000000
2011-01-10,1269.75000000
2011-01-11,1274.47998047
2011-01-12,1285.95996094
2011-01-13,1283.76000977
2011-01-14,1293.23999023
2011-01-18,1295.02001953
2011-01-19,1281.92004395
2011-01-20,1280.26000977
2011-01-21,1283.34997559
2011-01-24,1290.83996582
2011-01-25,1291.18005371
2011-01-26,1296.63000488
2011-01-27,1299.54003906
2011-01-28,1276.33996582
2011-01-31,1286.11999512
2011-02-01,1307.58996582
2011-02-02,1304.03002930
2011-02-03,1307.09997559
2011-02-04,1310.86999512
2011-02-07,1319.05004883
2011-02-08,1324.56994629
2011-02-09,1320.88000488
2011-02-10,1321.86999512
2011-02-11,1329.15002441
2011-02-14,1332.31994629
2011-02-15,1328.01000977
2011-02-16,1336.31994629
2011-02-17,1340.43005371
2011-02-18,1343.01000977
2011-02-22,1315.43994141
2011-02-23,1307.40002441
2011-02-24,1306.09997559
2011-02-25,1319.88000488
2011-02-28,1327.21997070
2011-03-01,1306.32995605
2011-03-02,1308.43994141
2011-03-03,1330.96997070
2011-03-04,1321.15002441
2011-03-07,1310.13000488
2011-03-08,1321.81994629
2011-03-09,1320.02001953
2011-03-10,1295.10998535
2011-03-11,1304.28002930
2011-03-14,1296.39001465
2011-03-15,1281.86999512
2011-03-16,1256.88000488
2011-03-17,1273.71997070
2011-03-18,1279.20996094
2011-03-21,1298.38000488
2011-03-22,1293.77001953
2011-03-23,1297.54003906
2011-03-24,1309.66003418
2011-03-25,1313.80004883
2011-03-28,1310.18994141
2011-03-29,1319.43994141
2011-03-30,1328.26000977
2011-03-31,1325.82995605
2011-04-01,1332.41003418
2011-04-04,1332.86999512
2011-04-05,1332.63000488
2011-04-06,1335.54003906
2011-04-07,1333.51000977
2011-04-08,1328.17004395
2011-04-11,1324.45996094
2011-04-12,1314.16003418
2011-04-13,1314.41003418
2011-04-14,1314.52001953
2011-04-15,1319.68005371
2011-04-18,1305.14001465
2011-04-19,1312.61999512
2011-04-20,1330.35998535
2011-04-21,1337.38000488
2011-04-25,1335.25000000
2011-04-26,1347.23999023
2011-04-27,1355.66003418
2011-04-28,1360.47998047
2011-04-29,1363.60998535
2011-05-02,1361.21997070
2011-05-03,1356.61999512
2011-05-04,1347.31994629
2011-05-05,1335.09997559
2011-05-06,1340.19995117
2011-05-09,1346.29003906
2011-05-10,1357.16003418
2011-05-11,1342.07995605
2011-05-12,1348.65002441
2011-05-13,1337.77001953
2011-05-16,1329.46997070
2011-05-17,1328.97998047
2011-05-18,1340.68005371
2011-05-19,1343.59997559
2011-05-20,1333.27001953
2011-05-23,1317.36999512
2011-05-24,1316.28002930
2011-05-25,1320.46997070
2011-05-26,1325.68994141
2011-05-27,1331.09997559
2011-05-31,1345.19995117
2011-06-01,1314.55004883
2011-06-02,1312.93994141
2011-06-03,1300.16003418
2011-06-06,1286.17004395
2011-06-07,1284.93994141
2011-06-08,1279.56005859
2011-06-09,1289.00000000
2011-06-10,1270.97998047
2011-06-13,1271.82995605
2011-06-14,1287.86999512
2011-06-15,1265.42004395
2011-06-16,1267.64001465
2011-06-17,1271.50000000
2011-06-20,1278.35998535
2011-06-21,1295.52001953
2011-06-22,1287.14001465
2011-06-23,1283.50000000
2011-06-24,1268.44995117
2011-06-27,1280.09997559
2011-06-28,1296.67004395
2011-06-29,1307.41003418
2011-06-30,1320.64001465
2011-07-01,1339.67004395
2011-07-05,1337.88000488
2011-07-06,1339.21997070
2011-07-07,1353.21997070
2011-07-08,1343.80004883
2011-07-11,1319.48999023
2011-07-12,1313.64001465
2011-07-13,1317.71997070
2011-07-14,1308.86999512
2011-07-15,1316.14001465
2011-07-18,1305.43994141
2011-07-19,1326.72998047
2011-07-20,1325.83996582
2011-07-21,1343.80004883
2011-07-22,1345.02001953
2011-07-25,1337.43005371
2011-07-26,1331.93994141
2011-07-27,1304.89001465
2011-07-28,1300.67004395
2011-07-29,1292.28002930
2011-08-01,1286.93994141
2011-08-02,1254.05004883
2011-08-03,1260.33996582
2011-08-04,1200.06994629
2011-08-05,1199.38000488
2011-08-08,1119.45996094
2011-08-09,1172.53002930
2011-08-10,1120.76000977
2011-08-11,1172.64001465
2011-08-12,1178.81005859
2011-08-15,1204.48999023
2011-08-16,1192.76000977
2011-08-17,1193.89001465
2011-08-18,1140.65002441
2011-08-19,1123.53002930
2011-08-22,1123.81994629
2011-08-23,1162.34997559
2011-08-24,1177.59997559
2011-08-25,1159.27001953
2011-08-26,1176.80004883
2011-08-29,1210.07995605
2011-08-30,1212.92004395
2011-08-31,1218.89001465
2011-09-01,1204.42004395
2011-09-02,1173.96997070
2011-09-06,1165.23999023
2011-09-07,1198.61999512
2011-09-08,1185.90002441
2011-09-09,1154.22998047
2011-09-12,1162.27001953
2011-09-13,1172.86999512
2011-09-14,1188.68005371
2011-09-15,1209.10998535
2011-09-16,1216.01000977
2011-09-19,1204.08996582
2011-09-20,1202.08996582
2011-09-21,1166.76000977
2011-09-22,1129.56005859
2011-09-23,1136.43005371
2011-09-26,1162.94995117
2011-09-27,1175.38000488
2011-09-28,1151.06005859
2011-09-29,1160.40002441
2011-09-30,1131.42004395
2011-10-03,1099.22998047
2011-10-04,1123.94995117
2011-10-05,1144.03002930
2011-10-06,1164.96997070
2011-10-07,1155.45996094
2011-10-10,1194.89001465
2011-10-11,1195.54003906
2011-10-12,1207.25000000
2011-10-13,1203.66003418
2011-10-14,1224.57995605
2011-10-17,1200.85998535
2011-10-18,1225.38000488
2011-10-19,1209.88000488
2011-10-20,1215.39001465
2011-10-21,1238.25000000
2011-10-24,1254.18994141
2011-10-25,1229.05004883
2011-10-26,1242.00000000
2011-10-27,1284.58996582
2011-10-28,1285.08996582
2011-10-31,1253.30004883
2011-11-01,1218.28002930
2011-11-02,1237.90002441
2011-11-03,1261.15002441
2011-11-04,1253.22998047
2011-11-07,1261.11999512
2011-11-08,1275.92004395
2011-11-09,1229.09997559
2011-11-10,1239.69995117
2011-11-11,1263.84997559
2011-11-14,1251.78002930
2011-11-15,1257.81005859
2011-11-16,1236.91003418
2011-11-17,1216.13000488
2011-11-18,1215.65002441
2011-11-21,1192.97998047
2011-11-22,1188.04003906
2011-11-23,1161.79003906
2011-11-25,1158.67004395
2011-11-28,1192.55004883
2011-11-29,1195.18994141
2011-11-30,1246.95996094
2011-12-01,1244.57995605
2011-12-02,1244.28002930
2011-12-05,1257.07995605
2011-12-06,1258.46997070
2011-12-07,1261.01000977
2011-12-08,1234.34997559
2011-12-09,1255.18994141
2011-12-12,1236.46997070
2011-12-13,1225.72998047
2011-12-14,1211.81994629
2011-12-15,1215.75000000
2011-12-16,1219.66003418
2011-12-19,1205.34997559
2011-12-20,1241.30004883
2011-12-21,1243.71997070
2011-12-22,1254.00000000
2011-12-23,1265.32995605
2011-12-27,1265.43005371
2011-12-28,1249.64001465
2011-12-29,1263.02001953
2011-12-30,1257.59997559
2012-01-03,1277.06005859
2012-01-04,1277.30004883
2012-01-05,1281.06005859
2012-01-06,1277.81005859
2012-01-09,1280.69995117
2012-01-10,1292.07995605
2012-01-11,1292.47998047
2012-01-12,1295.50000000
2012-01-13,1289.08996582
2012-01-17,1293.67004395
2012-01-18,1308.04003906
2012-01-19,1314.50000000
2012-01-20,1315.38000488
2012-01-23,1316.00000000
2012-01-24,1314.65002441
2012-01-25,1326.06005859
2012-01-26,1318.43005371
2012-01-27,1316.32995605
2012-01-30,1313.01000977
2012-01-31,1312.41003418
2012-02-01,1324.08996582
2012-02-02,1325.54003906
2012-02-03,1344.90002441
2012-02-06,1344.32995605
2012-02-07,1347.05004883
2012-02-08,1349.95996094
2012-02-09,1351.94995117
2012-02-10,1342.64001465
2012-02-13,1351.77001953
2012-02-14,1350.50000000
2012-02-15,1343.22998047
2012-02-16,1358.04003906
2012-02-17,1361.22998047
2012-02-21,1362.20996094
2012-02-22,1357.66003418
2012-02-23,1363.45996094
2012-02-24,1365.73999023
2012-02-27,1367.58996582
2012-02-28,1372.18005371
2012-02-29,1365.68005371
2012-03-01,1374.08996582
2012-03-02,1369.63000488
2012-03-05,1364.32995605
2012-03-06,1343.35998535
2012-03-07,1352.63000488
2012-03-08,1365.91003418
2012-03-09,1370.86999512
2012-03-12,1371.08996582
2012-03-13,1395.94995117
2012-03-14,1394.28002930
2012-03-15,1402.59997559
2012-03-16,1404.17004395
2012-03-19,1409.75000000
2012-03-20,1405.52001953
2012-03-21,1402.89001465
2012-03-22,1392.78002930
2012-03-23,1397.10998535
2012-03-26,1416.51000977
2012-03-27,1412.52001953
2012-03-28,1405.54003906
2012-03-29,1403.28002930
2012-03-30,1408.46997070
2012-04-02,1419.04003906
2012-04-03,1413.38000488
2012-04-04,1398.95996094
2012-04-05,1398.07995605
2012-04-09,1382.19995117
2012-04-10,1358.58996582
2012-04-11,1368.70996094
2012-04-12,1387.56994629
2012-04-13,1370.26000977
2012-04-16,1369.56994629
2012-04-17,1390.78002930
2012-04-18,1385.14001465
2012-04-19,1376.92004395
2012-04-20,1378.53002930
2012-04-23,1366.93994141
2012-04-24,1371.96997070
2012-04-25,1390.68994141
2012-04-26,1399.97998047
2012-04-27,1403.35998535
2012-04-30,1397.91003418
2012-05-01,1405.81994629
2012-05-02,1402.31005859
2012-05-03,1391.56994629
2012-05-04,1369.09997559
2012-05-07,1369.57995605
2012-05-08,1363.71997070
2012-05-09,1354.57995605
2012-05-10,1357.98999023
2012-05-11,1353.39001465
2012-05-14,1338.34997559
2012-05-15,1330.66003418
2012-05-16,1324.80004883
2012-05-17,1304.85998535
2012-05-18,1295.21997070
2012-05-21,1315.98999023
2012-05-22,1316.63000488
2012-05-23,1318.85998535
2012-05-24,1320.68005371
2012-05-25,1317.81994629
2012-05-29,1332.42004395
2012-05-30,1313.31994629
2012-05-31,1310.32995605
2012-06-01,1278.04003906
2012-06-04,1278.18005371
2012-06-05,1285.50000000
2012-06-06,1315.13000488
2012-06-07,1314.98999023
2012-06-08,1325.66003418
2012-06-11,1308.93005371
2012-06-12,1324.18005371
2012-06-13,1314.88000488
2012-06-14,1329.09997559
2012-06-15,1342.83996582
2012-06-18,1344.78002930
2012-06-19,1357.97998047
2012-06-20,1355.68994141
2012-06-21,1325.51000977
2012-06-22,1335.02001953
2012-06-25,1313.71997070
2012-06-26,1319.98999023
2012-06-27,1331.84997559
2012-06-28,1329.04003906
2012-06-29,1362.16003418
2012-07-02,1365.51000977
2012-07-03,1374.02001953
2012-07-05,1367.57995605
2012-07-06,1354.68005371
2012-07-09,1352.45996094
2012-07-10,1341.46997070
2012-07-11,1341.44995117
2012-07-12,1334.76000977
2012-07-13,1356.78002930
2012-07-16,1353.64001465
2012-07-17,1363.67004395
2012-07-18,1372.78002930
2012-07-19,1376.51000977
2012-07-20,1362.66003418
2012-07-23,1350.52001953
2012-07-24,1338.31005859
2012-07-25,1337.89001465
2012-07-26,1360.02001953
2012-07-27,1385.96997070
2012-07-30,1385.30004883
2012-07-31,1379.31994629
2012-08-01,1375.31994629
2012-08-02,1365.00000000
2012-08-03,1390.98999023
2012-08-06,1394.22998047
2012-08-07,1401.34997559
2012-08-08,1402.21997070
2012-08-09,1402.80004883
2012-08-10,1405.86999512
2012-08-13,1404.10998535
2012-08-14,1403.93005371
2012-08-15,1405.53002930
2012-08-16,1415.51000977
2012-08-17,1418.16003418
2012-08-20,1418.13000488
2012-08-21,1413.17004395
2012-08-22,1413.48999023
2012-08-23,1402.07995605
2012-08-24,1411.13000488
2012-08-27,1410.43994141
2012-08-28,1409.30004883
2012-08-29,1410.48999023
2012-08-30,1399.47998047
2012-08-31,1406.57995605
2012-09-04,1404.93994141
2012-09-05,1403.43994141
2012-09-06,1432.11999512
2012-09-07,1437.92004395
2012-09-10,1429.07995605
2012-09-11,1433.56005859
2012-09-12,1436.56005859
2012-09-13,1459.98999023
2012-09-14,1465.77001953
2012-09-17,1461.18994141
2012-09-18,1459.31994629
2012-09-19,1461.05004883
2012-09-20,1460.26000977
2012-09-21,1460.15002441
2012-09-24,1456.89001465
2012-09-25,1441.58996582
2012-09-26,1433.31994629
2012-09-27,1447.15002441
2012-09-28,1440.67004395
2012-10-01,1444.48999023
2012-10-02,1445.75000000
2012-10-03,1450.98999023
2012-10-04,1461.40002441
2012-10-05,1460.93005371
2012-10-08,1455.88000488
2012-10-09,1441.47998047
2012-10-10,1432.56005859
2012-10-11,1432.83996582
2012-10-12,1428.58996582
2012-10-15,1440.13000488
2012-10-16,1454.92004395
2012-10-17,1460.91003418
2012-10-18,1457.33996582
2012-10-19,1433.18994141
2012-10-22,1433.81994629
2012-10-23,1413.10998535
2012-10-24,1408.75000000
2012-10-25,1412.96997070
2012-10-26,1411.93994141
2012-10-31,1412.16003418
2012-11-01,1427.58996582
2012-11-02,1414.19995117
2012-11-05,1417.26000977
2012-11-06,1428.39001465
2012-11-07,1394.53002930
2012-11-08,1377.51000977
2012-11-09,1379.84997559
2012-11-12,1380.03002930
2012-11-13,1374.53002930
2012-11-14,1355.48999023
2012-11-15,1353.32995605
2012-11-16,1359.88000488
2012-11-19,1386.89001465
2012-11-20,1387.81005859
2012-11-21,1391.03002930
2012-11-23,1409.15002441
2012-11-26,1406.29003906
2012-11-27,1398.93994141
2012-11-28,1409.93005371
2012-11-29,1415.94995117
2012-11-30,1416.18005371
2012-12-03,1409.45996094
2012-12-04,1407.05004883
2012-12-05,1409.28002930
2012-12-06,1413.93994141
2012-12-07,1418.06994629
2012-12-10,1418.55004883
2012-12-11,1427.83996582
2012-12-12,1428.47998047
2012-12-13,1419.44995117
2012-12-14,1413.57995605
2012-12-17,1430.35998535
2012-12-18,1446.79003906
2012-12-19,1435.81005859
2012-12-20,1443.68994141
2012-12-21,1430.15002441
2012-12-24,1426.66003418
2012-12-26,1419.82995605
2012-12-27,1418.09997559
2012-12-28,1402.43005371
2012-12-31,1426.18994141
2013-01-02,1462.42004395
2013-01-03,1459.36999512
2013-01-04,1466.46997070
2013-01-07,1461.89001465
2013-01-08,1457.15002441
2013-01-09,1461.02001953
2013-01-10,1472.11999512
2013-01-11,1472.05004883
2013-01-14,1470.68005371
2013-01-15,1472.33996582
2013-01-16,1472.63000488
2013-01-17,1480.93994141
2013-01-18,1485.97998047
2013-01-22,1492.56005859
2013-01-23,1494.81005859
2013-01-24,1494.81994629
2013-01-25,1502.95996094
2013-01-28,1500.18005371
2013-01-29,1507.83996582
2013-01-30,1501.95996094
2013-01-31,1498.10998535
2013-02-01,1513.17004395
2013-02-04,1495.70996094
2013-02-05,1511.29003906
2013-02-06,1512.11999512
2013-02-07,1509.39001465
2013-02-08,1517.93005371
2013-02-11,1517.01000977
2013-02-12,1519.43005371
2013-02-13,1520.32995605
2013-02-14,1521.38000488
2013-02-15,1519.79003906
2013-02-19,1530.93994141
2013-02-20,1511.94995117
2013-02-21,1502.42004395
2013-02-22,1515.59997559
2013-02-25,1487.84997559
2013-02-26,1496.93994141
2013-02-27,1515.98999023
2013-02-28,1514.68005371
2013-03-01,1518.19995117
2013-03-04,1525.19995117
2013-03-05,1539.79003906
2013-03-06,1541.45996094
2013-03-07,1544.26000977
2013-03-08,1551.18005371
2013-03-11,1556.21997070
2013-03-12,1552.47998047
2013-03-13,1554.52001953
2013-03-14,1563.22998047
2013-03-15,1560.69995117
2013-03-18,1552.09997559
2013-03-19,1548.33996582
2013-03-20,1558.70996094
2013-03-21,1545.80004883
2013-03-22,1556.89001465
2013-03-25,1551.68994141
2013-03-26,1563.77001953
2013-03-27,1562.84997559
2013-03-28,1569.18994141
2013-04-01,1562.17004395
2013-04-02,1570.25000000
2013-04-03,1553.68994141
2013-04-04,1559.97998047
2013-04-05,1553.28002930
2013-04-08,1563.06994629
2013-04-09,1568.60998535
2013-04-10,1587.72998047
2013-04-11,1593.36999512
2013-04-12,1588.84997559
2013-04-15,1552.35998535
2013-04-16,1574.56994629
2013-04-17,1552.01000977
2013-04-18,1541.60998535
2013-04-19,1555.25000000
2013-04-22,1562.50000000
2013-04-23,1578.78002930
2013-04-24,1578.79003906
2013-04-25,1585.16003418
2013-04-26,1582.23999023
2013-04-29,1593.60998535
2013-04-30,1597.56994629
2013-05-01,1582.69995117
2013-05-02,1597.58996582
2013-05-03,1614.42004395
2013-05-06,1617.50000000
2013-05-07,1625.95996094
2013-05-08,1632.68994141
2013-05-09,1626.67004395
2013-05-10,1633.69995117
2013-05-13,1633.77001953
2013-05-14,1650.33996582
2013-05-15,1658.78002930
2013-05-16,1650.46997070
2013-05-17,1667.46997070
2013-05-20,1666.29003906
2013-05-21,1669.16003418
2013-05-22,1655.34997559
2013-05-23,1650.51000977
2013-05-24,1649.59997559
2013-05-28,1660.06005859
2013-05-29,1648.35998535
2013-05-30,1654.41003418
2013-05-31,1630.73999023
2013-06-03,1640.42004395
2013-06-04,1631.38000488
2013-06-05,1608.90002441
2013-06-06,1622.56005859
2013-06-07,1643.38000488
2013-06-10,1642.81005859
2013-06-11,1626.13000488
2013-06-12,1612.52001953
2013-06-13,1636.35998535
2013-06-14,1626.72998047
2013-06-17,1639.04003906
2013-06-18,1651.81005859
2013-06-19,1628.93005371
2013-06-20,1588.18994141
2013-06-21,1592.43005371
2013-06-24,1573.08996582
2013-06-25,1588.03002930
2013-06-26,1603.26000977
2013-06-27,1613.19995117
2013-06-28,1606.28002930
2013-07-01,1614.95996094
2013-07-02,1614.07995605
2013-07-03,1615.41003418
2013-07-05,1631.89001465
2013-07-08,1640.45996094
2013-07-09,1652.31994629
2013-07-10,1652.61999512
2013-07-11,1675.02001953
2013-07-12,1680.18994141
2013-07-15,1682.50000000
2013-07-16,1676.26000977
2013-07-17,1680.91003418
2013-07-18,1689.36999512
2013-07-19,1692.08996582
2013-07-22,1695.53002930
2013-07-23,1692.39001465
2013-07-24,1685.93994141
2013-07-25,1690.25000000
2013-07-26,1691.65002441
2013-07-29,1685.32995605
2013-07-30,1685.95996094
2013-07-31,1685.72998047
2013-08-01,1706.86999512
2013-08-02,1709.67004395
2013-08-05,1707.14001465
2013-08-06,1697.36999512
2013-08-07,1690.91003418
2013-08-08,1697.47998047
2013-08-09,1691.42004395
2013-08-12,1689.46997070
2013-08-13,1694.16003418
2013-08-14,1685.39001465
2013-08-15,1661.31994629
2013-08-16,1655.82995605
2013-08-19,1646.06005859
2013-08-20,1652.34997559
2013-08-21,1642.80004883
2013-08-22,1656.95996094
2013-08-23,1663.50000000
2013-08-26,1656.78002930
2013-08-27,1630.47998047
2013-08-28,1634.95996094
2013-08-29,1638.17004395
2013-08-30,1632.96997070
2013-09-03,1639.77001953
2013-09-04,1653.07995605
2013-09-05,1655.07995605
2013-09-06,1655.17004395
2013-09-09,1671.70996094
2013-09-10,1683.98999023
2013-09-11,1689.13000488
2013-09-12,1683.42004395
2013-09-13,1687.98999023
2013-09-16,1697.59997559
2013-09-17,1704.76000977
2013-09-18,1725.52001953
2013-09-19,1722.33996582
2013-09-20,1709.91003418
2013-09-23,1701.83996582
2013-09-24,1697.42004395
2013-09-25,1692.77001953
2013-09-26,1698.67004395
2013-09-27,1691.75000000
2013-09-30,1681.55004883
2013-10-01,1695.00000000
2013-10-02,1693.86999512
2013-10-03,1678.66003418
2013-10-04,1690.50000000
2013-10-07,1676.11999512
2013-10-08,1655.44995117
2013-10-09,1656.40002441
2013-10-10,1692.56005859
2013-10-11,1703.19995117
2013-10-14,1710.14001465
2013-10-15,1698.06005859
2013-10-16,1721.54003906
2013-10-17,1733.15002441
2013-10-18,1744.50000000
2013-10-21,1744.66003418
2013-10-22,1754.67004395
2013-10-23,1746.38000488
2013-10-24,1752.06994629
2013-10-25,1759.77001953
2013-10-28,1762.10998535
2013-10-29,1771.94995117
2013-10-30,1763.31005859
2013-10-31,1756.54003906
2013-11-01,1761.64001465
2013-11-04,1767.93005371
2013-11-05,1762.96997070
2013-11-06,1770.48999023
2013-11-07,1747.15002441
2013-11-08,1770.60998535
2013-11-11,1771.89001465
2013-11-12,1767.68994141
2013-11-13,1782.00000000
2013-11-14,1790.61999512
2013-11-15,1798.18005371
2013-11-18,1791.53002930
2013-11-19,1787.86999512
2013-11-20,1781.36999512
2013-11-21,1795.84997559
2013-11-22,1804.76000977
2013-11-25,1802.47998047
2013-11-26,1802.75000000
2013-11-27,1807.22998047
2013-11-29,1805.81005859
2013-12-02,1800.90002441
2013-12-03,1795.15002441
2013-12-04,1792.81005859
2013-12-05,1785.03002930
2013-12-06,1805.08996582
2013-12-09,1808.36999512
2013-12-10,1802.61999512
2013-12-11,1782.21997070
2013-12-12,1775.50000000
2013-12-13,1775.31994629
2013-12-16,1786.54003906
2013-12-17,1781.00000000
2013-12-18,1810.65002441
2013-12-19,1809.59997559
2013-12-20,1818.31994629
2013-12-23,1827.98999023
2013-12-24,1833.31994629
2013-12-26,1842.02001953
2013-12-27,1841.40002441
2013-12-30,1841.06994629
2013-12-31,1848.35998535
2014-01-02,1831.97998047
2014-01-03,1831.36999512
2014-01-06,1826.77001953
2014-01-07,1837.88000488
2014-01-08,1837.48999023
2014-01-09,1838.13000488
2014-01-10,1842.36999512
2014-01-13,1819.19995117
2014-01-14,1838.88000488
2014-01-15,1848.38000488
2014-01-16,1845.89001465
2014-01-17,1838.69995117
2014-01-21,1843.80004883
2014-01-22,1844.85998535
2014-01-23,1828.45996094
2014-01-24,1790.29003906
2014-01-27,1781.56005859
2014-01-28,1792.50000000
2014-01-29,1774.19995117
2014-01-30,1794.18994141
2014-01-31,1782.58996582
2014-02-03,1741.89001465
2014-02-04,1755.19995117
2014-02-05,1751.64001465
2014-02-06,1773.43005371
2014-02-07,1797.02001953
2014-02-10,1799.83996582
2014-02-11,1819.75000000
2014-02-12,1819.26000977
2014-02-13,1829.82995605
2014-02-14,1838.63000488
2014-02-18,1840.76000977
2014-02-19,1828.75000000
2014-02-20,1839.78002930
2014-02-21,1836.25000000
2014-02-24,1847.60998535
2014-02-25,1845.11999512
2014-02-26,1845.16003418
2014-02-27,1854.29003906
2014-02-28,1859.44995117
2014-03-03,1845.72998047
2014-03-04,1873.91003418
2014-03-05,1873.81005859
2014-03-06,1877.03002930
2014-03-07,1878.04003906
2014-03-10,1877.17004395
2014-03-11,1867.63000488
2014-03-12,1868.19995117
2014-03-13,1846.33996582
2014-03-14,1841.13000488
2014-03-17,1858.82995605
2014-03-18,1872.25000000
2014-03-19,1860.77001953
2014-03-20,1872.01000977
2014-03-21,1866.52001953
2014-03-24,1857.43994141
2014-03-25,1865.61999512
2014-03-26,1852.56005859
2014-03-27,1849.04003906
2014-03-28,1857.61999512
2014-03-31,1872.33996582
2014-04-01,1885.52001953
2014-04-02,1890.90002441
2014-04-03,1888.77001953
2014-04-04,1865.08996582
2014-04-07,1845.04003906
2014-04-08,1851.95996094
2014-04-09,1872.18005371
2014-04-10,1833.07995605
2014-04-11,1815.68994141
2014-04-14,1830.60998535
2014-04-15,1842.97998047
2014-04-16,1862.31005859
2014-04-17,1864.84997559
2014-04-21,1871.89001465
2014-04-22,1879.55004883
2014-04-23,1875.39001465
2014-04-24,1878.60998535
2014-04-25,1863.40002441
2014-04-28,1869.43005371
2014-04-29,1878.32995605
2014-04-30,1883.94995117
2014-05-01,1883.68005371
2014-05-02,1881.14001465
2014-05-05,1884.66003418
2014-05-06,1867.71997070
2014-05-07,1878.20996094
2014-05-08,1875.63000488
2014-05-09,1878.47998047
2014-05-12,1896.65002441
2014-05-13,1897.44995117
2014-05-14,1888.53002930
2014-05-15,1870.84997559
2014-05-16,1877.85998535
2014-05-19,1885.07995605
2014-05-20,1872.82995605
2014-05-21,1888.03002930
2014-05-22,1892.48999023
2014-05-23,1900.53002930
2014-05-27,1911.91003418
2014-05-28,1909.78002930
2014-05-29,1920.03002930
2014-05-30,1923.56994629
2014-06-02,1924.96997070
2014-06-03,1924.23999023
2014-06-04,1927.88000488
2014-06-05,1940.45996094
2014-06-06,1949.43994141
2014-06-09,1951.27001953
2014-06-10,1950.79003906
2014-06-11,1943.89001465
2014-06-12,1930.10998535
2014-06-13,1936.16003418
2014-06-16,1937.78002930
2014-06-17,1941.98999023
2014-06-18,1956.97998047
2014-06-19,1959.47998047
2014-06-20,1962.86999512
2014-06-23,1962.60998535
2014-06-24,1949.97998047
2014-06-25,1959.53002930
2014-06-26,1957.21997070
2014-06-27,1960.95996094
2014-06-30,1960.22998047
2014-07-01,1973.31994629
2014-07-02,1974.61999512
2014-07-03,1985.43994141
2014-07-07,1977.65002441
2014-07-08,1963.70996094
2014-07-09,1972.82995605
2014-07-10,1964.68005371
2014-07-11,1967.56994629
2014-07-14,1977.09997559
2014-07-15,1973.28002930
2014-07-16,1981.56994629
2014-07-17,1958.11999512
2014-07-18,1978.21997070
2014-07-21,1973.63000488
2014-07-22,1983.53002930
2014-07-23,1987.01000977
2014-07-24,1987.97998047
2014-07-25,1978.33996582
2014-07-28,1978.91003418
2014-07-29,1969.94995117
2014-07-30,1970.06994629
2014-07-31,1930.67004395
2014-08-01,1925.15002441
2014-08-04,1938.98999023
2014-08-05,1920.20996094
2014-08-06,1920.23999023
2014-08-07,1909.56994629
2014-08-08,1931.58996582
2014-08-11,1936.92004395
2014-08-12,1933.75000000
2014-08-13,1946.71997070
2014-08-14,1955.18005371
2014-08-15,1955.06005859
2014-08-18,1971.73999023
2014-08-19,1981.59997559
2014-08-20,1986.51000977
2014-08-21,1992.36999512
2014-08-22,1988.40002441
2014-08-25,1997.92004395
2014-08-26,2000.02001953
2014-08-27,2000.11999512
2014-08-28,1996.73999023
2014-08-29,2003.36999512
2014-09-02,2002.28002930
2014-09-03,2000.71997070
2014-09-04,1997.65002441
2014-09-05,2007.70996094
2014-09-08,2001.54003906
2014-09-09,1988.43994141
2014-09-10,1995.68994141
2014-09-11,1997.44995117
2014-09-12,1985.54003906
2014-09-15,1984.13000488
2014-09-16,1998.97998047
2014-09-17,2001.56994629
2014-09-18,2011.35998535
2014-09-19,2010.40002441
2014-09-22,1994.29003906
2014-09-23,1982.77001953
2014-09-24,1998.30004883
2014-09-25,1965.98999023
2014-09-26,1982.84997559
2014-09-29,1977.80004883
2014-09-30,1972.29003906
2014-10-01,1946.16003418
2014-10-02,1946.17004395
2014-10-03,1967.90002441
2014-10-06,1964.81994629
2014-10-07,1935.09997559
2014-10-08,1968.89001465
2014-10-09,1928.20996094
2014-10-10,1906.13000488
2014-10-13,1874.73999023
2014-10-14,1877.69995117
2014-10-15,1862.48999023
2014-10-16,1862.76000977
2014-10-17,1886.76000977
2014-10-20,1904.01000977
2014-10-21,1941.28002930
2014-10-22,1927.10998535
2014-10-23,1950.81994629
2014-10-24,1964.57995605
2014-10-27,1961.63000488
2014-10-28,1985.05004883
2014-10-29,1982.30004883
2014-10-30,1994.65002441
2014-10-31,2018.05004883
2014-11-03,2017.81005859
2014-11-04,2012.09997559
2014-11-05,2023.56994629
2014-11-06,2031.20996094
2014-11-07,2031.92004395
2014-11-10,2038.26000977
2014-11-11,2039.68005371
2014-11-12,2038.25000000
2014-11-13,2039.32995605
2014-11-14,2039.81994629
2014-11-17,2041.31994629
2014-11-18,2051.80004883
2014-11-19,2048.71997070
2014-11-20,2052.75000000
2014-11-21,2063.50000000
2014-11-24,2069.40991211
2014-11-25,2067.03002930
2014-11-26,2072.83007812
2014-11-28,2067.56005859
2014-12-01,2053.43994141
2014-12-02,2066.55004883
2014-12-03,2074.33007812
2014-12-04,2071.91992188
2014-12-05,2075.37011719
2014-12-08,2060.31005859
2014-12-09,2059.82006836
2014-12-10,2026.14001465
2014-12-11,2035.32995605
2014-12-12,2002.32995605
2014-12-15,1989.63000488
2014-12-16,1972.73999023
2014-12-17,2012.89001465
2014-12-18,2061.22998047
2014-12-19,2070.64990234
2014-12-22,2078.54003906
2014-12-23,2082.16992188
2014-12-24,2081.87988281
2014-12-26,2088.77001953
2014-12-29,2090.57006836
2014-12-30,2080.35009766
2014-12-31,2058.89990234
2015-01-02,2058.19995117
2015-01-05,2020.57995605
2015-01-06,2002.60998535
2015-01-07,2025.90002441
2015-01-08,2062.13989258
2015-01-09,2044.81005859
2015-01-12,2028.26000977
2015-01-13,2023.03002930
2015-01-14,2011.27001953
2015-01-15,1992.67004395
2015-01-16,2019.42004395
2015-01-20,2022.55004883
2015-01-21,2032.11999512
2015-01-22,2063.14990234
2015-01-23,2051.82006836
2015-01-26,2057.09008789
2015-01-27,2029.55004883
2015-01-28,2002.16003418
2015-01-29,2021.25000000
2015-01-30,1994.98999023
2015-02-02,2020.84997559
2015-02-03,2050.03002930
2015-02-04,2041.51000977
2015-02-05,2062.52001953
2015-02-06,2055.46997070
2015-02-09,2046.73999023
2015-02-10,2068.59008789
2015-02-11,2068.53002930
2015-02-12,2088.47998047
2015-02-13,2096.98999023
2015-02-17,2100.34008789
2015-02-18,2099.67993164
2015-02-19,2097.44995117
2015-02-20,2110.30004883
2015-02-23,2109.65991211
2015-02-24,2115.47998047
2015-02-25,2113.86010742
2015-02-26,2110.73999023
2015-02-27,2104.50000000
2015-03-02,2117.38989258
2015-03-03,2107.78002930
2015-03-04,2098.53002930
2015-03-05,2101.04003906
2015-03-06,2071.26000977
2015-03-09,2079.42993164
2015-03-10,2044.16003418
2015-03-11,2040.23999023
2015-03-12,2065.94995117
2015-03-13,2053.39990234
2015-03-16,2081.18994141
2015-03-17,2074.28002930
2015-03-18,2099.50000000
2015-03-19,2089.27001953
2015-03-20,2108.10009766
2015-03-23,2104.41992188
2015-03-24,2091.50000000
2015-03-25,2061.05004883
2015-03-26,2056.14990234
2015-03-27,2061.02001953
2015-03-30,2086.23999023
2015-03-31,2067.88989258
2015-04-01,2059.68994141
2015-04-02,2066.95996094
2015-04-06,2080.62011719
2015-04-07,2076.33007812
2015-04-08,2081.89990234
2015-04-09,2091.17993164
2015-04-10,2102.06005859
2015-04-13,2092.42993164
2015-04-14,2095.84008789
2015-04-15,2106.62988281
2015-04-16,2104.98999023
2015-04-17,2081.17993164
2015-04-20,2100.39990234
2015-04-21,2097.29003906
2015-04-22,2107.95996094
2015-04-23,2112.92993164
2015-04-24,2117.68994141
2015-04-27,2108.91992188
2015-04-28,2114.76000977
2015-04-29,2106.85009766
2015-04-30,2085.51000977
2015-05-01,2108.29003906
2015-05-04,2114.48999023
2015-05-05,2089.45996094
2015-05-06,2080.14990234
2015-05-07,2088.00000000
2015-05-08,2116.10009766
2015-05-11,2105.33007812
2015-05-12,2099.12011719
2015-05-13,2098.47998047
2015-05-14,2121.10009766
2015-05-15,2122.72998047
2015-05-18,2129.19995117
2015-05-19,2127.83007812
2015-05-20,2125.85009766
2015-05-21,2130.82006836
2015-05-22,2126.06005859
2015-05-26,2104.19995117
2015-05-27,2123.47998047
2015-05-28,2120.79003906
2015-05-29,2107.38989258
2015-06-01,2111.72998047
2015-06-02,2109.60009766
2015-06-03,2114.07006836
2015-06-04,2095.84008789
2015-06-05,2092.83007812
2015-06-08,2079.28002930
2015-06-09,2080.14990234
2015-06-10,2105.19995117
2015-06-11,2108.86010742
2015-06-12,2094.11010742
2015-06-15,2084.42993164
2015-06-16,2096.29003906
2015-06-17,2100.43994141
2015-06-18,2121.23999023
2015-06-19,2109.98999023
2015-06-22,2122.85009766
2015-06-23,2124.19995117
2015-06-24,2108.58007812
2015-06-25,2102.31005859
2015-06-26,2101.48999023
2015-06-29,2057.63989258
2015-06-30,2063.11010742
2015-07-01,2077.41992188
2015-07-02,2076.78002930
2015-07-06,2068.76000977
2015-07-07,2081.34008789
2015-07-08,2046.68005371
2015-07-09,2051.31005859
2015-07-10,2076.62011719
2015-07-13,2099.60009766
2015-07-14,2108.94995117
2015-07-15,2107.39990234
2015-07-16,2124.29003906
2015-07-17,2126.63989258
2015-07-20,2128.28002930
2015-07-21,2119.20996094
2015-07-22,2114.14990234
2015-07-23,2102.14990234
2015-07-24,2079.64990234
2015-07-27,2067.63989258
2015-07-28,2093.25000000
2015-07-29,2108.57006836
2015-07-30,2108.62988281
2015-07-31,2103.84008789
2015-08-03,2098.04003906
2015-08-04,2093.32006836
2015-08-05,2099.84008789
2015-08-06,2083.56005859
2015-08-07,2077.57006836
2015-08-10,2104.17993164
2015-08-11,2084.07006836
2015-08-12,2086.05004883
2015-08-13,2083.38989258
2015-08-14,2091.54003906
2015-08-17,2102.43994141
2015-08-18,2096.91992188
2015-08-19,2079.61010742
2015-08-20,2035.72998047
2015-08-21,1970.89001465
2015-08-24,1893.20996094
2015-08-25,1867.60998535
2015-08-26,1940.51000977
2015-08-27,1987.66003418
2015-08-28,1988.86999512
2015-08-31,1972.18005371
2015-09-01,1913.84997559
2015-09-02,1948.85998535
2015-09-03,1951.13000488
2015-09-04,1921.21997070
2015-09-08,1969.41003418
2015-09-09,1942.04003906
2015-09-10,1952.29003906
2015-09-11,1961.05004883
2015-09-14,1953.03002930
2015-09-15,1978.08996582
2015-09-16,1995.31005859
2015-09-17,1990.19995117
2015-09-18,1958.03002930
2015-09-21,1966.96997070
2015-09-22,1942.73999023
2015-09-23,1938.76000977
2015-09-24,1932.23999023
2015-09-25,1931.33996582
2015-09-28,1881.77001953
2015-09-29,1884.08996582
2015-09-30,1920.03002930
2015-10-01,1923.81994629
2015-10-02,1951.35998535
2015-10-05,1987.05004883
2015-10-06,1979.92004395
2015-10-07,1995.82995605
2015-10-08,2013.43005371
2015-10-09,2014.89001465
2015-10-12,2017.45996094
2015-10-13,2003.68994141
2015-10-14,1994.23999023
2015-10-15,2023.85998535
2015-10-16,2033.10998535
2015-10-19,2033.66003418
2015-10-20,2030.77001953
2015-10-21,2018.93994141
2015-10-22,2052.51000977
2015-10-23,2075.14990234
2015-10-26,2071.17993164
2015-10-27,2065.88989258
2015-10-28,2090.35009766
2015-10-29,2089.40991211
2015-10-30,2079.36010742
2015-11-02,2104.05004883
2015-11-03,2109.79003906
2015-11-04,2102.31005859
2015-11-05,2099.92993164
2015-11-06,2099.19995117
2015-11-09,2078.58007812
2015-11-10,2081.71997070
2015-11-11,2075.00000000
2015-11-12,2045.96997070
2015-11-13,2023.04003906
2015-11-16,2053.18994141
2015-11-17,2050.43994141
2015-11-18,2083.58007812
2015-11-19,2081.23999023
2015-11-20,2089.16992188
2015-11-23,2086.59008789
2015-11-24,2089.13989258
2015-11-25,2088.87011719
2015-11-27,2090.11010742
2015-11-30,2080.40991211
2015-12-01,2102.62988281
2015-12-02,2079.51000977
2015-12-03,2049.62011719
2015-12-04,2091.68994141
2015-12-07,2077.07006836
2015-12-08,2063.59008789
2015-12-09,2047.61999512
2015-12-10,2052.22998047
2015-12-11,2012.36999512
2015-12-14,2021.93994141
2015-12-15,2043.41003418
2015-12-16,2073.07006836
2015-12-17,2041.89001465
2015-12-18,2005.55004883
2015-12-21,2021.15002441
2015-12-22,2038.96997070
2015-12-23,2064.29003906
2015-12-24,2060.98999023
2015-12-28,2056.50000000
2015-12-29,2078.36010742
2015-12-30,2063.36010742
2015-12-31,2043.93994141
2016-01-04,2012.66003418
2016-01-05,2016.70996094
2016-01-06,1990.26000977
2016-01-07,1943.08996582
2016-01-08,1922.03002930
2016-01-11,1923.67004395
2016-01-12,1938.68005371
2016-01-13,1890.28002930
2016-01-14,1921.83996582
2016-01-15,1880.32995605
2016-01-19,1881.32995605
2016-01-20,1859.32995605
2016-01-21,1868.98999023
2016-01-22,1906.90002441
2016-01-25,1877.07995605
2016-01-26,1903.63000488
2016-01-27,1882.94995117
2016-01-28,1893.35998535
2016-01-29,1940.23999023
2016-02-01,1939.38000488
2016-02-02,1903.03002930
2016-02-03,1912.53002930
2016-02-04,1915.44995117
2016-02-05,1880.05004883
2016-02-08,1853.43994141
2016-02-09,1852.20996094
2016-02-10,1851.85998535
2016-02-11,1829.07995605
2016-02-12,1864.78002930
2016-02-16,1895.57995605
2016-02-17,1926.81994629
2016-02-18,1917.82995605
2016-02-19,1917.78002930
2016-02-22,1945.50000000
2016-02-23,1921.27001953
2016-02-24,1929.80004883
2016-02-25,1951.69995117
2016-02-26,1948.05004883
2016-02-29,1932.22998047
2016-03-01,1978.34997559
2016-03-02,1986.44995117
2016-03-03,1993.40002441
2016-03-04,1999.98999023
2016-03-07,2001.76000977
2016-03-08,1979.26000977
2016-03-09,1989.26000977
2016-03-10,1989.56994629
2016-03-11,2022.18994141
2016-03-14,2019.64001465
2016-03-15,2015.93005371
2016-03-16,2027.21997070
2016-03-17,2040.58996582
2016-03-18,2049.58007812
2016-03-21,2051.60009766
2016-03-22,2049.80004883
2016-03-23,2036.70996094
2016-03-24,2035.93994141
2016-03-28,2037.05004883
2016-03-29,2055.01000977
2016-03-30,2063.94995117
2016-03-31,2059.73999023
2016-04-01,2072.78002930
2016-04-04,2066.12988281
2016-04-05,2045.17004395
2016-04-06,2066.65991211
2016-04-07,2041.91003418
2016-04-08,2047.59997559
2016-04-11,2041.98999023
2016-04-12,2061.71997070
2016-04-13,2082.41992188
2016-04-14,2082.78002930
2016-04-15,2080.72998047
2016-04-18,2094.34008789
2016-04-19,2100.80004883
2016-04-20,2102.39990234
2016-04-21,2091.47998047
2016-04-22,2091.58007812
2016-04-25,2087.79003906
2016-04-26,2091.69995117
2016-04-27,2095.14990234
2016-04-28,2075.81005859
2016-04-29,2065.30004883
2016-05-02,2081.42993164
2016-05-03,2063.37011719
2016-05-04,2051.12011719
2016-05-05,2050.62988281
2016-05-06,2057.13989258
2016-05-09,2058.68994141
2016-05-10,2084.38989258
2016-05-11,2064.45996094
2016-05-12,2064.11010742
2016-05-13,2046.60998535
2016-05-16,2066.65991211
2016-05-17,2047.20996094
2016-05-18,2047.63000488
2016-05-19,2040.04003906
2016-05-20,2052.32006836
2016-05-23,2048.04003906
2016-05-24,2076.06005859
2016-05-25,2090.54003906
2016-05-26,2090.10009766
2016-05-27,2099.06005859
2016-05-31,2096.94995117
2016-06-01,2099.33007812
2016-06-02,2105.26000977
2016-06-03,2099.12988281
2016-06-06,2109.40991211
2016-06-07,2112.12988281
2016-06-08,2119.12011719
2016-06-09,2115.47998047
2016-06-10,2096.07006836
2016-06-13,2079.06005859
2016-06-14,2075.32006836
2016-06-15,2071.50000000
2016-06-16,2077.98999023
2016-06-17,2071.21997070
2016-06-20,2083.25000000
2016-06-21,2088.89990234
2016-06-22,2085.44995117
2016-06-23,2113.32006836
2016-06-24,2037.41003418
2016-06-27,2000.54003906
2016-06-28,2036.08996582
2016-06-29,2070.77001953
2016-06-30,2098.86010742
2016-07-01,2102.94995117
2016-07-05,2088.55004883
2016-07-06,2099.72998047
2016-07-07,2097.89990234
2016-07-08,2129.89990234
2016-07-11,2137.15991211
2016-07-12,2152.13989258
2016-07-13,2152.42993164
2016-07-14,2163.75000000
2016-07-15,2161.73999023
2016-07-18,2166.88989258
2016-07-19,2163.78002930
2016-07-20,2173.02001953
2016-07-21,2165.16992188
2016-07-22,2175.03002930
2016-07-25,2168.47998047
2016-07-26,2169.17993164
2016-07-27,2166.58007812
2016-07-28,2170.06005859
2016-07-29,2173.60009766
2016-08-01,2170.84008789
2016-08-02,2157.03002930
2016-08-03,2163.79003906
2016-08-04,2164.25000000
2016-08-05,2182.87011719
2016-08-08,2180.88989258
2016-08-09,2181.73999023
2016-08-10,2175.48999023
2016-08-11,2185.79003906
2016-08-12,2184.05004883
2016-08-15,2190.14990234
2016-08-16,2178.14990234
2016-08-17,2182.21997070
2016-08-18,2187.02001953
2016-08-19,2183.87011719
2016-08-22,2182.63989258
2016-08-23,2186.89990234
2016-08-24,2175.43994141
2016-08-25,2172.46997070
2016-08-26,2169.04003906
2016-08-29,2180.37988281
2016-08-30,2176.12011719
2016-08-31,2170.94995117
2016-09-01,2170.86010742
2016-09-02,2179.97998047
2016-09-06,2186.47998047
2016-09-07,2186.15991211
2016-09-08,2181.30004883
2016-09-09,2127.81005859
2016-09-12,2159.04003906
2016-09-13,2127.02001953
2016-09-14,2125.77001953
2016-09-15,2147.26000977
2016-09-16,2139.15991211
2016-09-19,2139.12011719
2016-09-20,2139.76000977
2016-09-21,2163.12011719
2016-09-22,2177.17993164
2016-09-23,2164.68994141
2016-09-26,2146.10009766
2016-09-27,2159.92993164
2016-09-28,2171.37011719
2016-09-29,2151.12988281
2016-09-30,2168.27001953
2016-10-03,2161.19995117
2016-10-04,2150.48999023
2016-10-05,2159.72998047
2016-10-06,2160.77001953
2016-10-07,2153.73999023
2016-10-10,2163.65991211
2016-10-11,2136.72998047
2016-10-12,2139.17993164
2016-10-13,2132.55004883
2016-10-14,2132.97998047
2016-10-17,2126.50000000
2016-10-18,2139.60009766
2016-10-19,2144.29003906
2016-10-20,2141.34008789
2016-10-21,2141.15991211
2016-10-24,2151.33007812
2016-10-25,2143.15991211
2016-10-26,2139.42993164
2016-10-27,2133.04003906
2016-10-28,2126.40991211
2016-10-31,2126.14990234
2016-11-01,2111.71997070
2016-11-02,2097.93994141
2016-11-03,2088.65991211
2016-11-04,2085.17993164
2016-11-07,2131.52001953
2016-11-08,2139.56005859
2016-11-09,2163.26000977
2016-11-10,2167.47998047
2016-11-11,2164.44995117
2016-11-14,2164.19995117
2016-11-15,2180.38989258
2016-11-16,2176.93994141
2016-11-17,2187.12011719
2016-11-18,2181.89990234
2016-11-21,2198.17993164
2016-11-22,2202.93994141
2016-11-23,2204.71997070
2016-11-25,2213.35009766
2016-11-28,2201.71997070
2016-11-29,2204.65991211
2016-11-30,2198.81005859
2016-12-01,2191.08007812
2016-12-02,2191.94995117
2016-12-05,2204.70996094
2016-12-06,2212.22998047
2016-12-07,2241.35009766
2016-12-08,2246.18994141
2016-12-09,2259.53002930
2016-12-12,2256.95996094
2016-12-13,2271.71997070
2016-12-14,2253.28002930
2016-12-15,2262.03002930
2016-12-16,2258.07006836
2016-12-19,2262.53002930
2016-12-20,2270.76000977
2016-12-21,2265.17993164
2016-12-22,2260.95996094
2016-12-23,2263.79003906
2016-12-27,2268.87988281
2016-12-28,2249.91992188
2016-12-29,2249.26000977
2016-12-30,2238.83007812
2017-01-03,2257.83007812
2017-01-04,2270.75000000
2017-01-05,2269.00000000
2017-01-06,2276.97998047
2017-01-09,2268.89990234
2017-01-10,2268.89990234
2017-01-11,2275.32006836
2017-01-12,2270.43994141
2017-01-13,2274.63989258
2017-01-17,2267.88989258
2017-01-18,2271.88989258
2017-01-19,2263.68994141
2017-01-20,2271.31005859
2017-01-23,2265.19995117
2017-01-24,2280.07006836
2017-01-25,2298.37011719
2017-01-26,2296.67993164
2017-01-27,2294.68994141
2017-01-30,2280.89990234
2017-01-31,2278.87011719
2017-02-01,2279.55004883
2017-02-02,2280.85009766
2017-02-03,2297.41992188
2017-02-06,2292.56005859
2017-02-07,2293.08007812
2017-02-08,2294.66992188
2017-02-09,2307.87011719
2017-02-10,2316.10009766
2017-02-13,2328.25000000
2017-02-14,2337.58007812
2017-02-15,2349.25000000
2017-02-16,2347.21997070
2017-02-17,2351.15991211
2017-02-21,2365.37988281
2017-02-22,2362.82006836
2017-02-23,2363.81005859
2017-02-24,2367.34008789
2017-02-27,2369.75000000
2017-02-28,2363.63989258
2017-03-01,2395.95996094
2017-03-02,2381.91992188
2017-03-03,2383.12011719
2017-03-06,2375.31005859
2017-03-07,2368.38989258
2017-03-08,2362.97998047
2017-03-09,2364.87011719
2017-03-10,2372.60009766
2017-03-13,2373.46997070
2017-03-14,2365.44995117
2017-03-15,2385.26000977
2017-03-16,2381.37988281
2017-03-17,2378.25000000
2017-03-20,2373.46997070
2017-03-21,2344.02001953
2017-03-22,2348.44995117
2017-03-23,2345.95996094
2017-03-24,2343.97998047
2017-03-27,2341.59008789
2017-03-28,2358.57006836
2017-03-29,2361.12988281
2017-03-30,2368.06005859
2017-03-31,2362.71997070
2017-04-03,2358.84008789
2017-04-04,2360.15991211
2017-04-05,2352.94995117
2017-04-06,2357.48999023
2017-04-07,2355.54003906
2017-04-10,2357.15991211
2017-04-11,2353.78002930
2017-04-12,2344.92993164
2017-04-13,2328.94995117
2017-04-17,2349.01000977
2017-04-18,2342.18994141
2017-04-19,2338.16992188
2017-04-20,2355.84008789
2017-04-21,2348.68994141
2017-04-24,2374.14990234
2017-04-25,2388.61010742
2017-04-26,2387.44995117
2017-04-27,2388.77001953
2017-04-28,2384.19995117
2017-05-01,2388.33007812
2017-05-02,2391.16992188
2017-05-03,2388.12988281
2017-05-04,2389.52001953
2017-05-05,2399.29003906
2017-05-08,2399.37988281
2017-05-09,2396.91992188
2017-05-10,2399.62988281
2017-05-11,2394.43994141
2017-05-12,2390.89990234
2017-05-15,2402.32006836
2017-05-16,2400.66992188
2017-05-17,2357.03002930
2017-05-18,2365.71997070
2017-05-19,2381.72998047
2017-05-22,2394.02001953
2017-05-23,2398.41992188
2017-05-24,2404.38989258
2017-05-25,2415.07006836
2017-05-26,2415.82006836
2017-05-30,2412.90991211
2017-05-31,2411.80004883
2017-06-01,2430.06005859
2017-06-02,2439.07006836
2017-06-05,2436.10009766
2017-06-06,2429.33007812
2017-06-07,2433.13989258
2017-06-08,2433.79003906
2017-06-09,2431.77001953
2017-06-12,2429.38989258
2017-06-13,2440.35009766
2017-06-14,2437.91992188
2017-06-15,2432.45996094
2017-06-16,2433.14990234
2017-06-19,2453.45996094
2017-06-20,2437.03002930
2017-06-21,2435.61010742
2017-06-22,2434.50000000
2017-06-23,2438.30004883
2017-06-26,2439.07006836
2017-06-27,2419.37988281
2017-06-28,2440.68994141
2017-06-29,2419.69995117
2017-06-30,2423.40991211
2017-07-03,2429.01000977
2017-07-05,2432.54003906
2017-07-06,2409.75000000
2017-07-07,2425.17993164
2017-07-10,2427.42993164
2017-07-11,2425.53002930
2017-07-12,2443.25000000
2017-07-13,2447.83007812
2017-07-14,2459.27001953
2017-07-17,2459.13989258
2017-07-18,2460.61010742
2017-07-19,2473.83007812
2017-07-20,2473.44995117
2017-07-21,2472.54003906
2017-07-24,2469.90991211
2017-07-25,2477.12988281
2017-07-26,2477.83007812
2017-07-27,2475.41992188
2017-07-28,2472.10009766
2017-07-31,2470.30004883
2017-08-01,2476.35009766
2017-08-02,2477.57006836
2017-08-03,2472.15991211
2017-08-04,2476.83007812
2017-08-07,2480.90991211
2017-08-08,2474.91992188
2017-08-09,2474.02001953
2017-08-10,2438.20996094
2017-08-11,2441.32006836
2017-08-14,2465.84008789
2017-08-15,2464.61010742
2017-08-16,2468.11010742
2017-08-17,2430.01000977
2017-08-18,2425.55004883
2017-08-21,2428.37011719
2017-08-22,2452.51000977
2017-08-23,2444.04003906
2017-08-24,2438.96997070
2017-08-25,2443.05004883
2017-08-28,2444.23999023
2017-08-29,2446.30004883
2017-08-30,2457.59008789
2017-08-31,2471.64990234
2017-09-01,2476.55004883
2017-09-05,2457.85009766
2017-09-06,2465.54003906
2017-09-07,2465.10009766
2017-09-08,2461.42993164
2017-09-11,2488.11010742
2017-09-12,2496.47998047
2017-09-13,2498.37011719
2017-09-14,2495.62011719
2017-09-15,2500.22998047
2017-09-18,2503.87011719
2017-09-19,2506.64990234
2017-09-20,2508.23999023
2017-09-21,2500.60009766
2017-09-22,2502.21997070
2017-09-25,2496.65991211
2017-09-26,2496.84008789
2017-09-27,2507.04003906
2017-09-28,2510.06005859
2017-09-29,2519.36010742
2017-10-02,2529.12011719
2017-10-03,2534.58007812
2017-10-04,2537.73999023
2017-10-05,2552.07006836
2017-10-06,2549.33007812
2017-10-09,2544.72998047
2017-10-10,2550.63989258
2017-10-11,2555.23999023
2017-10-12,2550.92993164
2017-10-13,2553.16992188
2017-10-16,2557.63989258
2017-10-17,2559.36010742
2017-10-18,2561.26000977
2017-10-19,2562.10009766
2017-10-20,2575.20996094
2017-10-23,2564.97998047
2017-10-24,2569.12988281
2017-10-25,2557.14990234
2017-10-26,2560.39990234
2017-10-27,2581.07006836
2017-10-30,2572.83007812
2017-10-31,2575.26000977
2017-11-01,2579.36010742
2017-11-02,2579.85009766
2017-11-03,2587.84008789
2017-11-06,2591.12988281
2017-11-07,2590.63989258
2017-11-08,2594.37988281
2017-11-09,2584.62011719
2017-11-10,2582.30004883
2017-11-13,2584.84008789
2017-11-14,2578.87011719
2017-11-15,2564.62011719
2017-11-16,2585.63989258
2017-11-17,2578.85009766
2017-11-20,2582.13989258
2017-11-21,2599.03002930
2017-11-22,2597.08007812
2017-11-24,2602.41992188
2017-11-27,2601.41992188
2017-11-28,2627.04003906
2017-11-29,2626.07006836
2017-11-30,2647.58007812
2017-12-01,2642.21997070
2017-12-04,2639.43994141
2017-12-05,2629.57006836
2017-12-06,2629.27001953
2017-12-07,2636.97998047
2017-12-08,2651.50000000
2017-12-11,2659.98999023
2017-12-12,2664.11010742
2017-12-13,2662.85009766
2017-12-14,2652.01000977
2017-12-15,2675.81005859
2017-12-18,2690.15991211
2017-12-19,2681.46997070
2017-12-20,2679.25000000
2017-12-21,2684.57006836
2017-12-22,2683.34008789
2017-12-26,2680.50000000
2017-12-27,2682.62011719
2017-12-28,2687.54003906
2017-12-29,2673.61010742
2018-01-02,2695.81005859
2018-01-03,2713.06005859
2018-01-04,2723.98999023
2018-01-05,2743.14990234
2018-01-08,2747.70996094
2018-01-09,2751.29003906
2018-01-10,2748.22998047
2018-01-11,2767.56005859
2018-01-12,2786.23999023
2018-01-16,2776.41992188
2018-01-17,2802.56005859
2018-01-18,2798.03002930
2018-01-19,2810.30004883
2018-01-22,2832.96997070
2018-01-23,2839.12988281
2018-01-24,2837.54003906
2018-01-25,2839.25000000
2018-01-26,2872.87011719
2018-01-29,2853.53002930
2018-01-30,2822.42993164
2018-01-31,2823.81005859
2018-02-01,2821.97998047
2018-02-02,2762.12988281
2018-02-05,2648.93994141
2018-02-06,2695.13989258
2018-02-07,2681.65991211
2018-02-08,2581.00000000
2018-02-09,2619.55004883
2018-02-12,2656.00000000
2018-02-13,2662.93994141
2018-02-14,2698.62988281
2018-02-15,2731.19995117
2018-02-16,2732.21997070
2018-02-20,2716.26000977
2018-02-21,2701.33007812
2018-02-22,2703.95996094
2018-02-23,2747.30004883
2018-02-26,2779.60009766
2018-02-27,2744.28002930
2018-02-28,2713.83007812
2018-03-01,2677.66992188
2018-03-02,2691.25000000
2018-03-05,2720.93994141
2018-03-06,2728.12011719
2018-03-07,2726.80004883
2018-03-08,2738.96997070
2018-03-09,2786.57006836
2018-03-12,2783.02001953
2018-03-13,2765.31005859
2018-03-14,2749.47998047
2018-03-15,2747.33007812
2018-03-16,2752.01000977
2018-03-19,2712.91992188
2018-03-20,2716.93994141
2018-03-21,2711.92993164
2018-03-22,2643.68994141
2018-03-23,2588.26000977
2018-03-26,2658.55004883
2018-03-27,2612.62011719
2018-03-28,2605.00000000
2018-03-29,2640.87011719
2018-04-02,2581.87988281
2018-04-03,2614.44995117
2018-04-04,2644.68994141
2018-04-05,2662.84008789
2018-04-06,2604.46997070
2018-04-09,2613.15991211
2018-04-10,2656.87011719
2018-04-11,2642.18994141
2018-04-12,2663.98999023
2018-04-13,2656.30004883
2018-04-16,2677.84008789
2018-04-17,2706.38989258
2018-04-18,2708.63989258
2018-04-19,2693.12988281
2018-04-20,2670.13989258
2018-04-23,2670.29003906
2018-04-24,2634.56005859
2018-04-25,2639.39990234
2018-04-26,2666.93994141
2018-04-27,2669.90991211
2018-04-30,2648.05004883
2018-05-01,2654.80004883
2018-05-02,2635.66992188
2018-05-03,2629.72998047
2018-05-04,2663.41992188
2018-05-07,2672.62988281
2018-05-08,2671.91992188
2018-05-09,2697.79003906
2018-05-10,2723.07006836
2018-05-11,2727.71997070
2018-05-14,2730.12988281
2018-05-15,2711.44995117
2018-05-16,2722.45996094
2018-05-17,2720.12988281
2018-05-18,2712.96997070
2018-05-21,2733.01000977
2018-05-22,2724.43994141
2018-05-23,2733.29003906
2018-05-24,2727.76000977
2018-05-25,2721.33007812
2018-05-29,2689.86010742
2018-05-30,2724.01000977
2018-05-31,2705.27001953
2018-06-01,2734.62011719
2018-06-04,2746.87011719
2018-06-05,2748.80004883
2018-06-06,2772.35009766
2018-06-07,2770.37011719
2018-06-08,2779.03002930
2018-06-11,2782.00000000
2018-06-12,2786.85009766
2018-06-13,2775.62988281
2018-06-14,2782.48999023
2018-06-15,2779.65991211
2018-06-18,2773.75000000
2018-06-19,2762.59008789
2018-06-20,2767.32006836
2018-06-21,2749.76000977
2018-06-22,2754.87988281
2018-06-25,2717.07006836
2018-06-26,2723.06005859
2018-06-27,2699.62988281
2018-06-28,2716.31005859
2018-06-29,2718.37011719
2018-07-02,2726.70996094
2018-07-03,2713.21997070
2018-07-05,2736.61010742
2018-07-06,2759.82006836
2018-07-09,2784.16992188
2018-07-10,2793.84008789
2018-07-11,2774.02001953
2018-07-12,2798.29003906
2018-07-13,2801.31005859
2018-07-16,2798.42993164
2018-07-17,2809.55004883
2018-07-18,2815.62011719
2018-07-19,2804.48999023
2018-07-20,2801.83007812
2018-07-23,2806.97998047
2018-07-24,2820.39990234
2018-07-25,2846.07006836
2018-07-26,2837.43994141
2018-07-27,2818.82006836
2018-07-30,2802.60009766
2018-07-31,2816.29003906
2018-08-01,2813.36010742
2018-08-02,2827.21997070
2018-08-03,2840.35009766
2018-08-06,2850.39990234
2018-08-07,2858.44995117
2018-08-08,2857.69995117
2018-08-09,2853.58007812
2018-08-10,2833.28002930
2018-08-13,2821.92993164
2018-08-14,2839.95996094
2018-08-15,2818.37011719
2018-08-16,2840.68994141
2018-08-17,2850.12988281
2018-08-20,2857.05004883
2018-08-21,2862.95996094
2018-08-22,2861.82006836
2018-08-23,2856.97998047
2018-08-24,2874.68994141
2018-08-27,2896.73999023
2018-08-28,2897.52001953
2018-08-29,2914.04003906
2018-08-30,2901.12988281
2018-08-31,2901.52001953
2018-09-04,2896.71997070
2018-09-05,2888.60009766
2018-09-06,2878.05004883
2018-09-07,2871.67993164
2018-09-10,2877.12988281
2018-09-11,2887.88989258
2018-09-12,2888.91992188
2018-09-13,2904.17993164
2018-09-14,2904.97998047
2018-09-17,2888.80004883
2018-09-18,2904.31005859
2018-09-19,2907.94995117
2018-09-20,2930.75000000
2018-09-21,2929.66992188
2018-09-24,2919.37011719
2018-09-25,2915.56005859
2018-09-26,2905.96997070
2018-09-27,2914.00000000
2018-09-28,2913.97998047
2018-10-01,2924.59008789
2018-10-02,2923.42993164
2018-10-03,2925.51000977
2018-10-04,2901.61010742
2018-10-05,2885.57006836
2018-10-08,2884.42993164
2018-10-09,2880.34008789
2018-10-10,2785.67993164
2018-10-11,2728.37011719
2018-10-12,2767.12988281
2018-10-15,2750.79003906
2018-10-16,2809.91992188
2018-10-17,2809.20996094
2018-10-18,2768.78002930
2018-10-19,2767.78002930
2018-10-22,2755.87988281
2018-10-23,2740.68994141
2018-10-24,2656.10009766
2018-10-25,2705.57006836
2018-10-26,2658.68994141
2018-10-29,2641.25000000
2018-10-30,2682.62988281
2018-10-31,2711.73999023
2018-11-01,2740.37011719
2018-11-02,2723.06005859
2018-11-05,2738.31005859
2018-11-06,2755.44995117
2018-11-07,2813.88989258
2018-11-08,2806.83007812
2018-11-09,2781.01000977
2018-11-12,2726.21997070
2018-11-13,2722.17993164
2018-11-14,2701.58007812
2018-11-15,2730.19995117
2018-11-16,2736.27001953
2018-11-19,2690.72998047
2018-11-20,2641.88989258
2018-11-21,2649.92993164
2018-11-23,2632.56005859
2018-11-26,2673.44995117
2018-11-27,2682.16992188
2018-11-28,2743.79003906
2018-11-29,2737.80004883
2018-11-30,2760.16992188
2018-12-03,2790.37011719
2018-12-04,2700.06005859
2018-12-06,2695.94995117
2018-12-07,2633.08007812
2018-12-10,2637.71997070
2018-12-11,2636.78002930
2018-12-12,2651.07006836
2018-12-13,2650.54003906
2018-12-14,2599.94995117
2018-12-17,2545.93994141
2018-12-18,2546.15991211
2018-12-19,2506.95996094
2018-12-20,2467.41992188
2018-12-21,2416.62011719
2018-12-24,2351.10009766
2018-12-26,2467.69995117
2018-12-27,2488.83007812
2018-12-28,2485.73999023
2018-12-31,2506.85009766
2019-01-02,2510.03002930
2019-01-03,2447.88989258
2019-01-04,2531.93994141
2019-01-07,2549.68994141
2019-01-08,2574.40991211
2019-01-09,2584.95996094
2019-01-10,2596.63989258
2019-01-11,2596.26000977
2019-01-14,2582.61010742
2019-01-15,2610.30004883
2019-01-16,2616.10009766
2019-01-17,2635.95996094
2019-01-18,2670.70996094
2019-01-22,2632.89990234
2019-01-23,2638.69995117
2019-01-24,2642.33007812
2019-01-25,2664.76000977
2019-01-28,2643.85009766
2019-01-29,2640.00000000
2019-01-30,2681.05004883
2019-01-31,2704.10009766
2019-02-01,2706.53002930
2019-02-04,2724.87011719
2019-02-05,2737.69995117
2019-02-06,2731.61010742
2019-02-07,2706.05004883
2019-02-08,2707.87988281
2019-02-11,2709.80004883
2019-02-12,2744.72998047
2019-02-13,2753.03002930
2019-02-14,2745.72998047
2019-02-15,2775.60009766
2019-02-19,2779.76000977
2019-02-20,2784.69995117
2019-02-21,2774.87988281
2019-02-22,2792.66992188
2019-02-25,2796.11010742
2019-02-26,2793.89990234
2019-02-27,2792.37988281
2019-02-28,2784.48999023
2019-03-01,2803.68994141
2019-03-04,2792.81005859
2019-03-05,2789.64990234
2019-03-06,2771.44995117
2019-03-07,2748.92993164
2019-03-08,2743.07006836
2019-03-11,2783.30004883
2019-03-12,2791.52001953
2019-03-13,2810.91992188
2019-03-14,2808.47998047
2019-03-15,2822.47998047
2019-03-18,2832.93994141
2019-03-19,2832.57006836
2019-03-20,2824.22998047
2019-03-21,2854.87988281
2019-03-22,2800.70996094
2019-03-25,2798.36010742
2019-03-26,2818.45996094
2019-03-27,2805.37011719
2019-03-28,2815.43994141
2019-03-29,2834.39990234
2019-04-01,2867.18994141
2019-04-02,2867.23999023
2019-04-03,2873.39990234
2019-04-04,2879.38989258
2019-04-05,2892.73999023
2019-04-08,2895.77001953
2019-04-09,2878.19995117
2019-04-10,2888.20996094
2019-04-11,2888.32006836
2019-04-12,2907.40991211
2019-04-15,2905.58007812
2019-04-16,2907.06005859
2019-04-17,2900.44995117
2019-04-18,2905.03002930
2019-04-22,2907.96997070
2019-04-23,2933.67993164
2019-04-24,2927.25000000
2019-04-25,2926.16992188
2019-04-26,2939.87988281
2019-04-29,2943.03002930
2019-04-30,2945.83007812
2019-05-01,2923.72998047
2019-05-02,2917.52001953
2019-05-03,2945.63989258
2019-05-06,2932.46997070
2019-05-07,2884.05004883
2019-05-08,2879.41992188
2019-05-09,2870.71997070
2019-05-10,2881.39990234
2019-05-13,2811.87011719
2019-05-14,2834.40991211
2019-05-15,2850.95996094
2019-05-16,2876.32006836
2019-05-17,2859.53002930
2019-05-20,2840.22998047
2019-05-21,2864.36010742
2019-05-22,2856.27001953
2019-05-23,2822.23999023
2019-05-24,2826.06005859
2019-05-28,2802.38989258
2019-05-29,2783.02001953
2019-05-30,2788.86010742
2019-05-31,2752.06005859
2019-06-03,2744.44995117
2019-06-04,2803.27001953
2019-06-05,2826.14990234
2019-06-06,2843.48999023
2019-06-07,2873.34008789
2019-06-10,2886.72998047
2019-06-11,2885.71997070
2019-06-12,2879.84008789
2019-06-13,2891.63989258
2019-06-14,2886.97998047
2019-06-17,2889.66992188
2019-06-18,2917.75000000
2019-06-19,2926.45996094
2019-06-20,2954.17993164
2019-06-21,2950.45996094
2019-06-24,2945.35009766
2019-06-25,2917.37988281
2019-06-26,2913.78002930
2019-06-27,2924.91992188
2019-06-28,2941.76000977
2019-07-01,2964.33007812
2019-07-02,2973.01000977
2019-07-03,2995.82006836
2019-07-05,2990.40991211
2019-07-08,2975.94995117
2019-07-09,2979.62988281
2019-07-10,2993.07006836
2019-07-11,2999.90991211
2019-07-12,3013.77001953
2019-07-15,3014.30004883
2019-07-16,3004.04003906
2019-07-17,2984.41992188
2019-07-18,2995.11010742
2019-07-19,2976.61010742
2019-07-22,2985.03002930
2019-07-23,3005.46997070
2019-07-24,3019.56005859
2019-07-25,3003.66992188
2019-07-26,3025.86010742
2019-07-29,3020.96997070
2019-07-30,3013.17993164
2019-07-31,2980.37988281
2019-08-01,2953.56005859
2019-08-02,2932.05004883
2019-08-05,2844.73999023
2019-08-06,2881.77001953
2019-08-07,2883.97998047
2019-08-08,2938.09008789
2019-08-09,2918.64990234
2019-08-12,2882.69995117
2019-08-13,2926.32006836
2019-08-14,2840.60009766
2019-08-15,2847.60009766
2019-08-16,2888.67993164
2019-08-19,2923.64990234
2019-08-20,2900.51000977
2019-08-21,2924.42993164
2019-08-22,2922.94995117
2019-08-23,2847.11010742
2019-08-26,2878.37988281
2019-08-27,2869.15991211
2019-08-28,2887.93994141
2019-08-29,2924.58007812
2019-08-30,2926.45996094
2019-09-03,2906.27001953
2019-09-04,2937.78002930
2019-09-05,2976.00000000
2019-09-06,2978.70996094
2019-09-09,2978.42993164
2019-09-10,2979.38989258
2019-09-11,3000.92993164
2019-09-12,3009.57006836
2019-09-13,3007.38989258
2019-09-16,2997.95996094
2019-09-17,3005.69995117
2019-09-18,3006.72998047
2019-09-19,3006.79003906
2019-09-20,2992.07006836
2019-09-23,2991.78002930
2019-09-24,2966.60009766
2019-09-25,2984.87011719
2019-09-26,2977.62011719
2019-09-27,2961.79003906
2019-09-30,2976.73999023
2019-10-01,2940.25000000
2019-10-02,2887.61010742
2019-10-03,2910.62988281
2019-10-04,2952.01000977
2019-10-07,2938.79003906
2019-10-08,2893.06005859
2019-10-09,2919.39990234
2019-10-10,2938.12988281
2019-10-11,2970.27001953
2019-10-14,2966.14990234
2019-10-15,2995.67993164
2019-10-16,2989.68994141
2019-10-17,2997.94995117
2019-10-18,2986.19995117
2019-10-21,3006.71997070
2019-10-22,2995.98999023
2019-10-23,3004.52001953
2019-10-24,3010.29003906
2019-10-25,3022.55004883
2019-10-28,3039.41992188
2019-10-29,3036.88989258
2019-10-30,3046.77001953
2019-10-31,3037.56005859
2019-11-01,3066.90991211
2019-11-04,3078.27001953
2019-11-05,3074.62011719
2019-11-06,3076.78002930
2019-11-07,3085.17993164
2019-11-08,3093.08007812
2019-11-11,3087.01000977
2019-11-12,3091.84008789
2019-11-13,3094.04003906
2019-11-14,3096.62988281
2019-11-15,3120.45996094
2019-11-18,3122.03002930
2019-11-19,3120.17993164
2019-11-20,3108.45996094
2019-11-21,3103.54003906
2019-11-22,3110.29003906
2019-11-25,3133.63989258
2019-11-26,3140.52001953
2019-11-27,3153.62988281
2019-11-29,3140.97998047
2019-12-02,3113.87011719
2019-12-03,3093.19995117
2019-12-04,3112.76000977
2019-12-05,3117.42993164
2019-12-06,3145.90991211
2019-12-09,3135.95996094
2019-12-10,3132.52001953
2019-12-11,3141.62988281
2019-12-12,3168.57006836
2019-12-13,3168.80004883
2019-12-16,3191.44995117
2019-12-17,3192.52001953
2019-12-18,3191.13989258
2019-12-19,3205.37011719
2019-12-20,3221.21997070
2019-12-23,3224.01000977
2019-12-24,3223.37988281
2019-12-26,3239.90991211
2019-12-27,3240.02001953
2019-12-30,3221.29003906
2019-12-31,3230.78002930
2020-01-02,3257.85009766
2020-01-03,3234.85009766
2020-01-06,3246.28002930
2020-01-07,3237.17993164
2020-01-08,3253.05004883
2020-01-09,3274.69995117
2020-01-10,3265.35009766
2020-01-13,3288.12988281
2020-01-14,3283.14990234
2020-01-15,3289.29003906
2020-01-16,3316.81005859
2020-01-17,3329.62011719
2020-01-21,3320.79003906
2020-01-22,3321.75000000
2020-01-23,3325.54003906
2020-01-24,3295.46997070
2020-01-27,3243.62988281
2020-01-28,3276.23999023
2020-01-29,3273.39990234
2020-01-30,3283.65991211
2020-01-31,3225.52001953
2020-02-03,3248.91992188
2020-02-04,3297.59008789
2020-02-05,3334.68994141
2020-02-06,3345.78002930
2020-02-07,3327.70996094
2020-02-10,3352.09008789
2020-02-11,3357.75000000
2020-02-12,3379.44995117
2020-02-13,3373.93994141
2020-02-14,3380.15991211
2020-02-18,3370.29003906
2020-02-19,3386.14990234
2020-02-20,3373.22998047
2020-02-21,3337.75000000
2020-02-24,3225.88989258
2020-02-25,3128.20996094
2020-02-26,3116.38989258
2020-02-27,2978.76000977
2020-02-28,2954.21997070
2020-03-02,3090.22998047
2020-03-03,3003.37011719
2020-03-04,3130.12011719
2020-03-05,3023.93994141
2020-03-06,2972.37011719
2020-03-09,2746.56005859
2020-03-10,2882.22998047
2020-03-11,2741.37988281
2020-03-12,2480.63989258
2020-03-13,2711.02001953
2020-03-16,2386.12988281
2020-03-17,2529.18994141
2020-03-18,2398.10009766
2020-03-19,2409.38989258
2020-03-20,2304.91992188
2020-03-23,2237.39990234
2020-03-24,2447.33007812
2020-03-25,2475.56005859
2020-03-26,2630.07006836
2020-03-27,2541.46997070
2020-03-30,2626.64990234
2020-03-31,2584.59008789
2020-04-01,2470.50000000
2020-04-02,2526.89990234
2020-04-03,2488.64990234
2020-04-06,2663.67993164
2020-04-07,2659.40991211
2020-04-08,2749.97998047
2020-04-09,2789.82006836
2020-04-13,2761.62988281
2020-04-14,2846.06005859
2020-04-15,2783.36010742
2020-04-16,2799.55004883
2020-04-17,2874.56005859
2020-04-20,2823.15991211
2020-04-21,2736.56005859
2020-04-22,2799.31005859
2020-04-23,2797.80004883
2020-04-24,2836.73999023
2020-04-27,2878.47998047
2020-04-28,2863.38989258
2020-04-29,2939.51000977
2020-04-30,2912.42993164
2020-05-01,2830.70996094
2020-05-04,2842.73999023
2020-05-05,2868.43994141
2020-05-06,2848.41992188
2020-05-07,2881.18994141
2020-05-08,2929.80004883
2020-05-11,2930.18994141
2020-05-12,2870.12011719
2020-05-13,2820.00000000
2020-05-14,2852.50000000
2020-05-15,2863.69995117
2020-05-18,2953.90991211
2020-05-19,2922.93994141
2020-05-20,2971.61010742
2020-05-21,2948.51000977
2020-05-22,2955.44995117
2020-05-26,2991.77001953
2020-05-27,3036.12988281
2020-05-28,3029.72998047
2020-05-29,3044.31005859
2020-06-01,3055.72998047
2020-06-02,3080.82006836
2020-06-03,3122.87011719
2020-06-04,3112.35009766
2020-06-05,3193.92993164
2020-06-08,3232.38989258
2020-06-09,3207.17993164
2020-06-10,3190.13989258
2020-06-11,3002.10009766
2020-06-12,3041.31005859
2020-06-15,3066.59008789
2020-06-16,3124.73999023
2020-06-17,3113.48999023
2020-06-18,3115.34008789
2020-06-19,3097.73999023
2020-06-22,3117.86010742
2020-06-23,3131.29003906
2020-06-24,3050.33007812
2020-06-25,3083.76000977
2020-06-26,3009.05004883
2020-06-29,3053.23999023
2020-06-30,3100.29003906
2020-07-01,3115.86010742
2020-07-02,3130.01000977
2020-07-06,3179.71997070
2020-07-07,3145.32006836
2020-07-08,3169.93994141
2020-07-09,3152.05004883
2020-07-10,3185.04003906
2020-07-13,3155.21997070
2020-07-14,3197.52001953
2020-07-15,3226.56005859
2020-07-16,3215.57006836
2020-07-17,3224.72998047
2020-07-20,3251.84008789
2020-07-21,3257.30004883
2020-07-22,3276.02001953
2020-07-23,3235.65991211
2020-07-24,3215.62988281
2020-07-27,3239.40991211
2020-07-28,3218.43994141
2020-07-29,3258.43994141
2020-07-30,3246.21997070
2020-07-31,3271.12011719
2020-08-03,3294.61010742
2020-08-04,3306.51000977
2020-08-05,3327.77001953
2020-08-06,3349.15991211
2020-08-07,3351.28002930
2020-08-10,3360.46997070
2020-08-11,3333.68994141
2020-08-12,3380.35009766
2020-08-13,3373.42993164
2020-08-14,3372.85009766
2020-08-17,3381.98999023
2020-08-18,3389.78002930
2020-08-19,3374.85009766
2020-08-20,3385.51000977
2020-08-21,3397.15991211
2020-08-24,3431.28002930
2020-08-25,3443.62011719
2020-08-26,3478.72998047
2020-08-27,3484.55004883
2020-08-28,3508.01000977
2020-08-31,3500.31005859
2020-09-01,3526.64990234
2020-09-02,3580.84008789
2020-09-03,3455.06005859
2020-09-04,3426.95996094
2020-09-08,3331.84008789
2020-09-09,3398.95996094
2020-09-10,3339.18994141
2020-09-11,3340.96997070
2020-09-14,3383.54003906
2020-09-15,3401.19995117
2020-09-16,3385.48999023
2020-09-17,3357.01000977
2020-09-18,3319.46997070
2020-09-21,3281.06005859
2020-09-22,3315.57006836
2020-09-23,3236.91992188
2020-09-24,3246.59008789
2020-09-25,3298.45996094
2020-09-28,3351.60009766
2020-09-29,3335.46997070
2020-09-30,3363.00000000
2020-10-01,3380.80004883
2020-10-02,3348.41992188
2020-10-05,3408.60009766
2020-10-06,3360.96997070
2020-10-07,3419.43994141
2020-10-08,3446.83007812
2020-10-09,3477.13989258
2020-10-12,3534.21997070
2020-10-13,3511.92993164
2020-10-14,3488.66992188
2020-10-15,3483.34008789
2020-10-16,3483.81005859
2020-10-19,3426.91992188
2020-10-20,3443.12011719
2020-10-21,3435.56005859
2020-10-22,3453.48999023
2020-10-23,3465.38989258
2020-10-26,3400.96997070
2020-10-27,3390.67993164
2020-10-28,3271.03002930
2020-10-29,3310.11010742
2020-10-30,3269.95996094
2020-11-02,3310.23999023
2020-11-03,3369.15991211
2020-11-04,3443.43994141
2020-11-05,3510.44995117
2020-11-06,3509.43994141
2020-11-09,3550.50000000
2020-11-10,3545.53002930
2020-11-11,3572.65991211
2020-11-12,3537.01000977
2020-11-13,3585.14990234
2020-11-16,3626.90991211
2020-11-17,3609.53002930
2020-11-18,3567.79003906
2020-11-19,3581.87011719
2020-11-20,3557.54003906
2020-11-23,3577.59008789
2020-11-24,3635.40991211
2020-11-25,3629.64990234
2020-11-27,3638.35009766
2020-11-30,3621.62988281
2020-12-01,3662.44995117
2020-12-02,3669.01000977
2020-12-03,3666.71997070
2020-12-04,3699.12011719
2020-12-07,3691.95996094
2020-12-08,3702.25000000
2020-12-09,3672.82006836
2020-12-10,3668.10009766
2020-12-11,3663.45996094
2020-12-14,3647.48999023
2020-12-15,3694.62011719
2020-12-16,3701.16992188
2020-12-17,3722.47998047
2020-12-18,3709.40991211
2020-12-21,3694.91992188
2020-12-22,3687.26000977
2020-12-23,3690.01000977
2020-12-24,3703.06005859
2020-12-28,3735.36010742
2020-12-29,3727.04003906
2020-12-30,3732.04003906
2020-12-31,3756.07006836
2021-01-04,3700.64990234
2021-01-05,3726.86010742
2021-01-06,3748.13989258
2021-01-07,3803.79003906
2021-01-08,3824.67993164
2021-01-11,3799.61010742
2021-01-12,3801.18994141
2021-01-13,3809.84008789
2021-01-14,3795.54003906
2021-01-15,3768.25000000
2021-01-19,3798.90991211
2021-01-20,3851.85009766
2021-01-21,3853.07006836
2021-01-22,3841.46997070
2021-01-25,3855.36010742
2021-01-26,3849.62011719
2021-01-27,3750.77001953
2021-01-28,3787.37988281
2021-01-29,3714.23999023
2021-02-01,3773.86010742
2021-02-02,3826.31005859
2021-02-03,3830.16992188
2021-02-04,3871.73999023
2021-02-05,3886.83007812
2021-02-08,3915.59008789
2021-02-09,3911.22998047
2021-02-10,3909.87988281
2021-02-11,3916.37988281
2021-02-12,3934.83007812
2021-02-16,3932.59008789
2021-02-17,3931.33007812
2021-02-18,3913.96997070
2021-02-19,3906.70996094
2021-02-22,3876.50000000
2021-02-23,3881.37011719
2021-02-24,3925.42993164
2021-02-25,3829.34008789
2021-02-26,3811.14990234
2021-03-01,3901.82006836
2021-03-02,3870.29003906
2021-03-03,3819.71997070
2021-03-04,3768.46997070
2021-03-05,3841.93994141
2021-03-08,3821.35009766
2021-03-09,3875.43994141
2021-03-10,3898.81005859
2021-03-11,3939.34008789
2021-03-12,3943.34008789
2021-03-15,3968.93994141
2021-03-16,3962.70996094
2021-03-17,3974.12011719
2021-03-18,3915.45996094
2021-03-19,3913.10009766
2021-03-22,3940.59008789
2021-03-23,3910.52001953
2021-03-24,3889.13989258
2021-03-25,3909.52001953
2021-03-26,3974.54003906
2021-03-29,3971.09008789
2021-03-30,3958.55004883
2021-03-31,3972.88989258
2021-04-01,4019.87011719
2021-04-05,4077.90991211
2021-04-06,4073.93994141
2021-04-07,4079.94995117
2021-04-08,4097.16992188
2021-04-09,4128.79980469
2021-04-12,4127.99023438
2021-04-13,4141.58984375
2021-04-14,4124.66015625
2021-04-15,4170.41992188
2021-04-16,4185.47021484
2021-04-19,4163.25976562
2021-04-20,4134.93994141
2021-04-21,4173.41992188
2021-04-22,4134.97998047
2021-04-23,4180.16992188
2021-04-26,4187.62011719
2021-04-27,4186.72021484
2021-04-28,4183.18017578
2021-04-29,4211.47021484
2021-04-30,4181.16992188
2021-05-03,4192.66015625
2021-05-04,4164.66015625
2021-05-05,4167.58984375
2021-05-06,4201.62011719
2021-05-07,4232.60009766
2021-05-10,4188.43017578
2021-05-11,4152.10009766
2021-05-12,4063.04003906
2021-05-13,4112.50000000
2021-05-14,4173.85009766
2021-05-17,4163.29003906
2021-05-18,4127.83007812
2021-05-19,4115.68017578
2021-05-20,4159.12011719
2021-05-21,4155.85986328
2021-05-24,4197.04980469
2021-05-25,4188.12988281
2021-05-26,4195.99023438
2021-05-27,4200.87988281
2021-05-28,4204.10986328
2021-06-01,4202.04003906
2021-06-02,4208.12011719
2021-06-03,4192.85009766
2021-06-04,4229.89013672
2021-06-07,4226.52001953
2021-06-08,4227.25976562
2021-06-09,4219.54980469
2021-06-10,4239.18017578
2021-06-11,4247.43994141
2021-06-14,4255.14990234
2021-06-15,4246.58984375
2021-06-16,4223.70019531
2021-06-17,4221.85986328
2021-06-18,4166.45019531
2021-06-21,4224.79003906
2021-06-22,4246.43994141
2021-06-23,4241.83984375
2021-06-24,4266.49023438
2021-06-25,4280.70019531
2021-06-28,4290.60986328
2021-06-29,4291.79980469
2021-06-30,4297.50000000
2021-07-01,4319.93994141
2021-07-02,4352.33984375
2021-07-06,4343.54003906
2021-07-07,4358.12988281
2021-07-08,4320.81982422
2021-07-09,4369.54980469
2021-07-12,4384.62988281
2021-07-13,4369.20996094
2021-07-14,4374.29980469
2021-07-15,4360.02978516
2021-07-16,4327.16015625
2021-07-19,4258.49023438
2021-07-20,4323.06005859
2021-07-21,4358.68994141
2021-07-22,4367.47998047
2021-07-23,4411.79003906
2021-07-26,4422.29980469
2021-07-27,4401.45996094
2021-07-28,4400.64013672
2021-07-29,4419.14990234
2021-07-30,4395.25976562
2021-08-02,4387.16015625
2021-08-03,4423.14990234
2021-08-04,4402.66015625
2021-08-05,4429.10009766
2021-08-06,4436.52001953
2021-08-09,4432.35009766
2021-08-10,4436.75000000
2021-08-11,4442.41015625
2021-08-12,4460.83007812
2021-08-13,4468.00000000
2021-08-16,4479.70996094
2021-08-17,4448.08007812
2021-08-18,4400.27001953
2021-08-19,4405.79980469
2021-08-20,4441.66992188
2021-08-23,4479.52978516
2021-08-24,4486.22998047
2021-08-25,4496.18994141
2021-08-26,4470.00000000
2021-08-27,4509.37011719
2021-08-30,4528.79003906
2021-08-31,4522.68017578
2021-09-01,4524.08984375
2021-09-02,4536.95019531
2021-09-03,4535.43017578
2021-09-07,4520.02978516
2021-09-08,4514.06982422
2021-09-09,4493.27978516
2021-09-10,4458.58007812
2021-09-13,4468.72998047
2021-09-14,4443.04980469
2021-09-15,4480.70019531
2021-09-16,4473.75000000
2021-09-17,4432.99023438
2021-09-20,4357.72998047
2021-09-21,4354.18994141
2021-09-22,4395.64013672
2021-09-23,4448.97998047
2021-09-24,4455.47998047
2021-09-27,4443.10986328
2021-09-28,4352.62988281
2021-09-29,4359.45996094
2021-09-30,4307.54003906
2021-10-01,4357.04003906
2021-10-04,4300.45996094
2021-10-05,4345.72021484
2021-10-06,4363.54980469
2021-10-07,4399.75976562
2021-10-08,4391.33984375
2021-10-11,4361.18994141
2021-10-12,4350.64990234
2021-10-13,4363.79980469
2021-10-14,4438.25976562
2021-10-15,4471.37011719
2021-10-18,4486.45996094
2021-10-19,4519.62988281
2021-10-20,4536.18994141
2021-10-21,4549.77978516
2021-10-22,4544.89990234
2021-10-25,4566.47998047
2021-10-26,4574.79003906
2021-10-27,4551.68017578
2021-10-28,4596.41992188
2021-10-29,4605.37988281
2021-11-01,4613.66992188
2021-11-02,4630.64990234
2021-11-03,4660.56982422
2021-11-04,4680.06005859
2021-11-05,4697.52978516
2021-11-08,4701.70019531
2021-11-09,4685.25000000
2021-11-10,4646.70996094
2021-11-11,4649.27001953
2021-11-12,4682.85009766
2021-11-15,4682.79980469
2021-11-16,4700.89990234
2021-11-17,4688.66992188
2021-11-18,4704.54003906
2021-11-19,4697.95996094
2021-11-22,4682.93994141
2021-11-23,4690.70019531
2021-11-24,4701.45996094
2021-11-26,4594.62011719
2021-11-29,4655.27001953
2021-11-30,4567.00000000
2021-12-01,4513.04003906
2021-12-02,4577.10009766
2021-12-03,4538.43017578
2021-12-06,4591.66992188
2021-12-07,4686.75000000
2021-12-08,4701.20996094
2021-12-09,4667.45019531
2021-12-10,4712.02001953
2021-12-13,4668.97021484
2021-12-14,4634.08984375
2021-12-15,4709.85009766
2021-12-16,4668.66992188
2021-12-17,4620.64013672
2021-12-20,4568.02001953
2021-12-21,4649.22998047
2021-12-22,4696.56005859
2021-12-23,4725.79003906
2021-12-27,4791.18994141
2021-12-28,4786.35009766
2021-12-29,4793.06005859
2021-12-30,4778.72998047
2021-12-31,4766.18017578
2022-01-03,4796.56005859
2022-01-04,4793.54003906
2022-01-05,4700.58007812
2022-01-06,4696.04980469
2022-01-07,4677.02978516
2022-01-10,4670.29003906
2022-01-11,4713.06982422
2022-01-12,4726.35009766
2022-01-13,4659.02978516
2022-01-14,4662.85009766
2022-01-18,4577.10986328
2022-01-19,4532.75976562
2022-01-20,4482.72998047
2022-01-21,4397.93994141
2022-01-24,4410.12988281
2022-01-25,4356.45019531
2022-01-26,4349.93017578
2022-01-27,4326.50976562
2022-01-28,4431.85009766
2022-01-31,4515.54980469
2022-02-01,4546.54003906
2022-02-02,4589.37988281
2022-02-03,4477.43994141
2022-02-04,4500.52978516
2022-02-07,4483.87011719
2022-02-08,4521.54003906
2022-02-09,4587.18017578
2022-02-10,4504.08007812
2022-02-11,4418.64013672
2022-02-14,4401.66992188
2022-02-15,4471.06982422
2022-02-16,4475.00976562
2022-02-17,4380.25976562
2022-02-18,4348.87011719
2022-02-22,4304.75976562
2022-02-23,4225.50000000
2022-02-24,4288.70019531
2022-02-25,4384.64990234
2022-02-28,4373.93994141
2022-03-01,4306.25976562
2022-03-02,4386.54003906
2022-03-03,4363.49023438
2022-03-04,4328.87011719
2022-03-07,4201.08984375
2022-03-08,4170.70019531
2022-03-09,4277.87988281
2022-03-10,4259.52001953
2022-03-11,4204.31005859
2022-03-14,4173.10986328
2022-03-15,4262.45019531
2022-03-16,4357.85986328
2022-03-17,4411.66992188
2022-03-18,4463.12011719
2022-03-21,4461.18017578
2022-03-22,4511.60986328
2022-03-23,4456.24023438
2022-03-24,4520.16015625
2022-03-25,4543.06005859
2022-03-28,4575.52001953
2022-03-29,4631.60009766
2022-03-30,4602.45019531
2022-03-31,4530.41015625
2022-04-01,4545.85986328
2022-04-04,4582.64013672
2022-04-05,4525.12011719
2022-04-06,4481.14990234
2022-04-07,4500.20996094
2022-04-08,4488.27978516
2022-04-11,4412.52978516
2022-04-12,4397.45019531
2022-04-13,4446.58984375
2022-04-14,4392.58984375
2022-04-18,4391.68994141
2022-04-19,4462.20996094
2022-04-20,4459.45019531
2022-04-21,4393.66015625
2022-04-22,4271.77978516
2022-04-25,4296.12011719
2022-04-26,4175.20019531
2022-04-27,4183.95996094
2022-04-28,4287.50000000
2022-04-29,4131.93017578
2022-05-02,4155.37988281
2022-05-03,4175.47998047
2022-05-04,4300.16992188
2022-05-05,4146.87011719
2022-05-06,4123.33984375
2022-05-09,3991.23999023
2022-05-10,4001.05004883
2022-05-11,3935.17993164
2022-05-12,3930.08007812
2022-05-13,4023.88989258
2022-05-16,4008.01000977
2022-05-17,4088.85009766
2022-05-18,3923.67993164
2022-05-19,3900.79003906
2022-05-20,3901.36010742
2022-05-23,3973.75000000
2022-05-24,3941.47998047
2022-05-25,3978.72998047
2022-05-26,4057.84008789
2022-05-27,4158.24023438
2022-05-31,4132.14990234
2022-06-01,4101.22998047
2022-06-02,4176.81982422
2022-06-03,4108.54003906
2022-06-06,4121.43017578
2022-06-07,4160.68017578
2022-06-08,4115.77001953
2022-06-09,4017.82006836
2022-06-10,3900.86010742
2022-06-13,3749.62988281
2022-06-14,3735.47998047
2022-06-15,3789.98999023
2022-06-16,3666.77001953
2022-06-17,3674.84008789
2022-06-21,3764.79003906
2022-06-22,3759.88989258
2022-06-23,3795.72998047
2022-06-24,3911.73999023
2022-06-27,3900.11010742
2022-06-28,3821.55004883
2022-06-29,3818.83007812
2022-06-30,3785.37988281
2022-07-01,3825.33007812
2022-07-05,3831.38989258
2022-07-06,3845.08007812
2022-07-07,3902.62011719
2022-07-08,3899.37988281
2022-07-11,3854.42993164
2022-07-12,3818.80004883
2022-07-13,3801.78002930
2022-07-14,3790.37988281
2022-07-15,3863.15991211
2022-07-18,3830.85009766
2022-07-19,3936.68994141
2022-07-20,3959.89990234
2022-07-21,3998.94995117
2022-07-22,3961.62988281
2022-07-25,3966.84008789
2022-07-26,3921.05004883
2022-07-27,4023.61010742
2022-07-28,4072.42993164
2022-07-29,4130.29003906
2022-08-01,4118.62988281
2022-08-02,4091.18994141
2022-08-03,4155.16992188
2022-08-04,4151.93994141
2022-08-05,4145.18994141
2022-08-08,4140.06005859
2022-08-09,4122.47021484
2022-08-10,4210.24023438
2022-08-11,4207.27001953
2022-08-12,4280.14990234
2022-08-15,4297.14013672
2022-08-16,4305.20019531
2022-08-17,4274.04003906
2022-08-18,4283.74023438
2022-08-19,4228.47998047
2022-08-22,4137.99023438
2022-08-23,4128.72998047
2022-08-24,4140.77001953
2022-08-25,4199.12011719
2022-08-26,4057.65991211
2022-08-29,4030.61010742
2022-08-30,3986.15991211
2022-08-31,3955.00000000
2022-09-01,3966.85009766
2022-09-02,3924.26000977
2022-09-06,3908.18994141
2022-09-07,3979.87011719
2022-09-08,4006.17993164
2022-09-09,4067.36010742
2022-09-12,4110.41015625
2022-09-13,3932.68994141
2022-09-14,3946.01000977
2022-09-15,3901.35009766
2022-09-16,3873.33007812
2022-09-19,3899.88989258
2022-09-20,3855.92993164
2022-09-21,3789.92993164
2022-09-22,3757.98999023
2022-09-23,3693.22998047
2022-09-26,3655.04003906
2022-09-27,3647.29003906
2022-09-28,3719.04003906
2022-09-29,3640.46997070
2022-09-30,3585.62011719
2022-10-03,3678.42993164
2022-10-04,3790.92993164
2022-10-05,3783.28002930
2022-10-06,3744.52001953
2022-10-07,3639.65991211
2022-10-10,3612.38989258
2022-10-11,3588.84008789
2022-10-12,3577.03002930
2022-10-13,3669.90991211
2022-10-14,3583.07006836
2022-10-17,3677.94995117
2022-10-18,3719.97998047
2022-10-19,3695.15991211
2022-10-20,3665.78002930
2022-10-21,3752.75000000
2022-10-24,3797.34008789
2022-10-25,3859.11010742
2022-10-26,3830.60009766
2022-10-27,3807.30004883
2022-10-28,3901.06005859
2022-10-31,3871.97998047
2022-11-01,3856.10009766
2022-11-02,3759.68994141
2022-11-03,3719.88989258
2022-11-04,3770.55004883
2022-11-07,3806.80004883
2022-11-08,3828.11010742
2022-11-09,3748.57006836
2022-11-10,3956.37011719
2022-11-11,3992.92993164
2022-11-14,3957.25000000
2022-11-15,3991.72998047
2022-11-16,3958.79003906
2022-11-17,3946.56005859
2022-11-18,3965.34008789
2022-11-21,3949.93994141
2022-11-22,4003.58007812
2022-11-23,4027.26000977
2022-11-25,4026.12011719
2022-11-28,3963.93994141
2022-11-29,3957.62988281
2022-11-30,4080.11010742
2022-12-01,4076.57006836
2022-12-02,4071.69995117
2022-12-05,3998.84008789
2022-12-06,3941.26000977
2022-12-07,3933.91992188
2022-12-08,3963.51000977
2022-12-09,3934.37988281
2022-12-12,3990.56005859
2022-12-13,4019.64990234
2022-12-14,3995.32006836
2022-12-15,3895.75000000
2022-12-16,3852.36010742
2022-12-19,3817.65991211
2022-12-20,3821.62011719
2022-12-21,3878.43994141
2022-12-22,3822.38989258
2022-12-23,3844.82006836
2022-12-27,3829.25000000
2022-12-28,3783.21997070
2022-12-29,3849.28002930
2022-12-30,3839.50000000
2023-01-03,3824.13989258
2023-01-04,3852.96997070
2023-01-05,3808.10009766
2023-01-06,3895.08007812
2023-01-09,3892.09008789
2023-01-10,3919.25000000
2023-01-11,3969.61010742
2023-01-12,3983.16992188
2023-01-13,3999.09008789
2023-01-17,3990.96997070
2023-01-18,3928.86010742
2023-01-19,3898.85009766
2023-01-20,3972.61010742
2023-01-23,4019.81005859
2023-01-24,4016.94995117
2023-01-25,4016.21997070
2023-01-26,4060.42993164
2023-01-27,4070.56005859
2023-01-30,4017.77001953
2023-01-31,4076.60009766
2023-02-01,4119.20996094
2023-02-02,4179.75976562
2023-02-03,4136.47998047
2023-02-06,4111.08007812
2023-02-07,4164.00000000
2023-02-08,4117.85986328
2023-02-09,4081.50000000
2023-02-10,4090.45996094
2023-02-13,4137.29003906
2023-02-14,4136.12988281
2023-02-15,4147.60009766
2023-02-16,4090.40991211
2023-02-17,4079.09008789
2023-02-21,3997.34008789
2023-02-22,3991.05004883
2023-02-23,4012.32006836
2023-02-24,3970.04003906
2023-02-27,3982.23999023
2023-02-28,3970.14990234
2023-03-01,3951.38989258
2023-03-02,3981.35009766
2023-03-03,4045.63989258
2023-03-06,4048.41992188
2023-03-07,3986.37011719
2023-03-08,3992.01000977
2023-03-09,3918.32006836
2023-03-10,3861.59008789
2023-03-13,3855.76000977
2023-03-14,3919.29003906
2023-03-15,3891.92993164
2023-03-16,3960.28002930
2023-03-17,3916.63989258
2023-03-20,3951.57006836
2023-03-21,4002.87011719
2023-03-22,3936.96997070
2023-03-23,3948.71997070
2023-03-24,3970.98999023
2023-03-27,3977.53002930
2023-03-28,3971.27001953
2023-03-29,4027.81005859
2023-03-30,4050.83007812
2023-03-31,4109.31005859
2023-04-03,4124.50976562
2023-04-04,4100.60009766
2023-04-05,4090.37988281
2023-04-06,4105.02001953
2023-04-10,4109.10986328
2023-04-11,4108.93994141
2023-04-12,4091.94995117
2023-04-13,4146.22021484
2023-04-14,4137.64013672
2023-04-17,4151.31982422
2023-04-18,4154.87011719
2023-04-19,4154.52001953
2023-04-20,4129.79003906
2023-04-21,4133.52001953
2023-04-24,4137.04003906
2023-04-25,4071.62988281
2023-04-26,4055.98999023
2023-04-27,4135.35009766
2023-04-28,4169.47998047
2023-05-01,4167.87011719
2023-05-02,4119.58007812
2023-05-03,4090.75000000
2023-05-04,4061.21997070
2023-05-05,4136.25000000
2023-05-08,4138.12011719
2023-05-09,4119.16992188
2023-05-10,4137.64013672
2023-05-11,4130.62011719
2023-05-12,4124.08007812
2023-05-15,4136.27978516
2023-05-16,4109.89990234
2023-05-17,4158.77001953
2023-05-18,4198.04980469
2023-05-19,4191.97998047
2023-05-22,4192.62988281
2023-05-23,4145.58007812
2023-05-24,4115.24023438
2023-05-25,4151.27978516
2023-05-26,4205.45019531
2023-05-30,4205.52001953
2023-05-31,4179.83007812
2023-06-01,4221.02001953
2023-06-02,4282.37011719
2023-06-05,4273.79003906
2023-06-06,4283.85009766
2023-06-07,4267.52001953
2023-06-08,4293.93017578
2023-06-09,4298.85986328
2023-06-12,4338.93017578
2023-06-13,4369.00976562
2023-06-14,4372.58984375
2023-06-15,4425.83984375
2023-06-16,4409.58984375
2023-06-20,4388.70996094
2023-06-21,4365.68994141
2023-06-22,4381.89013672
2023-06-23,4348.33007812
2023-06-26,4328.81982422
2023-06-27,4378.41015625
2023-06-28,4376.85986328
2023-06-29,4396.43994141
2023-06-30,4450.37988281
2023-07-03,4455.58984375
2023-07-05,4446.81982422
2023-07-06,4411.58984375
2023-07-07,4398.95019531
2023-07-10,4409.52978516
2023-07-11,4439.25976562
2023-07-12,4472.16015625
2023-07-13,4510.04003906
2023-07-14,4505.41992188
2023-07-17,4522.79003906
2023-07-18,4554.97998047
2023-07-19,4565.72021484
2023-07-20,4534.87011719
2023-07-21,4536.33984375
2023-07-24,4554.64013672
2023-07-25,4567.45996094
2023-07-26,4566.75000000
2023-07-27,4537.41015625
2023-07-28,4582.22998047
2023-07-31,4588.95996094
2023-08-01,4576.72998047
2023-08-02,4513.39013672
2023-08-03,4501.89013672
2023-08-04,4478.02978516
2023-08-07,4518.43994141
2023-08-08,4499.37988281
2023-08-09,4467.70996094
2023-08-10,4468.83007812
2023-08-11,4464.04980469
2023-08-14,4489.72021484
2023-08-15,4437.85986328
2023-08-16,4404.33007812
2023-08-17,4370.35986328
2023-08-18,4369.70996094
2023-08-21,4399.77001953
2023-08-22,4387.54980469
2023-08-23,4436.00976562
2023-08-24,4376.31005859
2023-08-25,4405.70996094
2023-08-28,4433.31005859
2023-08-29,4497.62988281
2023-08-30,4514.87011719
2023-08-31,4507.66015625
2023-09-01,4515.77001953
2023-09-05,4496.83007812
2023-09-06,4465.47998047
2023-09-07,4451.14013672
2023-09-08,4457.49023438
2023-09-11,4487.45996094
2023-09-12,4461.89990234
2023-09-13,4467.43994141
2023-09-14,4505.10009766
2023-09-15,4450.31982422
2023-09-18,4453.52978516
2023-09-19,4443.95019531
2023-09-20,4402.20019531
2023-09-21,4330.00000000
2023-09-22,4320.06005859
2023-09-25,4337.43994141
2023-09-26,4273.52978516
2023-09-27,4274.50976562
2023-09-28,4299.70019531
2023-09-29,4288.04980469
2023-10-02,4288.39013672
2023-10-03,4229.45019531
2023-10-04,4263.75000000
2023-10-05,4258.18994141
2023-10-06,4308.50000000
2023-10-09,4335.66015625
2023-10-10,4358.24023438
2023-10-11,4376.95019531
2023-10-12,4349.60986328
2023-10-13,4327.77978516
2023-10-16,4373.62988281
2023-10-17,4373.20019531
2023-10-18,4314.60009766
2023-10-19,4278.00000000
2023-10-20,4224.16015625
2023-10-23,4217.04003906
2023-10-24,4247.68017578
2023-10-25,4186.77001953
2023-10-26,4137.22998047
2023-10-27,4117.37011719
2023-10-30,4166.81982422
2023-10-31,4193.79980469
2023-11-01,4237.85986328
2023-11-02,4317.77978516
2023-11-03,4358.33984375
2023-11-06,4365.97998047
2023-11-07,4378.37988281
2023-11-08,4382.77978516
2023-11-09,4347.35009766
2023-11-10,4415.24023438
2023-11-13,4411.54980469
2023-11-14,4495.70019531
2023-11-15,4502.87988281
2023-11-16,4508.24023438
2023-11-17,4514.02001953
2023-11-20,4547.37988281
2023-11-21,4538.18994141
2023-11-22,4556.62011719
2023-11-24,4559.33984375
2023-11-27,4550.43017578
2023-11-28,4554.89013672
2023-11-29,4550.58007812
2023-11-30,4567.79980469
2023-12-01,4594.62988281
2023-12-04,4569.77978516
2023-12-05,4567.18017578
2023-12-06,4549.33984375
2023-12-07,4585.58984375
2023-12-08,4604.37011719
2023-12-11,4622.43994141
2023-12-12,4643.70019531
2023-12-13,4707.08984375
2023-12-14,4719.54980469
2023-12-15,4719.18994141
2023-12-18,4740.56005859
2023-12-19,4768.37011719
2023-12-20,4698.35009766
2023-12-21,4746.75000000
2023-12-22,4754.62988281
2023-12-26,4774.75000000
2023-12-27,4781.58007812
2023-12-28,4783.35009766
2023-12-29,4769.83007812
2024-01-02,4742.83007812
2024-01-03,4704.81005859
2024-01-04,4688.68017578
2024-01-05,4697.24023438
2024-01-08,4763.54003906
2024-01-09,4756.50000000
2024-01-10,4783.45019531
2024-01-11,4780.24023438
2024-01-12,4783.83007812
2024-01-16,4765.97998047
2024-01-17,4739.20996094
2024-01-18,4780.93994141
2024-01-19,4839.81005859
2024-01-22,4850.43017578
2024-01-23,4864.60009766
2024-01-24,4868.54980469
2024-01-25,4894.16015625
2024-01-26,4890.97021484
2024-01-29,4927.93017578
2024-01-30,4924.97021484
2024-01-31,4845.64990234
2024-02-01,4906.18994141
2024-02-02,4958.60986328
2024-02-05,4942.81005859
2024-02-06,4954.22998047
2024-02-07,4995.06005859
2024-02-08,4997.91015625
2024-02-09,5026.60986328
2024-02-12,5021.83984375
2024-02-13,4953.16992188
2024-02-14,5000.62011719
2024-02-15,5029.72998047
2024-02-16,5005.56982422
2024-02-20,4975.50976562
2024-02-21,4981.79980469
2024-02-22,5087.02978516
2024-02-23,5088.79980469
2024-02-26,5069.52978516
2024-02-27,5078.18017578
2024-02-28,5069.75976562
2024-02-29,5096.27001953
2024-03-01,5137.08007812
2024-03-04,5130.95019531
2024-03-05,5078.64990234
2024-03-06,5104.75976562
2024-03-07,5157.35986328
2024-03-08,5123.68994141
2024-03-11,5117.93994141
2024-03-12,5175.27001953
2024-03-13,5165.31005859
2024-03-14,5150.47998047
2024-03-15,5117.08984375
2024-03-18,5149.41992188
2024-03-19,5178.50976562
2024-03-20,5224.62011719
2024-03-21,5241.52978516
2024-03-22,5234.18017578
2024-03-25,5218.18994141
2024-03-26,5203.58007812
2024-03-27,5248.49023438
2024-03-28,5254.35009766
2024-04-01,5243.77001953
2024-04-02,5205.81005859
2024-04-03,5211.49023438
2024-04-04,5147.20996094
2024-04-05,5204.33984375
2024-04-08,5202.39013672
2024-04-09,5209.91015625
2024-04-10,5160.64013672
2024-04-11,5199.06005859
2024-04-12,5123.41015625
2024-04-15,5061.81982422
2024-04-16,5051.41015625
2024-04-17,5022.20996094
2024-04-18,5011.12011719
2024-04-19,4967.22998047
2024-04-22,5010.60009766
2024-04-23,5070.54980469
2024-04-24,5071.62988281
2024-04-25,5048.41992188
2024-04-26,5099.95996094
2024-04-29,5116.16992188
2024-04-30,5035.68994141
2024-05-01,5018.39013672
2024-05-02,5064.20019531
2024-05-03,5127.79003906
2024-05-06,5180.74023438
2024-05-07,5187.70019531
2024-05-08,5187.66992188
2024-05-09,5214.08007812
2024-05-10,5222.68017578
2024-05-13,5221.41992188
2024-05-14,5246.68017578
2024-05-15,5308.14990234
2024-05-16,5297.10009766
2024-05-17,5303.27001953
2024-05-20,5308.12988281
2024-05-21,5321.41015625
2024-05-22,5307.00976562
2024-05-23,5267.83984375
2024-05-24,5304.72021484
2024-05-28,5306.04003906
2024-05-29,5266.95019531
2024-05-30,5235.47998047
2024-05-31,5277.50976562
2024-06-03,5283.39990234
2024-06-04,5291.33984375
2024-06-05,5354.02978516
2024-06-06,5352.95996094
2024-06-07,5346.99023438
2024-06-10,5360.79003906
2024-06-11,5375.31982422
2024-06-12,5421.02978516
2024-06-13,5433.74023438
2024-06-14,5431.60009766
2024-06-17,5473.22998047
2024-06-18,5487.02978516
2024-06-20,5473.16992188
2024-06-21,5464.62011719
2024-06-24,5447.87011719
2024-06-25,5469.29980469
2024-06-26,5477.89990234
2024-06-27,5482.87011719
2024-06-28,5460.47998047
2024-07-01,5475.08984375
2024-07-02,5509.00976562
2024-07-03,5537.02001953
2024-07-05,5567.18994141
2024-07-08,5572.85009766
2024-07-09,5576.97998047
2024-07-10,5633.91015625
2024-07-11,5584.54003906
2024-07-12,5615.35009766
2024-07-15,5631.22021484
2024-07-16,5667.20019531
2024-07-17,5588.27001953
2024-07-18,5544.58984375
2024-07-19,5505.00000000
2024-07-22,5564.41015625
2024-07-23,5555.74023438
2024-07-24,5427.12988281
2024-07-25,5399.22021484
2024-07-26,5459.10009766
2024-07-29,5463.54003906
2024-07-30,5436.43994141
2024-07-31,5522.29980469
2024-08-01,5446.68017578
2024-08-02,5346.56005859
2024-08-05,5186.33007812
2024-08-06,5240.02978516
2024-08-07,5199.50000000
2024-08-08,5319.31005859
2024-08-09,5344.16015625
2024-08-12,5344.39013672
2024-08-13,5434.43017578
2024-08-14,5455.20996094
2024-08-15,5543.22021484
2024-08-16,5554.25000000
2024-08-19,5608.25000000
2024-08-20,5597.12011719
2024-08-21,5620.85009766
2024-08-22,5570.64013672
2024-08-23,5634.60986328
2024-08-26,5616.83984375
2024-08-27,5625.79980469
2024-08-28,5592.18017578
2024-08-29,5591.95996094
2024-08-30,5648.39990234
2024-09-03,5528.93017578
2024-09-04,5520.06982422
2024-09-05,5503.41015625
2024-09-06,5408.41992188
2024-09-09,5471.04980469
2024-09-10,5495.52001953
2024-09-11,5554.12988281
2024-09-12,5595.75976562
2024-09-13,5626.02001953
2024-09-16,5633.08984375
2024-09-17,5634.58007812
2024-09-18,5618.25976562
2024-09-19,5713.64013672
2024-09-20,5702.54980469
2024-09-23,5718.56982422
2024-09-24,5732.93017578
2024-09-25,5722.25976562
2024-09-26,5745.37011719
2024-09-27,5738.16992188
2024-09-30,5762.47998047
2024-10-01,5708.75000000
2024-10-02,5709.54003906
2024-10-03,5699.93994141
2024-10-04,5751.06982422
2024-10-07,5695.93994141
2024-10-08,5751.12988281
2024-10-09,5792.04003906
2024-10-10,5780.04980469
2024-10-11,5815.02978516
2024-10-14,5859.85009766
2024-10-15,5815.25976562
2024-10-16,5842.47021484
2024-10-17,5841.47021484
2024-10-18,5864.66992188
2024-10-21,5853.97998047
2024-10-22,5851.20019531
2024-10-23,5797.41992188
2024-10-24,5809.85986328
2024-10-25,5808.12011719
2024-10-28,5823.52001953
2024-10-29,5832.91992188
2024-10-30,5813.66992188
2024-10-31,5705.45019531
2024-11-01,5728.79980469
2024-11-04,5712.68994141
2024-11-05,5782.75976562
2024-11-06,5929.04003906
2024-11-07,5973.10009766
2024-11-08,5995.54003906
2024-11-11,6001.35009766
2024-11-12,5983.99023438
2024-11-13,5985.37988281
2024-11-14,5949.16992188
2024-11-15,5870.62011719
2024-11-18,5893.62011719
2024-11-19,5916.97998047
2024-11-20,5917.10986328
2024-11-21,5948.70996094
2024-11-22,5969.33984375
2024-11-25,5987.37011719
2024-11-26,6021.62988281
2024-11-27,5998.74023438
2024-11-29,6032.37988281
2024-12-02,6047.14990234
2024-12-03,6049.87988281
2024-12-04,6086.49023438
2024-12-05,6075.10986328
2024-12-06,6090.27001953
2024-12-09,6052.85009766
2024-12-10,6034.91015625
2024-12-11,6084.18994141
2024-12-12,6051.25000000
2024-12-13,6051.08984375
2024-12-16,6074.08007812
2024-12-17,6050.60986328
2024-12-18,5872.16015625
2024-12-19,5867.08007812
2024-12-20,5930.85009766
2024-12-23,5974.06982422
2024-12-24,6040.04003906
2024-12-26,6037.58984375
2024-12-27,5970.83984375
2024-12-30,5906.93994141
2024-12-31,5881.62988281
2025-01-02,5868.54980469
2025-01-03,5942.47021484
2025-01-06,5975.37988281
2025-01-07,5909.02978516
2025-01-08,5918.25000000
2025-01-10,5827.04003906
2025-01-13,5836.22021484
2025-01-14,5842.91015625
2025-01-15,5949.91015625
2025-01-16,5937.33984375
2025-01-17,5996.66015625
2025-01-21,6049.24023438
2025-01-22,6086.37011719
2025-01-23,6118.70996094
2025-01-24,6101.24023438
2025-01-27,6012.27978516
2025-01-28,6067.70019531
2025-01-29,6039.31005859
2025-01-30,6071.16992188
2025-01-31,6040.52978516
2025-02-03,5994.56982422
2025-02-04,6037.87988281
2025-02-05,6061.47998047
2025-02-06,6083.56982422
2025-02-07,6025.99023438
2025-02-10,6066.43994141
2025-02-11,6068.50000000
2025-02-12,6051.97021484
2025-02-13,6115.06982422
2025-02-14,6114.62988281
2025-02-18,6129.58007812
2025-02-19,6144.14990234
2025-02-20,6117.52001953
2025-02-21,6013.12988281
2025-02-24,5983.25000000
2025-02-25,5955.25000000
2025-02-26,5956.06005859
2025-02-27,5861.56982422
2025-02-28,5954.50000000
2025-03-03,5849.72021484
2025-03-04,5778.14990234
2025-03-05,5842.62988281
2025-03-06,5738.52001953
2025-03-07,5770.20019531
2025-03-10,5614.56005859
2025-03-11,5572.06982422
2025-03-12,5599.29980469
2025-03-13,5521.52001953
2025-03-14,5638.93994141
2025-03-17,5675.12011719
2025-03-18,5614.66015625
2025-03-19,5675.29003906
2025-03-20,5662.89013672
2025-03-21,5667.56005859
2025-03-24,5767.56982422
2025-03-25,5776.64990234
2025-03-26,5712.20019531
2025-03-27,5693.31005859
2025-03-28,5580.93994141
2025-03-31,5611.85009766
2025-04-01,5633.06982422
2025-04-02,5670.97021484
2025-04-03,5396.52001953
2025-04-04,5074.08007812
2025-04-07,5062.25000000
2025-04-08,4982.77001953
2025-04-09,5456.89990234
2025-04-10,5268.04980469
2025-04-11,5363.35986328
2025-04-14,5405.97021484
2025-04-15,5396.62988281
2025-04-16,5275.70019531
2025-04-17,5282.70019531
2025-04-21,5158.20019531
2025-04-22,5287.75976562
2025-04-23,5375.85986328
2025-04-24,5484.77001953
2025-04-25,5525.20996094
2025-04-28,5528.75000000
2025-04-29,5560.83007812
2025-04-30,5569.06005859
2025-05-01,5604.14013672
2025-05-02,5686.66992188
2025-05-05,5650.37988281
2025-05-06,5606.91015625
2025-05-07,5631.27978516
2025-05-08,5663.93994141
2025-05-09,5659.91015625
2025-05-12,5844.18994141
2025-05-13,5886.54980469
2025-05-14,5892.58007812
2025-05-15,5916.93017578
2025-05-16,5958.37988281
2025-05-19,5963.60009766
2025-05-20,5940.45996094
2025-05-21,5844.60986328
2025-05-22,5842.00976562
2025-05-23,5802.81982422
2025-05-27,5921.54003906
2025-05-28,5888.54980469
2025-05-29,5912.16992188
2025-05-30,5911.68994141
2025-06-02,5935.93994141
2025-06-03,5970.37011719
2025-06-04,5970.81005859
2025-06-05,5939.29980469
2025-06-06,6000.35986328
2025-06-09,6005.87988281
2025-06-10,6038.81005859
2025-06-11,6022.24023438
2025-06-12,6045.25976562
2025-06-13,5976.97021484
2025-06-16,6033.10986328
2025-06-17,5982.72021484
2025-06-18,5980.87011719
2025-06-20,5967.83984375
2025-06-23,6025.16992188
2025-06-24,6092.18017578
2025-06-25,6092.16015625
2025-06-26,6141.02001953
2025-06-27,6173.06982422
2025-06-30,6204.95019531
2025-07-01,6198.00976562
2025-07-02,6227.41992188
2025-07-03,6279.35009766
2025-07-07,6229.97998047
2025-07-08,6225.52001953
2025-07-09,6263.25976562
2025-07-10,6280.45996094
2025-07-11,6259.75000000
2025-07-14,6268.56005859
2025-07-15,6243.75976562
2025-07-16,6263.70019531
2025-07-17,6297.35986328
2025-07-18,6296.79003906
2025-07-21,6305.60009766
2025-07-22,6309.62011719
2025-07-23,6358.91015625
2025-07-24,6363.35009766
2025-07-25,6388.64013672
2025-07-28,6389.77001953
2025-07-29,6370.85986328
2025-07-30,6362.89990234
2025-07-31,6339.39013672
2025-08-01,6238.00976562
2025-08-04,6329.93994141
2025-08-05,6299.18994141
2025-08-06,6345.06005859
2025-08-07,6340.00000000
2025-08-08,6389.45019531
2025-08-11,6373.45019531
2025-08-12,6445.75976562
2025-08-13,6466.58007812
2025-08-14,6468.54003906
2025-08-15,6449.79980469
2025-08-18,6449.14990234
2025-08-19,6411.37011719
2025-08-20,6395.77978516
2025-08-21,6370.16992188
2025-08-22,6466.91015625
2025-08-25,6439.31982422
2025-08-26,6465.93994141
2025-08-27,6481.39990234
2025-08-28,6501.85986328
2025-08-29,6460.25976562
2025-09-02,6415.54003906
2025-09-03,6448.25976562
2025-09-04,6502.08007812
2025-09-05,6481.50000000
2025-09-08,6495.14990234
2025-09-09,6512.60986328
2025-09-10,6532.04003906
2025-09-11,6587.47021484
2025-09-12,6584.29003906
2025-09-15,6615.27978516
2025-09-16,6606.75976562
2025-09-17,6600.35009766
2025-09-18,6631.95996094
2025-09-19,6664.35986328
2025-09-22,6693.75000000
2025-09-23,6656.91992188
2025-09-24,6637.97021484
2025-09-25,6604.72021484
2025-09-26,6643.70019531
2025-09-29,6661.20996094
2025-09-30,6688.45996094
2025-10-01,6711.20019531
2025-10-02,6715.35009766
2025-10-03,6715.79003906
2025-10-06,6740.27978516
2025-10-07,6714.58984375
2025-10-08,6753.72021484
2025-10-09,6735.10986328
2025-10-10,6552.50976562
2025-10-13,6654.72021484
2025-10-14,6644.31005859
2025-10-15,6671.06005859
2025-10-16,6629.06982422
2025-10-17,6664.00976562
2025-10-20,6735.12988281
2025-10-21,6735.35009766
2025-10-22,6699.39990234
2025-10-23,6738.43994141
2025-10-24,6791.68994141
2025-10-27,6875.16015625
2025-10-28,6890.89013672
2025-10-29,6890.58984375
2025-10-30,6822.33984375
2025-10-31,6840.20019531
2025-11-03,6851.97021484
2025-11-04,6771.54980469
2025-11-05,6796.29003906
2025-11-06,6720.31982422
2025-11-07,6728.79980469
2025-11-10,6832.43017578
2025-11-11,6846.60986328
2025-11-12,6850.91992188
2025-11-13,6737.49023438
2025-11-14,6734.10986328
2025-11-17,6672.41015625
2025-11-18,6617.31982422
2025-11-19,6642.16015625
2025-11-20,6538.75976562
2025-11-21,6602.99023438
2025-11-24,6705.12011719
2025-11-25,6765.87988281
2025-11-26,6812.60986328
2025-11-28,6849.08984375
2025-12-01,6812.62988281
2025-12-02,6829.37011719
2025-12-03,6849.72021484
2025-12-04,6857.12011719
2025-12-05,6870.39990234
2025-12-08,6846.50976562
2025-12-09,6840.50976562
2025-12-10,6886.68017578
2025-12-11,6901.00000000
2025-12-12,6827.41015625
2025-12-15,6816.50976562
2025-12-16,6800.25976562
2025-12-17,6721.43017578
2025-12-18,6774.75976562
2025-12-19,6834.50000000
2025-12-22,6878.49023438
2025-12-23,6909.79003906
2025-12-24,6932.04980469
2025-12-26,6929.93994141
2025-12-29,6905.74023438
2025-12-30,6896.24023438
2025-12-31,6845.50000000
2026-01-02,6858.47021484
2026-01-05,6902.04980469
2026-01-06,6944.81982422
2026-01-07,6920.93017578
2026-01-08,6921.45996094
2026-01-09,6966.27978516
2026-01-12,6977.27001953
2026-01-13,6963.74023438
2026-01-14,6926.60009766
2026-01-15,6944.47021484
2026-01-16,6940.00976562
2026-01-20,6796.85986328
2026-01-21,6875.62011719
2026-01-22,6913.35009766
2026-01-23,6915.60986328
2026-01-26,6950.22998047
2026-01-27,6978.60009766
2026-01-28,6978.02978516
2026-01-29,6969.00976562
2026-01-30,6939.02978516
2026-02-02,6976.43994141
2026-02-03,6917.81005859
2026-02-04,6882.72021484
2026-02-05,6798.39990234
2026-02-06,6932.29980469
2026-02-09,6964.81982422
2026-02-10,6941.81005859
2026-02-11,6941.47021484
2026-02-12,6832.75976562
2026-02-13,6836.16992188
2026-02-17,6843.22021484
2026-02-18,6881.31005859
2026-02-19,6861.89013672
2026-02-20,6909.50976562
2026-02-23,6837.75000000
2026-02-24,6890.06982422
2026-02-25,6946.12988281
2026-02-26,6908.85986328
2026-02-27,6878.87988281
2026-03-02,6881.62011719
2026-03-03,6816.62988281
2026-03-04,6869.50000000
2026-03-05,6830.70996094
2026-03-06,6740.02001953
2026-03-09,6795.99023438
2026-03-10,6781.47998047
2026-03-11,6775.79980469
2026-03-12,6672.62011719
2026-03-13,6632.18994141
2026-03-16,6699.37988281
2026-03-17,6716.08984375
2026-03-18,6624.70019531
2026-03-19,6606.49023438
2026-03-20,6506.47998047
2026-03-23,6581.00000000
2026-03-24,6556.37011719
2026-03-25,6591.89990234
2026-03-26,6477.16015625
2026-03-27,6368.85009766
2026-03-30,6343.72021484
2026-03-31,6528.52001953
2026-04-01,6575.31982422
2026-04-02,6582.68994141
2026-04-06,6611.83007812
2026-04-07,6616.85009766
2026-04-08,6782.81005859
2026-04-09,6824.66015625
2026-04-10,6816.89013672
2026-04-13,6886.24023438
2026-04-14,6967.37988281
2026-04-15,7022.95019531
2026-04-16,7041.27978516
2026-04-17,7126.06005859
2026-04-20,7109.14013672
2026-04-21,7064.00976562
2026-04-22,7137.89990234
2026-04-23,7108.39990234
2026-04-24,7165.08007812
2026-04-27,7173.91015625
2026-04-28,7138.79980469
2026-04-29,7135.95019531
2026-04-30,7209.00976562
2026-05-01,7230.12011719
2026-05-04,7200.75000000
2026-05-05,7259.22021484
2026-05-06,7365.12011719
2026-05-07,7337.10986328
2026-05-08,7398.93017578
2026-05-11,7412.83984375
2026-05-12,7400.95996094
2026-05-13,7444.25000000
2026-05-14,7501.24023438
2026-05-15,7408.50000000
2026-05-18,7403.04980469
2026-05-19,7353.60986328
2026-05-20,7432.97021484
2026-05-21,7445.72021484
2026-05-22,7473.47021484
2026-05-26,7519.12011719
2026-05-27,7520.35986328
2026-05-28,7563.62988281
2026-05-29,7580.06005859
2026-06-01,7599.95996094
2026-06-02,7609.77978516
2026-06-03,7553.68017578
2026-06-04,7584.31005859
2026-06-05,7383.74023438
2026-06-08,7405.72998047
2026-06-09,7386.64990234
2026-06-10,7266.99023438
2026-06-11,7394.29980469
2026-06-12,7431.45996094
2026-06-15,7554.29003906
2026-06-16,7511.35009766
2026-06-17,7420.10009766
2026-06-18,7500.58007812
2026-06-22,7472.79003906
2026-06-23,7365.45996094
2026-06-24,7358.22021484
2026-06-25,7357.49023438
2026-06-26,7354.02001953
2026-06-29,7440.43017578
2026-06-30,7499.35986328
2026-07-01,7483.22998047
2026-07-02,7483.24023438
2026-07-06,7537.43017578
2026-07-07,7503.85009766
2026-07-08,7482.70996094
2026-07-09,7543.64013672
2026-07-10,7575.39013672
2026-07-13,7515.33984375
2026-07-14,7543.58984375
2026-07-15,7572.39990234
2026-07-16,7533.77001953
2026-07-17,7457.68994141
2026-07-20,7443.27978516
2026-07-21,7509.20019531
2026-07-22,7498.95996094
2026-07-23,7408.29980469
2026-07-24,7411.97998047
2026-07-27,7413.18017578
2026-07-28,7428.77978516
2026-07-29,7316.14990234
2026-07-30,7437.62988281
2026-07-31,7489.72021484
2026-08-03,7600.50000000
2026-08-04,7736.52001953
2026-08-05,7723.54980469
2026-08-06,7709.95996094
2026-08-07,7757.64013672
2026-08-10,7753.10986328
2026-08-11,7728.20019531
2026-08-12,7748.50000000
2026-08-13,7798.99023438
2026-08-14,7785.75976562
2026-08-17,7745.06005859
