date,close
2000-01-03,100.22000122
2000-01-04,100.41000366
2000-01-05,100.37999725
2000-01-06,100.65000153
2000-01-07,100.80000305
2000-01-10,100.98999786
2000-01-11,100.55999756
2000-01-12,100.62000275
2000-01-13,101.00000000
2000-01-14,101.72000122
2000-01-17,102.05000305
2000-01-18,101.86000061
2000-01-19,101.76000214
2000-01-20,101.36000061
2000-01-21,101.76000214
2000-01-24,102.19999695
2000-01-25,102.41000366
2000-01-26,102.44000244
2000-01-27,103.16999817
2000-01-28,104.48000336
2000-01-31,105.12999725
2000-02-01,104.91999817
2000-02-02,104.79000092
2000-02-03,103.80000305
2000-02-04,104.29000092
2000-02-07,104.63999939
2000-02-08,104.22000122
2000-02-09,103.68000031
2000-02-10,104.12999725
2000-02-11,104.19000244
2000-02-14,104.72000122
2000-02-15,104.69000244
2000-02-16,104.27999878
2000-02-17,104.26999664
2000-02-18,104.62999725
2000-02-21,104.58000183
2000-02-22,103.27999878
2000-02-23,103.52999878
2000-02-24,104.01000214
2000-02-25,105.26000214
2000-02-28,105.26999664
2000-02-29,105.91999817
2000-03-01,104.88999939
2000-03-02,105.65000153
2000-03-03,106.00000000
2000-03-06,106.16000366
2000-03-07,106.08999634
2000-03-08,105.93000031
2000-03-09,105.37000275
2000-03-10,105.70999908
2000-03-13,105.50000000
2000-03-14,105.30000305
2000-03-15,105.37999725
2000-03-16,105.18000031
2000-03-17,105.19999695
2000-03-20,105.15000153
2000-03-21,105.80999756
2000-03-22,106.04000092
2000-03-23,105.23000336
2000-03-24,104.76999664
2000-03-27,105.44999695
2000-03-28,105.52999878
2000-03-29,106.25000000
2000-03-30,105.47000122
2000-03-31,105.44000244
2000-04-03,105.54000092
2000-04-04,105.16999817
2000-04-05,105.29000092
2000-04-06,105.51999664
2000-04-07,105.97000122
2000-04-10,105.68000031
2000-04-11,105.94000244
2000-04-12,105.95999908
2000-04-13,106.13999939
2000-04-14,105.75000000
2000-04-17,106.12999725
2000-04-18,106.62999725
2000-04-19,107.12999725
2000-04-20,107.44999695
2000-04-24,107.27999878
2000-04-25,108.69000244
2000-04-26,108.55000305
2000-04-27,109.56999969
2000-04-28,110.13999939
2000-05-01,109.62999725
2000-05-02,110.26000214
2000-05-03,111.26000214
2000-05-04,111.80000305
2000-05-05,111.30999756
2000-05-08,111.44999695
2000-05-09,110.75000000
2000-05-10,110.80000305
2000-05-11,111.51999664
2000-05-12,109.90000153
2000-05-15,110.55999756
2000-05-16,111.30999756
2000-05-17,112.09999847
2000-05-18,112.20999908
2000-05-19,111.47000122
2000-05-22,111.05999756
2000-05-23,111.13999939
2000-05-24,111.22000122
2000-05-25,110.75000000
2000-05-26,109.12000275
2000-05-30,108.93000031
2000-05-31,108.73999786
2000-06-01,109.05000305
2000-06-02,108.12000275
2000-06-05,107.45999908
2000-06-06,106.58999634
2000-06-07,106.18000031
2000-06-08,106.70999908
2000-06-09,106.98999786
2000-06-12,106.97000122
2000-06-13,106.40000153
2000-06-14,106.45999908
2000-06-15,106.87999725
2000-06-16,105.95999908
2000-06-19,106.33000183
2000-06-20,106.33000183
2000-06-21,107.43000031
2000-06-22,107.70999908
2000-06-23,108.01000214
2000-06-26,108.11000061
2000-06-27,107.36000061
2000-06-28,107.59999847
2000-06-29,106.83999634
2000-06-30,106.83999634
2000-07-03,107.05999756
2000-07-04,107.29000092
2000-07-05,107.12000275
2000-07-06,107.37000275
2000-07-07,107.65000153
2000-07-10,107.01000214
2000-07-11,107.13999939
2000-07-12,108.12000275
2000-07-13,108.54000092
2000-07-14,108.44999695
2000-07-17,108.69999695
2000-07-18,109.37999725
2000-07-19,109.58999634
2000-07-20,108.61000061
2000-07-21,108.41999817
2000-07-24,108.69000244
2000-07-25,108.37999725
2000-07-26,108.11000061
2000-07-27,108.88999939
2000-07-28,109.73999786
2000-07-31,109.56999969
2000-08-01,110.05000305
2000-08-02,110.66999817
2000-08-03,110.98000336
2000-08-04,110.84999847
2000-08-07,110.80000305
2000-08-08,111.31999969
2000-08-09,111.44000244
2000-08-10,110.90000153
2000-08-11,111.20999908
2000-08-14,111.08000183
2000-08-15,110.51000214
2000-08-16,110.26000214
2000-08-17,110.11000061
2000-08-18,111.01000214
2000-08-21,111.45999908
2000-08-22,111.79000092
2000-08-23,111.41999817
2000-08-24,111.23000336
2000-08-25,111.34999847
2000-08-28,111.45999908
2000-08-29,112.19999695
2000-08-30,112.13999939
2000-08-31,112.59999847
2000-09-01,111.41999817
2000-09-05,112.41000366
2000-09-06,114.12000275
2000-09-07,113.65000153
2000-09-08,114.33999634
2000-09-11,115.37000275
2000-09-12,115.16999817
2000-09-13,115.33999634
2000-09-14,115.16000366
2000-09-15,115.94000244
2000-09-18,116.00000000
2000-09-19,116.11000061
2000-09-20,116.41000366
2000-09-21,115.26999664
2000-09-22,113.55999756
2000-09-25,114.05999756
2000-09-26,113.16000366
2000-09-27,113.11000061
2000-09-28,113.30999756
2000-09-29,113.25000000
2000-10-02,113.79000092
2000-10-03,114.22000122
2000-10-04,114.16999817
2000-10-05,114.73999786
2000-10-06,114.84999847
2000-10-09,114.80999756
2000-10-10,114.36000061
2000-10-11,114.48999786
2000-10-12,114.88999939
2000-10-13,115.86000061
2000-10-16,116.38999939
2000-10-17,115.88999939
2000-10-18,117.33000183
2000-10-19,116.94000244
2000-10-20,117.16000366
2000-10-23,117.54000092
2000-10-24,117.41999817
2000-10-25,118.48999786
2000-10-26,118.50000000
2000-10-27,117.38999939
2000-10-30,117.25000000
2000-10-31,116.65000153
2000-11-01,115.55999756
2000-11-02,115.61000061
2000-11-03,114.97000122
2000-11-06,115.69000244
2000-11-07,115.51999664
2000-11-08,116.23000336
2000-11-09,115.33999634
2000-11-10,115.79000092
2000-11-13,115.69999695
2000-11-14,116.22000122
2000-11-15,116.34999847
2000-11-16,116.93000031
2000-11-17,117.30999756
2000-11-20,117.34999847
2000-11-21,117.94999695
2000-11-22,117.84999847
2000-11-23,118.08999634
2000-11-24,118.48000336
2000-11-27,117.09999847
2000-11-28,116.58000183
2000-11-29,116.61000061
2000-11-30,115.23999786
2000-12-01,114.73000336
2000-12-04,113.70999908
2000-12-05,114.47000122
2000-12-06,113.30999756
2000-12-07,113.54000092
2000-12-08,114.05000305
2000-12-11,114.29000092
2000-12-12,114.26000214
2000-12-13,114.70999908
2000-12-14,113.37999725
2000-12-15,112.90000153
2000-12-18,113.06999969
2000-12-19,113.20999908
2000-12-20,111.97000122
2000-12-21,111.51000214
2000-12-22,110.81999969
2000-12-26,110.30999756
2000-12-27,110.31999969
2000-12-28,110.37999725
2000-12-29,109.55999756
2001-01-02,108.76999664
2001-01-03,110.16999817
2001-01-04,108.80999756
2001-01-05,108.41999817
2001-01-08,108.86000061
2001-01-09,109.51999664
2001-01-10,109.86000061
2001-01-11,109.01000214
2001-01-12,109.36000061
2001-01-15,109.97000122
2001-01-16,110.11000061
2001-01-17,110.80999756
2001-01-18,109.94000244
2001-01-19,110.66000366
2001-01-22,110.23999786
2001-01-23,110.23999786
2001-01-24,111.68000031
2001-01-25,111.61000061
2001-01-26,111.45999908
2001-01-29,111.76999664
2001-01-30,110.98000336
2001-01-31,110.51999664
2001-02-01,109.66000366
2001-02-02,110.31999969
2001-02-05,109.88999939
2001-02-06,110.76999664
2001-02-07,110.88999939
2001-02-08,112.05999756
2001-02-09,111.51999664
2001-02-12,111.19000244
2001-02-13,111.95999908
2001-02-14,112.04000092
2001-02-15,113.19999695
2001-02-16,112.26000214
2001-02-19,111.91999817
2001-02-20,112.81999969
2001-02-21,113.12000275
2001-02-22,113.33999634
2001-02-23,112.02999878
2001-02-26,112.76999664
2001-02-27,112.33999634
2001-02-28,112.01000214
2001-03-01,111.27999878
2001-03-02,111.16999817
2001-03-05,111.54000092
2001-03-06,111.19999695
2001-03-07,111.83000183
2001-03-08,111.48999786
2001-03-09,111.44000244
2001-03-12,112.01000214
2001-03-13,113.11000061
2001-03-14,113.69999695
2001-03-15,114.70999908
2001-03-16,115.31999969
2001-03-19,115.19999695
2001-03-20,114.11000061
2001-03-21,115.52999878
2001-03-22,116.30000305
2001-03-23,115.94000244
2001-03-26,115.20999908
2001-03-27,115.43000031
2001-03-28,116.01000214
2001-03-29,116.59999847
2001-03-30,117.37000275
2001-04-02,117.33999634
2001-04-03,115.62999725
2001-04-04,115.08000183
2001-04-05,115.47000122
2001-04-06,114.75000000
2001-04-09,115.20999908
2001-04-10,116.01999664
2001-04-11,116.12999725
2001-04-12,115.54000092
2001-04-16,116.18000031
2001-04-17,116.45999908
2001-04-18,116.12999725
2001-04-19,115.01999664
2001-04-20,114.31999969
2001-04-23,114.76999664
2001-04-24,115.19999695
2001-04-25,114.98000336
2001-04-26,114.45999908
2001-04-27,115.62000275
2001-04-30,115.84999847
2001-05-01,115.30000305
2001-05-02,115.16000366
2001-05-03,115.37999725
2001-05-04,114.93000031
2001-05-07,115.31999969
2001-05-08,116.08000183
2001-05-09,116.05000305
2001-05-10,116.37000275
2001-05-11,116.83999634
2001-05-14,117.13999939
2001-05-15,116.79000092
2001-05-16,116.13999939
2001-05-17,116.12000275
2001-05-18,116.41000366
2001-05-21,116.51999664
2001-05-22,117.69000244
2001-05-23,118.29000092
2001-05-24,118.36000061
2001-05-25,118.18000031
2001-05-29,118.22000122
2001-05-30,118.22000122
2001-05-31,119.06999969
2001-06-01,118.88999939
2001-06-04,119.19000244
2001-06-05,118.69999695
2001-06-06,119.36000061
2001-06-07,119.08999634
2001-06-08,119.20999908
2001-06-11,120.05000305
2001-06-12,119.61000061
2001-06-13,119.02999878
2001-06-14,117.98999786
2001-06-15,118.29000092
2001-06-18,118.36000061
2001-06-19,119.04000092
2001-06-20,119.12999725
2001-06-21,118.88999939
2001-06-22,118.91000366
2001-06-25,118.31999969
2001-06-26,118.06999969
2001-06-27,118.37999725
2001-06-28,120.01000214
2001-06-29,119.43000031
2001-07-02,119.66999817
2001-07-03,119.59999847
2001-07-04,119.91000366
2001-07-05,120.90000153
2001-07-06,119.90000153
2001-07-09,119.88999939
2001-07-10,119.12999725
2001-07-11,118.63999939
2001-07-12,119.08999634
2001-07-13,119.33000183
2001-07-16,119.30000305
2001-07-17,118.90000153
2001-07-18,117.37999725
2001-07-19,117.33000183
2001-07-20,117.20999908
2001-07-23,117.84999847
2001-07-24,117.12000275
2001-07-25,116.63999939
2001-07-26,116.73999786
2001-07-27,116.94000244
2001-07-30,117.19999695
2001-07-31,117.18000031
2001-08-01,116.55999756
2001-08-02,116.27999878
2001-08-03,116.13999939
2001-08-06,116.41999817
2001-08-07,116.83000183
2001-08-08,116.54000092
2001-08-09,115.25000000
2001-08-10,115.29000092
2001-08-13,115.01000214
2001-08-14,114.38999939
2001-08-15,113.19000244
2001-08-16,113.08000183
2001-08-17,112.98999786
2001-08-20,113.40000153
2001-08-21,113.29000092
2001-08-22,113.26999664
2001-08-23,113.08999634
2001-08-24,113.33000183
2001-08-27,113.38999939
2001-08-28,113.43000031
2001-08-29,113.54000092
2001-08-30,112.83999634
2001-08-31,113.41999817
2001-09-03,113.66999817
2001-09-04,115.68000031
2001-09-05,115.59999847
2001-09-06,114.97000122
2001-09-07,114.05000305
2001-09-10,114.56999969
2001-09-17,112.01000214
2001-09-18,111.91999817
2001-09-19,111.61000061
2001-09-20,111.87000275
2001-09-21,113.04000092
2001-09-24,112.83999634
2001-09-25,112.27999878
2001-09-26,112.29000092
2001-09-27,112.98000336
2001-09-28,113.48000336
2001-10-01,113.00000000
2001-10-02,113.01000214
2001-10-03,113.40000153
2001-10-04,113.16000366
2001-10-05,112.91000366
2001-10-08,112.58999634
2001-10-09,113.34999847
2001-10-10,113.69999695
2001-10-11,114.44000244
2001-10-12,113.88999939
2001-10-15,113.81999969
2001-10-16,113.91999817
2001-10-17,114.37999725
2001-10-18,114.34999847
2001-10-19,114.86000061
2001-10-22,115.75000000
2001-10-23,115.84999847
2001-10-24,115.59999847
2001-10-25,115.55000305
2001-10-26,115.65000153
2001-10-29,114.44000244
2001-10-30,114.34999847
2001-10-31,114.86000061
2001-11-01,114.45999908
2001-11-02,114.54000092
2001-11-05,114.54000092
2001-11-06,114.80999756
2001-11-07,114.98000336
2001-11-08,115.12999725
2001-11-09,115.08999634
2001-11-12,115.33999634
2001-11-13,116.40000153
2001-11-14,116.19999695
2001-11-15,116.51000214
2001-11-16,116.41000366
2001-11-19,116.93000031
2001-11-20,116.62000275
2001-11-21,117.15000153
2001-11-22,117.30000305
2001-11-23,117.33000183
2001-11-26,117.11000061
2001-11-27,116.88999939
2001-11-28,116.16999817
2001-11-29,116.12999725
2001-11-30,116.12999725
2001-12-03,115.95999908
2001-12-04,116.08000183
2001-12-05,116.41000366
2001-12-06,115.62999725
2001-12-07,116.15000153
2001-12-10,116.26000214
2001-12-11,116.05000305
2001-12-12,115.33000183
2001-12-13,115.80000305
2001-12-14,114.93000031
2001-12-17,114.93000031
2001-12-18,115.15000153
2001-12-19,115.48000336
2001-12-20,115.58999634
2001-12-21,116.98000336
2001-12-24,117.94000244
2001-12-26,117.84999847
2001-12-27,117.56999969
2001-12-28,117.26000214
2001-12-31,116.75000000
2002-01-02,115.79000092
2002-01-03,116.11000061
2002-01-04,116.33000183
2002-01-07,116.33000183
2002-01-08,116.83000183
2002-01-09,117.01000214
2002-01-10,116.87999725
2002-01-11,116.63999939
2002-01-14,116.63999939
2002-01-15,117.29000092
2002-01-16,117.58999634
2002-01-17,117.84999847
2002-01-18,117.51000214
2002-01-21,117.66000366
2002-01-22,117.75000000
2002-01-23,118.47000122
2002-01-24,118.63999939
2002-01-25,119.84999847
2002-01-28,120.04000092
2002-01-29,119.62000275
2002-01-30,119.73000336
2002-01-31,120.23999786
2002-02-01,119.79000092
2002-02-04,118.90000153
2002-02-05,119.40000153
2002-02-06,119.30000305
2002-02-07,119.06999969
2002-02-08,118.98000336
2002-02-11,118.44000244
2002-02-12,118.25000000
2002-02-13,118.80000305
2002-02-14,118.43000031
2002-02-15,118.59999847
2002-02-18,118.76000214
2002-02-19,118.36000061
2002-02-20,118.93000031
2002-02-21,119.16000366
2002-02-22,118.48000336
2002-02-25,119.12999725
2002-02-26,119.81999969
2002-02-27,119.56999969
2002-02-28,119.16000366
2002-03-01,119.40000153
2002-03-04,118.80999756
2002-03-05,118.56999969
2002-03-06,117.95999908
2002-03-07,116.80000305
2002-03-08,117.98999786
2002-03-11,117.73000336
2002-03-12,117.80000305
2002-03-13,117.95999908
2002-03-14,117.29000092
2002-03-15,117.22000122
2002-03-18,117.50000000
2002-03-19,117.50000000
2002-03-20,117.22000122
2002-03-21,117.51999664
2002-03-22,118.05000305
2002-03-25,118.09999847
2002-03-26,118.13999939
2002-03-27,118.54000092
2002-03-28,118.62000275
2002-04-01,117.76999664
2002-04-02,117.91999817
2002-04-03,117.68000031
2002-04-04,117.94000244
2002-04-05,117.69000244
2002-04-08,118.19999695
2002-04-09,117.58999634
2002-04-10,117.51000214
2002-04-11,117.37000275
2002-04-12,117.73999786
2002-04-15,117.63999939
2002-04-16,117.37000275
2002-04-17,116.59999847
2002-04-18,116.38999939
2002-04-19,116.29000092
2002-04-22,116.43000031
2002-04-23,116.56999969
2002-04-24,116.15000153
2002-04-25,115.44999695
2002-04-26,115.04000092
2002-04-29,114.88999939
2002-04-30,115.19000244
2002-05-01,114.54000092
2002-05-02,114.87000275
2002-05-03,113.58999634
2002-05-06,113.66000366
2002-05-07,113.91999817
2002-05-08,114.91000366
2002-05-09,114.51999664
2002-05-10,113.94999695
2002-05-13,114.15000153
2002-05-14,115.08999634
2002-05-15,114.12000275
2002-05-16,114.12999725
2002-05-17,113.00000000
2002-05-20,112.81999969
2002-05-21,112.80000305
2002-05-22,112.33000183
2002-05-23,112.79000092
2002-05-24,112.80000305
2002-05-27,113.00000000
2002-05-28,112.09999847
2002-05-29,111.48999786
2002-05-30,111.16999817
2002-05-31,111.80999756
2002-06-03,111.30000305
2002-06-04,111.08999634
2002-06-05,111.33999634
2002-06-06,110.83000183
2002-06-07,110.98999786
2002-06-10,111.09999847
2002-06-11,110.77999878
2002-06-12,111.00000000
2002-06-13,111.15000153
2002-06-14,110.76000214
2002-06-17,110.84999847
2002-06-18,110.19999695
2002-06-19,109.66999817
2002-06-20,108.94000244
2002-06-21,108.19000244
2002-06-24,108.20999908
2002-06-25,107.56999969
2002-06-26,106.55999756
2002-06-27,106.37000275
2002-06-28,106.11000061
2002-07-01,106.51000214
2002-07-02,106.80000305
2002-07-03,107.05000305
2002-07-04,107.33999634
2002-07-05,107.66999817
2002-07-08,106.30000305
2002-07-09,105.65000153
2002-07-10,106.01000214
2002-07-11,105.72000122
2002-07-12,105.88999939
2002-07-15,104.66999817
2002-07-16,104.48999786
2002-07-17,104.41999817
2002-07-18,104.47000122
2002-07-19,104.05999756
2002-07-22,104.75000000
2002-07-23,106.66000366
2002-07-24,105.51999664
2002-07-25,105.12000275
2002-07-26,106.61000061
2002-07-29,107.09999847
2002-07-30,106.80000305
2002-07-31,107.41000366
2002-08-01,107.01999664
2002-08-02,106.66999817
2002-08-05,107.26999664
2002-08-06,108.69000244
2002-08-07,107.84999847
2002-08-08,108.66000366
2002-08-09,108.20999908
2002-08-12,107.41000366
2002-08-13,107.11000061
2002-08-14,106.79000092
2002-08-15,106.72000122
2002-08-16,106.72000122
2002-08-19,107.51999664
2002-08-20,107.30999756
2002-08-21,107.13999939
2002-08-22,108.12999725
2002-08-23,107.97000122
2002-08-26,107.86000061
2002-08-27,106.76999664
2002-08-28,107.08000183
2002-08-29,106.69999695
2002-08-30,106.98000336
2002-09-03,105.56999969
2002-09-04,106.09999847
2002-09-05,105.98000336
2002-09-06,106.83999634
2002-09-09,107.09999847
2002-09-10,107.51999664
2002-09-11,107.62000275
2002-09-12,107.16000366
2002-09-13,108.05999756
2002-09-16,108.23999786
2002-09-17,108.33000183
2002-09-18,107.76000214
2002-09-19,107.00000000
2002-09-20,107.52999878
2002-09-23,107.86000061
2002-09-24,107.51999664
2002-09-25,107.79000092
2002-09-26,107.68000031
2002-09-27,107.52999878
2002-09-30,106.87000275
2002-10-01,107.06999969
2002-10-02,107.16000366
2002-10-03,106.97000122
2002-10-04,107.59999847
2002-10-07,107.55000305
2002-10-08,108.06999969
2002-10-09,106.94000244
2002-10-10,107.19999695
2002-10-11,107.25000000
2002-10-14,107.15000153
2002-10-15,107.77999878
2002-10-16,107.62999725
2002-10-17,108.37000275
2002-10-18,108.51999664
2002-10-21,108.23000336
2002-10-22,107.94000244
2002-10-23,108.00000000
2002-10-24,107.91000366
2002-10-25,107.91999817
2002-10-28,107.16000366
2002-10-29,107.06999969
2002-10-30,107.06999969
2002-10-31,106.63999939
2002-11-01,106.08000183
2002-11-04,106.12000275
2002-11-05,105.87000275
2002-11-06,105.59999847
2002-11-07,104.97000122
2002-11-08,104.50000000
2002-11-11,104.56999969
2002-11-12,104.66000366
2002-11-13,105.09999847
2002-11-14,105.20999908
2002-11-15,105.04000092
2002-11-18,105.19999695
2002-11-19,105.66999817
2002-11-20,105.87000275
2002-11-21,105.80999756
2002-11-22,106.12000275
2002-11-25,106.54000092
2002-11-26,106.52999878
2002-11-27,106.76999664
2002-11-28,106.54000092
2002-11-29,106.41000366
2002-12-02,106.34999847
2002-12-03,106.37000275
2002-12-04,106.13999939
2002-12-05,106.09999847
2002-12-06,105.36000061
2002-12-09,105.23999786
2002-12-10,105.37000275
2002-12-11,105.34999847
2002-12-12,104.51000214
2002-12-13,103.98000336
2002-12-16,104.05999756
2002-12-17,103.51000214
2002-12-18,103.62999725
2002-12-19,103.48000336
2002-12-20,103.45999908
2002-12-23,103.63999939
2002-12-24,103.25000000
2002-12-26,102.81999969
2002-12-27,102.41000366
2002-12-30,102.01000214
2002-12-31,101.84999847
2003-01-02,102.98000336
2003-01-03,102.47000122
2003-01-06,101.97000122
2003-01-07,102.56999969
2003-01-08,101.87000275
2003-01-09,101.94000244
2003-01-10,101.23000336
2003-01-13,101.47000122
2003-01-14,101.20999908
2003-01-15,101.33999634
2003-01-16,100.79000092
2003-01-17,100.55000305
2003-01-21,100.23000336
2003-01-22,100.23000336
2003-01-23,99.86000061
2003-01-24,99.22000122
2003-01-27,99.26000214
2003-01-28,99.48000336
2003-01-29,99.27999878
2003-01-30,99.51999664
2003-01-31,99.91000366
2003-02-03,99.90000153
2003-02-04,99.13999939
2003-02-05,99.65000153
2003-02-06,99.45999908
2003-02-07,99.56999969
2003-02-10,100.26999664
2003-02-11,100.38999939
2003-02-12,100.51000214
2003-02-13,99.58999634
2003-02-14,100.04000092
2003-02-18,100.52999878
2003-02-19,100.00000000
2003-02-20,99.55000305
2003-02-21,100.08999634
2003-02-24,99.66000366
2003-02-25,99.83000183
2003-02-26,99.62000275
2003-02-27,99.80999756
2003-02-28,99.70999908
2003-03-03,99.09999847
2003-03-04,99.12999725
2003-03-05,98.27999878
2003-03-06,98.30999756
2003-03-07,98.04000092
2003-03-10,97.84999847
2003-03-11,97.98999786
2003-03-12,98.16000366
2003-03-13,99.55000305
2003-03-14,99.98999786
2003-03-17,100.73999786
2003-03-18,100.86000061
2003-03-19,101.58000183
2003-03-20,101.15000153
2003-03-21,101.91999817
2003-03-24,100.98000336
2003-03-25,100.87000275
2003-03-26,100.61000061
2003-03-27,100.63999939
2003-03-28,99.95999908
2003-03-31,99.05999756
2003-04-01,99.15000153
2003-04-02,100.08000183
2003-04-03,100.33999634
2003-04-04,100.44999695
2003-04-07,101.04000092
2003-04-08,100.52999878
2003-04-09,100.16000366
2003-04-10,99.81999969
2003-04-11,100.18000031
2003-04-14,99.95999908
2003-04-15,99.76000214
2003-04-16,99.05999756
2003-04-17,99.30000305
2003-04-21,99.58999634
2003-04-22,98.73000336
2003-04-23,98.77999878
2003-04-24,98.33000183
2003-04-25,98.36000061
2003-04-28,98.66999817
2003-04-29,98.01999664
2003-04-30,97.19000244
2003-05-01,96.69999695
2003-05-02,96.76000214
2003-05-05,96.37000275
2003-05-06,95.33999634
2003-05-07,95.58000183
2003-05-08,94.93000031
2003-05-09,94.98000336
2003-05-12,94.55000305
2003-05-13,94.72000122
2003-05-14,94.58000183
2003-05-15,95.22000122
2003-05-16,94.08000183
2003-05-19,93.77999878
2003-05-20,93.26000214
2003-05-21,93.54000092
2003-05-22,93.55999756
2003-05-23,93.05000305
2003-05-27,92.72000122
2003-05-28,93.44999695
2003-05-29,92.70999908
2003-05-30,93.26999664
2003-06-02,93.33999634
2003-06-03,93.52999878
2003-06-04,93.73000336
2003-06-05,92.51999664
2003-06-06,93.48000336
2003-06-09,93.30000305
2003-06-10,93.55999756
2003-06-11,92.97000122
2003-06-12,92.90000153
2003-06-13,92.22000122
2003-06-16,92.40000153
2003-06-17,92.61000061
2003-06-18,93.16999817
2003-06-19,93.16000366
2003-06-20,94.04000092
2003-06-23,94.08000183
2003-06-24,94.38999939
2003-06-25,94.12000275
2003-06-26,94.97000122
2003-06-27,95.15000153
2003-06-30,94.73000336
2003-07-01,94.30000305
2003-07-02,94.12000275
2003-07-03,94.41000366
2003-07-04,94.55000305
2003-07-07,95.51000214
2003-07-08,95.81999969
2003-07-09,95.58999634
2003-07-10,95.38999939
2003-07-11,95.80000305
2003-07-14,96.06999969
2003-07-15,96.06999969
2003-07-16,96.72000122
2003-07-17,96.86000061
2003-07-18,96.86000061
2003-07-21,96.11000061
2003-07-22,96.37999725
2003-07-23,95.44000244
2003-07-24,95.33999634
2003-07-25,94.95999908
2003-07-28,95.05999756
2003-07-29,95.33000183
2003-07-30,96.06999969
2003-07-31,96.88999939
2003-08-01,96.66000366
2003-08-04,96.18000031
2003-08-05,96.16000366
2003-08-06,96.23000336
2003-08-07,95.83000183
2003-08-08,96.36000061
2003-08-11,95.87000275
2003-08-12,96.15000153
2003-08-13,96.18000031
2003-08-14,96.68000031
2003-08-15,96.65000153
2003-08-18,97.34999847
2003-08-19,97.30999756
2003-08-20,97.37000275
2003-08-21,98.61000061
2003-08-22,98.83000183
2003-08-25,98.83000183
2003-08-26,98.76000214
2003-08-27,98.86000061
2003-08-28,98.83000183
2003-08-29,98.09999847
2003-09-01,98.00000000
2003-09-02,98.94999695
2003-09-03,98.70999908
2003-09-04,98.19999695
2003-09-05,97.08999634
2003-09-08,97.16000366
2003-09-09,96.44000244
2003-09-10,96.50000000
2003-09-11,96.55999756
2003-09-12,96.01000214
2003-09-15,95.98000336
2003-09-16,96.66999817
2003-09-17,95.73999786
2003-09-18,95.94999695
2003-09-19,94.95999908
2003-09-22,93.84999847
2003-09-23,93.98999786
2003-09-24,93.69999695
2003-09-25,93.76000214
2003-09-26,93.87000275
2003-09-29,93.08000183
2003-09-30,92.84999847
2003-10-01,92.38999939
2003-10-02,92.41999817
2003-10-03,93.23000336
2003-10-06,92.41000366
2003-10-07,91.88999939
2003-10-08,91.73000336
2003-10-09,91.98999786
2003-10-10,91.51999664
2003-10-13,91.88999939
2003-10-14,91.83000183
2003-10-15,92.41999817
2003-10-16,92.61000061
2003-10-17,92.29000092
2003-10-20,92.43000031
2003-10-21,92.37000275
2003-10-22,91.26999664
2003-10-23,91.51000214
2003-10-24,91.27999878
2003-10-27,91.61000061
2003-10-28,91.86000061
2003-10-29,91.86000061
2003-10-30,92.20999908
2003-10-31,92.73000336
2003-11-03,93.66000366
2003-11-04,93.23000336
2003-11-05,93.62999725
2003-11-06,93.88999939
2003-11-07,93.01999664
2003-11-10,93.05000305
2003-11-11,93.09999847
2003-11-12,92.30999756
2003-11-13,91.61000061
2003-11-14,91.44000244
2003-11-17,91.52999878
2003-11-18,90.33000183
2003-11-19,90.90000153
2003-11-20,90.66000366
2003-11-21,90.59999847
2003-11-24,91.58999634
2003-11-25,91.45999908
2003-11-26,90.59999847
2003-11-28,90.20999908
2003-12-01,90.34999847
2003-12-02,89.63999939
2003-12-03,89.50000000
2003-12-04,89.59999847
2003-12-05,89.13999939
2003-12-08,88.75000000
2003-12-09,88.61000061
2003-12-10,88.84999847
2003-12-11,88.87999725
2003-12-12,88.48999786
2003-12-15,88.45999908
2003-12-16,88.30999756
2003-12-17,87.94000244
2003-12-18,87.84999847
2003-12-19,88.11000061
2003-12-22,87.98999786
2003-12-23,87.98999786
2003-12-24,87.54000092
2003-12-26,87.62999725
2003-12-29,87.34999847
2003-12-30,87.00000000
2003-12-31,86.91999817
2004-01-02,86.91999817
2004-01-05,86.06999969
2004-01-06,85.62999725
2004-01-07,86.19999695
2004-01-08,85.56999969
2004-01-09,85.11000061
2004-01-12,85.55000305
2004-01-13,85.51000214
2004-01-14,86.02999878
2004-01-15,86.55999756
2004-01-16,87.73000336
2004-01-19,87.66000366
2004-01-20,86.70999908
2004-01-21,86.36000061
2004-01-22,85.81999969
2004-01-23,86.55999756
2004-01-26,87.25000000
2004-01-27,86.27999878
2004-01-28,86.97000122
2004-01-29,87.58000183
2004-01-30,87.19999695
2004-02-02,87.52999878
2004-02-03,86.79000092
2004-02-04,86.83999634
2004-02-05,86.90000153
2004-02-06,86.01999664
2004-02-09,86.00000000
2004-02-10,85.83999634
2004-02-11,85.19999695
2004-02-12,85.29000092
2004-02-13,85.55999756
2004-02-16,85.47000122
2004-02-17,85.01999664
2004-02-18,85.87999725
2004-02-19,85.94999695
2004-02-20,87.23999786
2004-02-23,87.04000092
2004-02-24,86.13999939
2004-02-25,87.25000000
2004-02-26,87.68000031
2004-02-27,87.30999756
2004-03-01,87.51999664
2004-03-02,88.83000183
2004-03-03,89.02999878
2004-03-04,89.13999939
2004-03-05,88.18000031
2004-03-08,88.00000000
2004-03-09,88.29000092
2004-03-10,88.94999695
2004-03-11,88.51000214
2004-03-12,89.12000275
2004-03-15,88.80999756
2004-03-16,88.58999634
2004-03-17,88.65000153
2004-03-18,87.69999695
2004-03-19,88.16000366
2004-03-22,87.80999756
2004-03-23,87.84999847
2004-03-24,88.93000031
2004-03-25,88.90000153
2004-03-26,88.88999939
2004-03-29,88.62999725
2004-03-30,88.43000031
2004-03-31,87.61000061
2004-04-01,87.20999908
2004-04-02,88.51000214
2004-04-05,89.22000122
2004-04-06,88.75000000
2004-04-07,88.26999664
2004-04-08,89.01999664
2004-04-12,88.94999695
2004-04-13,89.83000183
2004-04-14,90.23999786
2004-04-15,90.05999756
2004-04-16,89.94000244
2004-04-19,89.80000305
2004-04-20,90.48999786
2004-04-21,91.12000275
2004-04-22,90.81999969
2004-04-23,91.08000183
2004-04-26,90.62000275
2004-04-27,90.41000366
2004-04-28,91.16999817
2004-04-29,90.56999969
2004-04-30,90.48000336
2004-05-03,90.76000214
2004-05-04,89.80999756
2004-05-05,89.30999756
2004-05-06,89.87999725
2004-05-07,91.12999725
2004-05-10,91.55999756
2004-05-11,91.66000366
2004-05-12,91.29000092
2004-05-13,91.95999908
2004-05-14,91.66000366
2004-05-17,91.00000000
2004-05-18,91.25000000
2004-05-19,90.52999878
2004-05-20,91.02999878
2004-05-21,90.48999786
2004-05-24,90.48000336
2004-05-25,89.83999634
2004-05-26,89.72000122
2004-05-27,88.66999817
2004-05-28,88.94999695
2004-06-01,88.87999725
2004-06-02,88.83999634
2004-06-03,88.94999695
2004-06-04,88.54000092
2004-06-07,88.25000000
2004-06-08,88.51000214
2004-06-09,89.73000336
2004-06-10,89.25000000
2004-06-11,90.01000214
2004-06-14,89.94000244
2004-06-15,89.08999634
2004-06-16,90.04000092
2004-06-17,89.59999847
2004-06-18,89.08000183
2004-06-21,89.29000092
2004-06-22,89.43000031
2004-06-23,89.41999817
2004-06-24,88.75000000
2004-06-25,88.87999725
2004-06-28,88.72000122
2004-06-29,89.41000366
2004-06-30,88.80000305
2004-07-01,88.79000092
2004-07-02,87.97000122
2004-07-05,88.23000336
2004-07-06,88.12000275
2004-07-07,87.65000153
2004-07-08,87.54000092
2004-07-09,87.41999817
2004-07-12,87.38999939
2004-07-13,87.81999969
2004-07-14,87.58000183
2004-07-15,87.98999786
2004-07-16,87.13999939
2004-07-19,87.18000031
2004-07-20,87.83000183
2004-07-21,88.55999756
2004-07-22,88.44999695
2004-07-23,89.26000214
2004-07-26,89.02999878
2004-07-27,89.79000092
2004-07-28,89.75000000
2004-07-29,89.94999695
2004-07-30,89.95999908
2004-08-02,89.75000000
2004-08-03,89.56999969
2004-08-04,89.68000031
2004-08-05,89.63999939
2004-08-06,88.36000061
2004-08-09,88.38999939
2004-08-10,88.79000092
2004-08-11,88.84999847
2004-08-12,88.69000244
2004-08-13,87.90000153
2004-08-16,87.95999908
2004-08-17,88.05999756
2004-08-18,88.08000183
2004-08-19,87.79000092
2004-08-20,88.12000275
2004-08-23,89.05999756
2004-08-24,89.45999908
2004-08-25,89.41999817
2004-08-26,89.30000305
2004-08-27,89.76999664
2004-08-30,89.69000244
2004-08-31,88.94000244
2004-09-01,88.87000275
2004-09-02,88.98000336
2004-09-03,89.62999725
2004-09-06,89.52999878
2004-09-07,89.23000336
2004-09-08,88.76999664
2004-09-09,88.83000183
2004-09-10,88.38999939
2004-09-13,88.55000305
2004-09-14,88.45999908
2004-09-15,89.15000153
2004-09-16,88.79000092
2004-09-17,88.91000366
2004-09-20,88.98999786
2004-09-21,88.12999725
2004-09-22,88.51000214
2004-09-23,88.44000244
2004-09-24,88.40000153
2004-09-27,88.29000092
2004-09-28,88.11000061
2004-09-29,88.09999847
2004-09-30,87.36000061
2004-10-01,87.62999725
2004-10-04,88.37999725
2004-10-05,88.16999817
2004-10-06,88.48000336
2004-10-07,88.33999634
2004-10-08,87.44999695
2004-10-11,87.54000092
2004-10-12,88.01999664
2004-10-13,87.87999725
2004-10-14,87.55000305
2004-10-15,87.08999634
2004-10-18,87.01999664
2004-10-19,86.83999634
2004-10-20,86.34999847
2004-10-21,86.01999664
2004-10-22,85.87000275
2004-10-25,84.97000122
2004-10-26,85.20999908
2004-10-27,85.44000244
2004-10-28,85.27999878
2004-10-29,84.91000366
2004-11-01,85.19999695
2004-11-02,85.47000122
2004-11-03,84.69999695
2004-11-04,84.54000092
2004-11-05,84.01000214
2004-11-08,84.08999634
2004-11-09,84.29000092
2004-11-10,84.43000031
2004-11-11,84.37000275
2004-11-12,83.69000244
2004-11-15,84.00000000
2004-11-16,83.80000305
2004-11-17,83.29000092
2004-11-18,83.69000244
2004-11-19,83.30999756
2004-11-22,83.19000244
2004-11-23,82.97000122
2004-11-24,82.41000366
2004-11-25,82.18000031
2004-11-26,81.77999878
2004-11-29,81.93000031
2004-11-30,81.81999969
2004-12-01,81.55999756
2004-12-02,81.94999695
2004-12-03,80.98000336
2004-12-06,81.27999878
2004-12-07,81.23999786
2004-12-08,81.90000153
2004-12-09,82.02999878
2004-12-10,82.55000305
2004-12-13,82.09999847
2004-12-14,82.31999969
2004-12-15,81.62999725
2004-12-16,82.50000000
2004-12-17,82.16000366
2004-12-20,81.66999817
2004-12-21,81.94000244
2004-12-22,81.93000031
2004-12-23,81.33999634
2004-12-24,81.22000122
2004-12-27,80.72000122
2004-12-28,80.72000122
2004-12-29,80.97000122
2004-12-30,80.52999878
2004-12-31,80.84999847
2005-01-03,81.30000305
2005-01-04,82.56999969
2005-01-05,82.54000092
2005-01-06,83.15000153
2005-01-07,83.61000061
2005-01-10,83.29000092
2005-01-11,83.01999664
2005-01-12,82.13999939
2005-01-13,82.51000214
2005-01-14,83.05999756
2005-01-17,83.05999756
2005-01-18,83.36000061
2005-01-19,83.59999847
2005-01-20,83.83999634
2005-01-21,83.26000214
2005-01-24,83.23999786
2005-01-25,83.98999786
2005-01-26,83.30000305
2005-01-27,83.43000031
2005-01-28,83.48000336
2005-01-31,83.59999847
2005-02-01,83.44999695
2005-02-02,83.51999664
2005-02-03,83.97000122
2005-02-04,84.38999939
2005-02-07,85.04000092
2005-02-08,85.09999847
2005-02-09,85.01999664
2005-02-10,84.54000092
2005-02-11,84.56999969
2005-02-14,83.95999908
2005-02-15,83.58999634
2005-02-16,83.66999817
2005-02-17,83.47000122
2005-02-18,83.48999786
2005-02-21,83.55000305
2005-02-22,82.41000366
2005-02-23,82.68000031
2005-02-24,82.87999725
2005-02-25,82.66000366
2005-02-28,82.51000214
2005-03-01,82.76999664
2005-03-02,83.08000183
2005-03-03,83.27999878
2005-03-04,82.54000092
2005-03-07,82.79000092
2005-03-08,81.98000336
2005-03-09,81.62999725
2005-03-10,81.56999969
2005-03-11,81.41999817
2005-03-14,81.97000122
2005-03-15,82.12000275
2005-03-16,81.62000275
2005-03-17,81.83999634
2005-03-18,82.12999725
2005-03-21,82.87999725
2005-03-22,83.36000061
2005-03-23,84.00000000
2005-03-24,84.12999725
2005-03-28,84.62000275
2005-03-29,84.31999969
2005-03-30,84.29000092
2005-03-31,84.05999756
2005-04-01,84.43000031
2005-04-04,84.77999878
2005-04-05,84.66000366
2005-04-06,84.68000031
2005-04-07,84.87000275
2005-04-08,84.47000122
2005-04-11,84.16000366
2005-04-12,84.41999817
2005-04-13,84.41999817
2005-04-14,85.00000000
2005-04-15,84.55999756
2005-04-18,84.00000000
2005-04-19,83.76000214
2005-04-20,83.51999664
2005-04-21,83.69999695
2005-04-22,83.50000000
2005-04-25,83.81999969
2005-04-26,83.95999908
2005-04-27,84.12000275
2005-04-28,84.34999847
2005-04-29,84.43000031
2005-05-02,84.48999786
2005-05-03,84.51000214
2005-05-04,84.00000000
2005-05-05,83.94000244
2005-05-06,84.61000061
2005-05-09,84.63999939
2005-05-10,84.44999695
2005-05-11,84.94000244
2005-05-12,85.48999786
2005-05-13,86.09999847
2005-05-16,86.12000275
2005-05-17,86.20999908
2005-05-18,85.81999969
2005-05-19,86.08999634
2005-05-20,86.62999725
2005-05-23,86.40000153
2005-05-24,86.37000275
2005-05-25,86.34999847
2005-05-26,86.84999847
2005-05-27,86.41999817
2005-05-31,87.76000214
2005-06-01,88.11000061
2005-06-02,87.75000000
2005-06-03,88.04000092
2005-06-06,87.59999847
2005-06-07,87.48999786
2005-06-08,87.87999725
2005-06-09,88.06999969
2005-06-10,88.69000244
2005-06-13,88.94999695
2005-06-14,89.26000214
2005-06-15,88.65000153
2005-06-16,88.72000122
2005-06-17,87.73000336
2005-06-20,88.48999786
2005-06-21,88.18000031
2005-06-22,88.55999756
2005-06-23,89.12000275
2005-06-24,88.77999878
2005-06-27,88.44999695
2005-06-28,88.98999786
2005-06-29,89.11000061
2005-06-30,89.11000061
2005-07-01,90.12999725
2005-07-04,90.43000031
2005-07-05,90.44000244
2005-07-06,90.37999725
2005-07-07,90.27999878
2005-07-08,90.25000000
2005-07-11,89.45999908
2005-07-12,88.41000366
2005-07-13,89.30999756
2005-07-14,89.40000153
2005-07-15,89.72000122
2005-07-18,89.63999939
2005-07-19,89.84999847
2005-07-20,89.33999634
2005-07-21,88.93000031
2005-07-22,89.63999939
2005-07-25,89.59999847
2005-07-26,90.00000000
2005-07-27,89.73000336
2005-07-28,89.33999634
2005-07-29,89.34999847
2005-08-01,88.80000305
2005-08-02,88.76000214
2005-08-03,87.98999786
2005-08-04,87.80000305
2005-08-05,88.05999756
2005-08-08,87.91999817
2005-08-09,87.88999939
2005-08-10,87.61000061
2005-08-11,87.09999847
2005-08-12,86.98000336
2005-08-15,87.31999969
2005-08-16,87.43000031
2005-08-17,88.00000000
2005-08-18,88.58999634
2005-08-19,88.58000183
2005-08-22,88.13999939
2005-08-23,88.08000183
2005-08-24,87.91000366
2005-08-25,87.63999939
2005-08-26,87.86000061
2005-08-29,88.25000000
2005-08-30,88.34999847
2005-08-31,87.58000183
2005-09-01,86.55000305
2005-09-02,86.30000305
2005-09-06,86.56999969
2005-09-07,86.97000122
2005-09-08,87.04000092
2005-09-09,86.88999939
2005-09-12,87.70999908
2005-09-13,87.75000000
2005-09-14,87.66999817
2005-09-15,88.12999725
2005-09-16,88.05000305
2005-09-19,88.44000244
2005-09-20,88.59999847
2005-09-21,88.13999939
2005-09-22,88.55999756
2005-09-23,89.20999908
2005-09-26,89.11000061
2005-09-27,89.59999847
2005-09-28,89.47000122
2005-09-29,89.40000153
2005-09-30,89.51999664
2005-10-03,90.12999725
2005-10-04,90.09999847
2005-10-05,89.98000336
2005-10-06,88.66000366
2005-10-07,89.16999817
2005-10-10,89.45999908
2005-10-11,89.97000122
2005-10-12,89.62999725
2005-10-13,89.80999756
2005-10-14,89.34999847
2005-10-17,89.80000305
2005-10-18,90.29000092
2005-10-19,89.98999786
2005-10-20,89.91000366
2005-10-21,90.30999756
2005-10-24,90.11000061
2005-10-25,89.23999786
2005-10-26,89.48999786
2005-10-27,89.09999847
2005-10-28,89.58999634
2005-10-31,90.06999969
2005-11-01,90.08000183
2005-11-02,89.72000122
2005-11-03,90.44000244
2005-11-04,91.26000214
2005-11-07,91.29000092
2005-11-08,91.37000275
2005-11-09,91.50000000
2005-11-10,92.08000183
2005-11-11,91.98000336
2005-11-14,92.12999725
2005-11-15,92.08999634
2005-11-16,92.33000183
2005-11-17,91.87999725
2005-11-18,91.93000031
2005-11-21,92.02999878
2005-11-22,91.50000000
2005-11-23,91.51000214
2005-11-25,92.04000092
2005-11-28,90.98000336
2005-11-29,91.62000275
2005-11-30,91.56999969
2005-12-01,91.81999969
2005-12-02,91.94999695
2005-12-05,91.48000336
2005-12-06,91.44000244
2005-12-07,91.88999939
2005-12-08,91.26000214
2005-12-09,91.25000000
2005-12-12,90.34999847
2005-12-13,90.37999725
2005-12-14,89.83000183
2005-12-15,90.01999664
2005-12-16,89.69999695
2005-12-19,89.87000275
2005-12-20,90.77999878
2005-12-21,90.94000244
2005-12-22,90.72000122
2005-12-23,90.83999634
2005-12-27,91.19000244
2005-12-28,91.26000214
2005-12-29,91.09999847
2005-12-30,91.16999817
2006-01-03,89.83999634
2006-01-04,89.13999939
2006-01-05,89.33000183
2006-01-06,88.84999847
2006-01-09,89.25000000
2006-01-10,89.33000183
2006-01-11,88.98999786
2006-01-12,89.44000244
2006-01-13,88.88999939
2006-01-17,89.30000305
2006-01-18,89.26000214
2006-01-19,89.38999939
2006-01-20,88.94999695
2006-01-23,87.94999695
2006-01-24,88.05999756
2006-01-25,88.33000183
2006-01-26,88.62000275
2006-01-27,89.31999969
2006-01-30,89.41999817
2006-01-31,88.95999908
2006-02-01,89.51000214
2006-02-02,89.37000275
2006-02-03,89.88999939
2006-02-06,90.29000092
2006-02-07,90.23999786
2006-02-08,90.43000031
2006-02-09,90.29000092
2006-02-10,90.55000305
2006-02-13,90.54000092
2006-02-14,90.54000092
2006-02-15,90.72000122
2006-02-16,90.73000336
2006-02-17,90.63999939
2006-02-21,90.55000305
2006-02-22,90.66999817
2006-02-23,90.38999939
2006-02-24,90.61000061
2006-02-27,90.62999725
2006-02-28,90.11000061
2006-03-01,90.22000122
2006-03-02,89.55999756
2006-03-03,89.66000366
2006-03-06,89.88999939
2006-03-07,90.76999664
2006-03-08,90.62000275
2006-03-09,90.75000000
2006-03-10,90.84999847
2006-03-13,90.54000092
2006-03-14,90.00000000
2006-03-15,89.69999695
2006-03-16,89.06999969
2006-03-17,88.91999817
2006-03-20,89.12999725
2006-03-21,89.62000275
2006-03-22,89.72000122
2006-03-23,90.45999908
2006-03-24,90.06999969
2006-03-27,90.06999969
2006-03-28,90.25000000
2006-03-29,90.25000000
2006-03-30,89.38999939
2006-03-31,89.73000336
2006-04-03,89.62999725
2006-04-04,88.83000183
2006-04-05,88.62999725
2006-04-06,88.95999908
2006-04-07,89.62999725
2006-04-10,89.72000122
2006-04-11,89.44000244
2006-04-12,89.62000275
2006-04-13,89.62000275
2006-04-17,88.63999939
2006-04-18,88.23999786
2006-04-19,87.79000092
2006-04-20,88.25000000
2006-04-21,88.05000305
2006-04-24,87.44999695
2006-04-25,87.31999969
2006-04-26,87.22000122
2006-04-27,86.62999725
2006-04-28,86.11000061
2006-05-01,85.97000122
2006-05-02,85.79000092
2006-05-03,85.83999634
2006-05-04,85.83999634
2006-05-05,85.12000275
2006-05-08,85.23000336
2006-05-09,84.83000183
2006-05-10,84.50000000
2006-05-11,84.26999664
2006-05-12,83.95999908
2006-05-15,84.54000092
2006-05-16,84.16999817
2006-05-17,84.84999847
2006-05-18,84.51000214
2006-05-19,84.87999725
2006-05-22,84.34999847
2006-05-23,84.34999847
2006-05-24,84.94999695
2006-05-25,84.65000153
2006-05-26,85.26000214
2006-05-30,84.27999878
2006-05-31,84.72000122
2006-06-01,84.79000092
2006-06-02,84.05000305
2006-06-05,84.13999939
2006-06-06,84.73000336
2006-06-07,84.98999786
2006-06-08,85.91000366
2006-06-09,85.72000122
2006-06-12,85.84999847
2006-06-13,86.43000031
2006-06-14,86.13999939
2006-06-15,86.01999664
2006-06-16,85.91999817
2006-06-19,86.30999756
2006-06-20,86.18000031
2006-06-21,85.77999878
2006-06-22,86.38999939
2006-06-23,86.81999969
2006-06-26,86.48999786
2006-06-27,86.47000122
2006-06-28,86.62999725
2006-06-29,85.87000275
2006-06-30,85.22000122
2006-07-03,85.18000031
2006-07-05,85.59999847
2006-07-06,85.34999847
2006-07-07,84.98000336
2006-07-10,85.50000000
2006-07-11,85.36000061
2006-07-12,85.91000366
2006-07-13,85.79000092
2006-07-14,86.08999634
2006-07-17,86.95999908
2006-07-18,87.01000214
2006-07-19,86.45999908
2006-07-20,86.22000122
2006-07-21,85.93000031
2006-07-24,86.33999634
2006-07-25,86.63999939
2006-07-26,85.93000031
2006-07-27,85.87000275
2006-07-28,85.44000244
2006-07-31,85.30000305
2006-08-01,85.05000305
2006-08-02,85.05000305
2006-08-03,85.01999664
2006-08-04,84.56999969
2006-08-07,84.75000000
2006-08-08,84.66000366
2006-08-09,84.70999908
2006-08-10,85.08000183
2006-08-11,85.51999664
2006-08-14,85.63999939
2006-08-15,85.22000122
2006-08-16,84.87999725
2006-08-17,85.04000092
2006-08-18,85.08999634
2006-08-21,84.62999725
2006-08-22,85.18000031
2006-08-23,85.12999725
2006-08-24,85.27999878
2006-08-25,85.37999725
2006-08-28,85.23000336
2006-08-29,84.91000366
2006-08-30,84.97000122
2006-08-31,85.05000305
2006-09-01,84.94000244
2006-09-05,85.00000000
2006-09-06,85.09999847
2006-09-07,85.52999878
2006-09-08,85.94999695
2006-09-11,85.91999817
2006-09-12,85.91999817
2006-09-13,85.87000275
2006-09-14,85.66000366
2006-09-15,85.98999786
2006-09-18,85.80999756
2006-09-19,85.94000244
2006-09-20,85.80999756
2006-09-21,85.18000031
2006-09-22,85.19999695
2006-09-25,85.29000092
2006-09-26,85.62999725
2006-09-27,85.66000366
2006-09-28,85.72000122
2006-09-29,85.97000122
2006-10-02,85.58999634
2006-10-03,85.70999908
2006-10-04,85.83999634
2006-10-05,85.91999817
2006-10-06,86.44000244
2006-10-09,86.51999664
2006-10-10,87.01999664
2006-10-11,87.12000275
2006-10-12,86.91999817
2006-10-13,87.12000275
2006-10-16,87.00000000
2006-10-17,86.87000275
2006-10-18,86.87999725
2006-10-19,86.23999786
2006-10-20,86.26999664
2006-10-23,86.70999908
2006-10-24,86.62999725
2006-10-25,86.37999725
2006-10-26,85.88999939
2006-10-27,85.55999756
2006-10-30,85.58999634
2006-10-31,85.31999969
2006-11-01,85.31999969
2006-11-02,85.33999634
2006-11-03,85.70999908
2006-11-06,85.75000000
2006-11-07,85.43000031
2006-11-08,85.41000366
2006-11-09,85.18000031
2006-11-10,85.05000305
2006-11-13,85.36000061
2006-11-14,85.23999786
2006-11-15,85.33999634
2006-11-16,85.50000000
2006-11-17,85.37000275
2006-11-20,85.41999817
2006-11-21,85.23999786
2006-11-22,84.65000153
2006-11-23,84.48000336
2006-11-24,83.70999908
2006-11-27,83.51000214
2006-11-28,83.20999908
2006-11-29,83.44000244
2006-11-30,82.91999817
2006-12-01,82.48000336
2006-12-04,82.48999786
2006-12-05,82.44999695
2006-12-06,82.76999664
2006-12-07,82.80000305
2006-12-08,83.33000183
2006-12-11,83.12000275
2006-12-12,82.97000122
2006-12-13,82.97000122
2006-12-14,83.65000153
2006-12-15,84.05999756
2006-12-18,83.98000336
2006-12-19,83.45999908
2006-12-20,83.51999664
2006-12-21,83.56999969
2006-12-22,83.94000244
2006-12-26,84.06999969
2006-12-27,83.94000244
2006-12-28,83.81999969
2006-12-29,83.72000122
2007-01-02,83.19999695
2007-01-03,83.91999817
2007-01-04,84.31999969
2007-01-05,84.62999725
2007-01-08,84.59999847
2007-01-09,84.73999786
2007-01-10,85.08000183
2007-01-11,85.30999756
2007-01-12,85.02999878
2007-01-16,85.05000305
2007-01-17,84.98000336
2007-01-18,84.91000366
2007-01-19,84.86000061
2007-01-22,85.01999664
2007-01-23,84.66999817
2007-01-24,84.94000244
2007-01-25,85.11000061
2007-01-26,85.27999878
2007-01-29,85.09999847
2007-01-30,85.02999878
2007-01-31,84.61000061
2007-02-01,84.62999725
2007-02-02,84.95999908
2007-02-05,85.08000183
2007-02-06,84.77999878
2007-02-07,84.75000000
2007-02-08,84.69999695
2007-02-09,84.87000275
2007-02-12,85.15000153
2007-02-13,84.73000336
2007-02-14,84.19999695
2007-02-15,84.01000214
2007-02-16,84.08999634
2007-02-20,84.19000244
2007-02-21,84.20999908
2007-02-22,84.31999969
2007-02-23,84.06999969
2007-02-26,83.93000031
2007-02-27,83.48000336
2007-02-28,83.56999969
2007-03-01,83.68000031
2007-03-02,83.73999786
2007-03-05,84.15000153
2007-03-06,84.06999969
2007-03-07,83.77999878
2007-03-08,84.09999847
2007-03-09,84.23999786
2007-03-12,83.86000061
2007-03-13,83.73000336
2007-03-14,83.61000061
2007-03-15,83.68000031
2007-03-16,83.23000336
2007-03-19,83.38999939
2007-03-20,83.11000061
2007-03-21,82.76999664
2007-03-22,83.08999634
2007-03-23,83.27999878
2007-03-26,83.08000183
2007-03-27,83.01000214
2007-03-28,83.02999878
2007-03-29,83.08999634
2007-03-30,82.93000031
2007-04-02,82.87000275
2007-04-03,83.15000153
2007-04-04,82.95999908
2007-04-05,82.68000031
2007-04-09,83.09999847
2007-04-10,82.69999695
2007-04-11,82.66999817
2007-04-12,82.37000275
2007-04-13,82.12999725
2007-04-16,82.06999969
2007-04-17,81.83000183
2007-04-18,81.73999786
2007-04-19,81.63999939
2007-04-20,81.63999939
2007-04-23,81.73999786
2007-04-24,81.55000305
2007-04-25,81.43000031
2007-04-26,81.75000000
2007-04-27,81.52999878
2007-04-30,81.44999695
2007-05-01,81.59999847
2007-05-02,81.73999786
2007-05-03,81.94999695
2007-05-04,81.73999786
2007-05-07,81.68000031
2007-05-08,81.94000244
2007-05-09,82.01999664
2007-05-10,82.29000092
2007-05-11,82.12000275
2007-05-14,82.06999969
2007-05-15,81.75000000
2007-05-16,82.16000366
2007-05-17,82.31999969
2007-05-18,82.19999695
2007-05-21,82.36000061
2007-05-22,82.38999939
2007-05-23,82.30999756
2007-05-24,82.41000366
2007-05-25,82.33000183
2007-05-29,82.30999756
2007-05-30,82.43000031
2007-05-31,82.30000305
2007-06-01,82.31999969
2007-06-04,82.05999756
2007-06-05,81.88999939
2007-06-06,81.90000153
2007-06-07,82.29000092
2007-06-08,82.69000244
2007-06-11,82.70999908
2007-06-12,82.88999939
2007-06-13,83.04000092
2007-06-14,83.12999725
2007-06-15,82.84999847
2007-06-18,82.70999908
2007-06-19,82.54000092
2007-06-20,82.51999664
2007-06-21,82.73000336
2007-06-22,82.33999634
2007-06-25,82.31999969
2007-06-26,82.29000092
2007-06-27,82.31999969
2007-06-28,82.33000183
2007-06-29,81.91999817
2007-07-02,81.38999939
2007-07-03,81.43000031
2007-07-05,81.54000092
2007-07-06,81.45999908
2007-07-09,81.43000031
2007-07-10,80.86000061
2007-07-11,80.73000336
2007-07-12,80.63999939
2007-07-13,80.58000183
2007-07-16,80.51999664
2007-07-17,80.54000092
2007-07-18,80.41999817
2007-07-19,80.41999817
2007-07-20,80.29000092
2007-07-23,80.34999847
2007-07-24,80.08000183
2007-07-25,80.65000153
2007-07-26,80.44999695
2007-07-27,80.94999695
2007-07-30,80.84999847
2007-07-31,80.76999664
2007-08-01,80.87000275
2007-08-02,80.70999908
2007-08-03,80.18000031
2007-08-06,80.25000000
2007-08-07,80.48000336
2007-08-08,80.33999634
2007-08-09,80.73999786
2007-08-10,80.68000031
2007-08-13,81.05000305
2007-08-14,81.48999786
2007-08-15,81.81999969
2007-08-16,81.73000336
2007-08-17,81.43000031
2007-08-20,81.40000153
2007-08-21,81.48999786
2007-08-22,81.25000000
2007-08-23,81.13999939
2007-08-24,80.66999817
2007-08-27,80.73999786
2007-08-28,80.76000214
2007-08-29,80.69999695
2007-08-30,80.79000092
2007-08-31,80.79000092
2007-09-04,80.87999725
2007-09-05,80.62000275
2007-09-06,80.47000122
2007-09-07,79.95999908
2007-09-10,79.81999969
2007-09-11,79.69999695
2007-09-12,79.36000061
2007-09-13,79.51000214
2007-09-14,79.62000275
2007-09-17,79.72000122
2007-09-18,79.20999908
2007-09-19,79.30000305
2007-09-20,78.58000183
2007-09-21,78.59999847
2007-09-24,78.52999878
2007-09-25,78.30999756
2007-09-26,78.48999786
2007-09-27,78.33999634
2007-09-28,77.72000122
2007-10-01,77.90000153
2007-10-02,78.30000305
2007-10-03,78.56999969
2007-10-04,78.48000336
2007-10-05,78.30999756
2007-10-08,78.66999817
2007-10-09,78.52999878
2007-10-10,78.37999725
2007-10-11,78.08000183
2007-10-12,78.22000122
2007-10-15,78.08999634
2007-10-16,78.25000000
2007-10-17,78.12000275
2007-10-18,77.58999634
2007-10-19,77.41000366
2007-10-22,78.05999756
2007-10-23,77.58999634
2007-10-24,77.55000305
2007-10-25,77.27999878
2007-10-26,77.02999878
2007-10-29,76.83999634
2007-10-30,76.76999664
2007-10-31,76.48000336
2007-11-01,76.58999634
2007-11-02,76.33999634
2007-11-05,76.43000031
2007-11-06,76.04000092
2007-11-07,75.41000366
2007-11-08,75.45999908
2007-11-09,75.40000153
2007-11-12,75.90000153
2007-11-13,75.87999725
2007-11-14,75.80999756
2007-11-15,76.06999969
2007-11-16,75.83000183
2007-11-19,75.77999878
2007-11-20,75.20999908
2007-11-21,75.06999969
2007-11-23,75.05000305
2007-11-26,74.86000061
2007-11-27,75.09999847
2007-11-28,75.08000183
2007-11-29,75.58999634
2007-11-30,76.15000153
2007-12-03,75.93000031
2007-12-04,75.69000244
2007-12-05,76.41000366
2007-12-06,76.37999725
2007-12-07,76.29000092
2007-12-10,76.05999756
2007-12-11,76.22000122
2007-12-12,76.13999939
2007-12-13,76.55999756
2007-12-14,77.44000244
2007-12-17,77.40000153
2007-12-18,77.41000366
2007-12-19,77.58999634
2007-12-20,77.79000092
2007-12-21,77.72000122
2007-12-24,77.56999969
2007-12-26,77.15000153
2007-12-27,76.61000061
2007-12-28,76.22000122
2007-12-31,76.69999695
2008-01-02,75.97000122
2008-01-03,75.88999939
2008-01-04,75.79000092
2008-01-07,76.16999817
2008-01-08,76.11000061
2008-01-09,76.41999817
2008-01-10,75.93000031
2008-01-11,75.98000336
2008-01-14,75.61000061
2008-01-15,75.56999969
2008-01-16,76.26000214
2008-01-17,76.16999817
2008-01-18,76.37999725
2008-01-22,76.34999847
2008-01-23,76.40000153
2008-01-24,75.69000244
2008-01-25,75.97000122
2008-01-28,75.58000183
2008-01-29,75.54000092
2008-01-30,75.02999878
2008-01-31,75.18000031
2008-02-01,75.44999695
2008-02-04,75.37000275
2008-02-05,76.12000275
2008-02-06,76.13999939
2008-02-07,76.94000244
2008-02-08,76.66999817
2008-02-11,76.58000183
2008-02-12,76.31999969
2008-02-13,76.40000153
2008-02-14,76.15000153
2008-02-15,76.09999847
2008-02-19,76.00000000
2008-02-20,76.12000275
2008-02-21,75.59999847
2008-02-22,75.51999664
2008-02-25,75.52999878
2008-02-26,74.76000214
2008-02-27,74.20999908
2008-02-28,73.72000122
2008-02-29,73.70999908
2008-03-03,73.69999695
2008-03-04,73.66000366
2008-03-05,73.48000336
2008-03-06,73.00000000
2008-03-07,73.02999878
2008-03-10,72.98999786
2008-03-11,73.27999878
2008-03-12,72.40000153
2008-03-13,72.06999969
2008-03-14,71.66000366
2008-03-17,71.45999908
2008-03-18,71.56999969
2008-03-19,72.13999939
2008-03-20,72.75000000
2008-03-24,72.94999695
2008-03-25,72.27999878
2008-03-26,71.51000214
2008-03-27,71.66000366
2008-03-28,71.68000031
2008-03-31,71.80000305
2008-04-01,72.55999756
2008-04-02,72.26000214
2008-04-03,72.22000122
2008-04-04,72.01999664
2008-04-07,72.19999695
2008-04-08,72.23000336
2008-04-09,71.83000183
2008-04-10,72.12000275
2008-04-11,71.80999756
2008-04-14,71.87999725
2008-04-15,72.01999664
2008-04-16,71.41000366
2008-04-17,71.68000031
2008-04-18,72.01000214
2008-04-21,71.65000153
2008-04-22,71.33000183
2008-04-23,71.81999969
2008-04-24,72.54000092
2008-04-25,72.79000092
2008-04-28,72.79000092
2008-04-29,72.88999939
2008-04-30,72.51000214
2008-05-01,73.27999878
2008-05-02,73.50000000
2008-05-05,73.19000244
2008-05-06,73.00000000
2008-05-07,73.51000214
2008-05-08,73.48000336
2008-05-09,73.05000305
2008-05-12,72.94999695
2008-05-13,73.26999664
2008-05-14,73.40000153
2008-05-15,73.34999847
2008-05-16,72.83999634
2008-05-19,73.04000092
2008-05-20,72.40000153
2008-05-21,71.94000244
2008-05-22,72.27999878
2008-05-23,71.88999939
2008-05-27,72.33999634
2008-05-28,72.55000305
2008-05-29,73.01999664
2008-05-30,72.87999725
2008-06-02,72.93000031
2008-06-03,73.23999786
2008-06-04,73.41999817
2008-06-05,73.04000092
2008-06-06,72.38999939
2008-06-09,72.84999847
2008-06-10,73.69999695
2008-06-11,73.20999908
2008-06-12,73.86000061
2008-06-13,74.15000153
2008-06-16,73.61000061
2008-06-17,73.51000214
2008-06-18,73.44000244
2008-06-19,73.48000336
2008-06-20,73.02999878
2008-06-23,73.43000031
2008-06-24,73.23999786
2008-06-25,72.93000031
2008-06-26,72.48999786
2008-06-27,72.36000061
2008-06-30,72.45999908
2008-07-01,72.37000275
2008-07-02,72.02999878
2008-07-03,72.73999786
2008-07-07,72.66999817
2008-07-08,73.01000214
2008-07-09,72.58000183
2008-07-10,72.48999786
2008-07-11,72.09999847
2008-07-14,71.91999817
2008-07-15,71.87000275
2008-07-16,72.05999756
2008-07-17,72.23999786
2008-07-18,72.19000244
2008-07-21,71.98999786
2008-07-22,72.44999695
2008-07-23,72.80999756
2008-07-24,72.93000031
2008-07-25,72.86000061
2008-07-28,72.65000153
2008-07-29,73.30999756
2008-07-30,73.31999969
2008-07-31,73.23000336
2008-08-01,73.41999817
2008-08-04,73.45999908
2008-08-05,73.87999725
2008-08-06,74.23999786
2008-08-07,74.55000305
2008-08-08,75.84999847
2008-08-11,76.12999725
2008-08-12,76.15000153
2008-08-13,76.20999908
2008-08-14,76.66999817
2008-08-15,77.18000031
2008-08-18,77.12000275
2008-08-19,76.83999634
2008-08-20,76.95999908
2008-08-21,76.19999695
2008-08-22,76.80999756
2008-08-25,76.79000092
2008-08-26,77.25000000
2008-08-27,77.05000305
2008-08-28,77.15000153
2008-08-29,77.37999725
2008-09-02,78.05999756
2008-09-03,78.08999634
2008-09-04,78.61000061
2008-09-05,78.93000031
2008-09-08,79.58999634
2008-09-09,79.25000000
2008-09-10,79.84999847
2008-09-11,80.15000153
2008-09-12,78.97000122
2008-09-15,78.91000366
2008-09-16,79.06999969
2008-09-17,78.09999847
2008-09-18,78.01999664
2008-09-19,77.68000031
2008-09-22,76.15000153
2008-09-23,76.47000122
2008-09-24,76.79000092
2008-09-25,76.98999786
2008-09-26,76.94999695
2008-09-29,77.47000122
2008-09-30,79.44999695
2008-10-01,79.45999908
2008-10-02,80.44000244
2008-10-03,80.30999756
2008-10-06,81.68000031
2008-10-07,80.97000122
2008-10-08,80.91000366
2008-10-09,81.16000366
2008-10-10,83.00000000
2008-10-13,81.87999725
2008-10-14,81.36000061
2008-10-15,82.05000305
2008-10-16,82.45999908
2008-10-17,82.41000366
2008-10-20,83.09999847
2008-10-21,83.98999786
2008-10-22,85.37000275
2008-10-23,85.36000061
2008-10-24,86.44000244
2008-10-27,86.93000031
2008-10-28,87.02999878
2008-10-29,85.06999969
2008-10-30,84.55999756
2008-10-31,85.62999725
2008-11-03,86.34999847
2008-11-04,84.77999878
2008-11-05,84.61000061
2008-11-06,85.88999939
2008-11-07,85.91000366
2008-11-10,85.91000366
2008-11-11,87.06999969
2008-11-12,87.47000122
2008-11-13,86.94000244
2008-11-14,86.36000061
2008-11-17,86.80999756
2008-11-18,87.37000275
2008-11-19,87.30999756
2008-11-20,87.97000122
2008-11-21,88.19000244
2008-11-24,86.08000183
2008-11-25,85.00000000
2008-11-26,85.66999817
2008-11-28,86.51999664
2008-12-01,86.72000122
2008-12-02,86.69999695
2008-12-03,87.02999878
2008-12-04,86.44000244
2008-12-05,87.12000275
2008-12-08,85.55999756
2008-12-09,85.83999634
2008-12-10,85.48000336
2008-12-11,83.83000183
2008-12-12,83.63999939
2008-12-15,82.26999664
2008-12-16,80.68000031
2008-12-17,78.91000366
2008-12-18,79.47000122
2008-12-19,81.30000305
2008-12-22,81.08999634
2008-12-23,81.23999786
2008-12-24,81.20999908
2008-12-26,80.88999939
2008-12-29,80.68000031
2008-12-30,80.90000153
2008-12-31,81.30999756
2009-01-02,81.83999634
2009-01-05,82.63999939
2009-01-06,82.84999847
2009-01-07,82.27999878
2009-01-08,81.54000092
2009-01-09,82.66000366
2009-01-12,83.01999664
2009-01-13,84.26999664
2009-01-14,84.41999817
2009-01-15,84.44000244
2009-01-16,84.20999908
2009-01-20,86.22000122
2009-01-21,85.81999969
2009-01-22,85.51999664
2009-01-23,85.61000061
2009-01-26,84.73000336
2009-01-27,84.43000031
2009-01-28,84.66999817
2009-01-29,85.27999878
2009-01-30,86.00000000
2009-02-02,86.06999969
2009-02-03,85.05000305
2009-02-04,85.69999695
2009-02-05,86.05999756
2009-02-06,85.34999847
2009-02-09,84.79000092
2009-02-10,85.80999756
2009-02-11,85.77999878
2009-02-12,86.55000305
2009-02-13,86.04000092
2009-02-17,87.58000183
2009-02-18,88.01000214
2009-02-19,87.44000244
2009-02-20,86.48999786
2009-02-23,87.23999786
2009-02-24,86.88999939
2009-02-25,87.91000366
2009-02-26,87.73000336
2009-02-27,88.01000214
2009-03-02,88.94000244
2009-03-03,88.91000366
2009-03-04,88.58000183
2009-03-05,89.11000061
2009-03-06,88.51000214
2009-03-09,89.01000214
2009-03-10,88.93000031
2009-03-11,87.87000275
2009-03-12,87.66000366
2009-03-13,87.43000031
2009-03-16,86.94999695
2009-03-17,86.93000031
2009-03-18,84.59999847
2009-03-19,83.12999725
2009-03-20,83.83999634
2009-03-23,83.43000031
2009-03-24,83.86000061
2009-03-25,83.80999756
2009-03-26,84.16999817
2009-03-27,85.11000061
2009-03-30,85.87000275
2009-03-31,85.43000031
2009-04-01,85.50000000
2009-04-02,84.44999695
2009-04-03,84.16999817
2009-04-06,84.56999969
2009-04-07,85.29000092
2009-04-08,85.36000061
2009-04-09,85.79000092
2009-04-13,84.63999939
2009-04-14,84.63999939
2009-04-15,85.08000183
2009-04-16,85.23000336
2009-04-17,85.98000336
2009-04-20,86.63999939
2009-04-21,86.58000183
2009-04-22,86.19000244
2009-04-23,85.51999664
2009-04-24,84.70999908
2009-04-27,85.69999695
2009-04-28,85.16000366
2009-04-29,84.47000122
2009-04-30,84.61000061
2009-05-01,84.55000305
2009-05-04,83.97000122
2009-05-05,84.16000366
2009-05-06,83.80000305
2009-05-07,83.94000244
2009-05-08,82.52999878
2009-05-11,82.68000031
2009-05-12,82.30999756
2009-05-13,82.50000000
2009-05-14,82.27999878
2009-05-15,83.01999664
2009-05-18,82.66999817
2009-05-19,81.98000336
2009-05-20,80.98999786
2009-05-21,80.55999756
2009-05-22,79.95999908
2009-05-26,80.12999725
2009-05-27,80.33000183
2009-05-28,80.43000031
2009-05-29,80.43000031
2009-06-01,79.16999817
2009-06-02,78.40000153
2009-06-03,79.50000000
2009-06-04,79.41000366
2009-06-05,80.66999817
2009-06-08,80.91000366
2009-06-09,79.79000092
2009-06-10,80.33000183
2009-06-11,79.41000366
2009-06-12,80.13999939
2009-06-15,81.13999939
2009-06-16,80.70999908
2009-06-17,80.16999817
2009-06-18,80.61000061
2009-06-19,80.26000214
2009-06-22,80.77999878
2009-06-23,79.83999634
2009-06-24,80.55999756
2009-06-25,80.40000153
2009-06-26,79.87999725
2009-06-29,79.83999634
2009-06-30,80.12999725
2009-07-01,79.62999725
2009-07-02,80.15000153
2009-07-06,80.44999695
2009-07-07,80.62000275
2009-07-08,80.76999664
2009-07-09,79.86000061
2009-07-10,80.23000336
2009-07-13,80.12999725
2009-07-14,80.18000031
2009-07-15,79.31999969
2009-07-16,79.22000122
2009-07-17,79.34999847
2009-07-20,78.91000366
2009-07-21,78.93000031
2009-07-22,78.70999908
2009-07-23,78.80000305
2009-07-24,78.75000000
2009-07-27,78.62999725
2009-07-28,78.84999847
2009-07-29,79.62999725
2009-07-30,79.29000092
2009-07-31,78.34999847
2009-08-03,77.63999939
2009-08-04,77.76999664
2009-08-05,77.51999664
2009-08-06,78.06999969
2009-08-07,78.97000122
2009-08-10,79.26000214
2009-08-11,79.18000031
2009-08-12,78.79000092
2009-08-13,78.48999786
2009-08-14,78.88999939
2009-08-17,79.29000092
2009-08-18,78.94000244
2009-08-19,78.47000122
2009-08-20,78.37999725
2009-08-21,78.04000092
2009-08-24,78.26999664
2009-08-25,78.23999786
2009-08-26,78.66000366
2009-08-27,78.01000214
2009-08-28,78.37000275
2009-08-31,78.16999817
2009-09-01,78.76000214
2009-09-02,78.37999725
2009-09-03,78.45999908
2009-09-04,78.13999939
2009-09-08,77.31999969
2009-09-09,77.08999634
2009-09-10,76.81999969
2009-09-11,76.61000061
2009-09-14,76.69999695
2009-09-15,76.54000092
2009-09-16,76.23999786
2009-09-17,76.19000244
2009-09-18,76.43000031
2009-09-21,76.77999878
2009-09-22,76.12000275
2009-09-23,76.05000305
2009-09-24,76.90000153
2009-09-25,76.80999756
2009-09-28,77.05000305
2009-09-29,77.12000275
2009-09-30,76.65000153
2009-10-01,77.19000244
2009-10-02,77.00000000
2009-10-05,76.63999939
2009-10-06,76.33999634
2009-10-07,76.48999786
2009-10-08,75.97000122
2009-10-09,76.43000031
2009-10-12,76.12999725
2009-10-13,75.98000336
2009-10-14,75.55000305
2009-10-15,75.48000336
2009-10-16,75.59999847
2009-10-19,75.51000214
2009-10-20,75.56999969
2009-10-21,74.97000122
2009-10-22,75.08999634
2009-10-23,75.47000122
2009-10-26,76.05999756
2009-10-27,76.13999939
2009-10-28,76.43000031
2009-10-29,75.91999817
2009-10-30,76.30000305
2009-11-02,76.29000092
2009-11-03,76.38999939
2009-11-04,75.63999939
2009-11-05,75.73999786
2009-11-06,75.81999969
2009-11-09,75.02999878
2009-11-10,75.01999664
2009-11-11,75.16000366
2009-11-12,75.59999847
2009-11-13,75.33000183
2009-11-16,74.91000366
2009-11-17,75.37000275
2009-11-18,75.18000031
2009-11-19,75.29000092
2009-11-20,75.66000366
2009-11-23,75.08999634
2009-11-24,75.06999969
2009-11-25,74.26999664
2009-11-27,75.00000000
2009-11-30,74.87999725
2009-12-01,74.36000061
2009-12-02,74.66999817
2009-12-03,74.62999725
2009-12-04,75.91000366
2009-12-07,75.76999664
2009-12-08,76.30999756
2009-12-09,76.04000092
2009-12-10,76.04000092
2009-12-11,76.56999969
2009-12-14,76.34999847
2009-12-15,76.95999908
2009-12-16,77.00000000
2009-12-17,77.69000244
2009-12-18,77.81999969
2009-12-21,78.04000092
2009-12-22,78.25000000
2009-12-23,77.90000153
2009-12-24,77.83999634
2009-12-28,77.62999725
2009-12-29,77.83000183
2009-12-30,77.91000366
2009-12-31,77.86000061
2010-01-04,77.52999878
2010-01-05,77.62000275
2010-01-06,77.48999786
2010-01-07,77.91000366
2010-01-08,77.47000122
2010-01-11,77.00000000
2010-01-12,76.94999695
2010-01-13,76.84999847
2010-01-14,76.73000336
2010-01-15,77.31999969
2010-01-19,77.50000000
2010-01-20,78.33999634
2010-01-21,78.31999969
2010-01-22,78.27999878
2010-01-25,78.19000244
2010-01-26,78.43000031
2010-01-27,78.68000031
2010-01-28,78.90000153
2010-01-29,79.45999908
2010-02-01,79.23999786
2010-02-02,79.01000214
2010-02-03,79.37000275
2010-02-04,79.91999817
2010-02-05,80.44000244
2010-02-08,80.30000305
2010-02-09,79.86000061
2010-02-10,80.02999878
2010-02-11,79.98999786
2010-02-12,80.31999969
2010-02-16,79.69999695
2010-02-17,80.37999725
2010-02-18,80.40000153
2010-02-19,80.63999939
2010-02-22,80.51000214
2010-02-23,80.84999847
2010-02-24,80.84999847
2010-02-25,80.79000092
2010-02-26,80.36000061
2010-03-01,80.66000366
2010-03-02,80.51999664
2010-03-03,79.98000336
2010-03-04,80.55999756
2010-03-05,80.43000031
2010-03-08,80.43000031
2010-03-09,80.58999634
2010-03-10,80.44999695
2010-03-11,80.31999969
2010-03-12,79.83000183
2010-03-15,80.25000000
2010-03-16,79.75000000
2010-03-17,79.63999939
2010-03-18,80.22000122
2010-03-19,80.72000122
2010-03-22,80.65000153
2010-03-23,80.90000153
2010-03-24,81.83999634
2010-03-25,82.12000275
2010-03-26,81.68000031
2010-03-29,81.36000061
2010-03-30,81.47000122
2010-03-31,81.06999969
2010-04-01,80.77999878
2010-04-05,81.08999634
2010-04-06,81.38999939
2010-04-07,81.44000244
2010-04-08,81.52999878
2010-04-09,81.08999634
2010-04-12,80.55999756
2010-04-13,80.51000214
2010-04-14,80.19000244
2010-04-15,80.48000336
2010-04-16,80.81999969
2010-04-19,81.00000000
2010-04-20,81.05000305
2010-04-21,81.16000366
2010-04-22,81.56999969
2010-04-23,81.34999847
2010-04-26,81.48000336
2010-04-27,82.15000153
2010-04-28,82.37999725
2010-04-29,82.00000000
2010-04-30,81.87000275
2010-05-03,82.26999664
2010-05-04,83.30000305
2010-05-05,84.08000183
2010-05-06,84.88999939
2010-05-07,84.44999695
2010-05-10,84.16000366
2010-05-11,84.47000122
2010-05-12,84.83000183
2010-05-13,85.20999908
2010-05-14,86.09999847
2010-05-17,86.20999908
2010-05-18,87.16000366
2010-05-19,86.38999939
2010-05-20,85.56999969
2010-05-21,85.37000275
2010-05-24,86.20999908
2010-05-25,86.77999878
2010-05-26,87.12000275
2010-05-27,86.18000031
2010-05-28,86.48000336
2010-06-01,86.63999939
2010-06-02,86.79000092
2010-06-03,87.13999939
2010-06-04,88.23000336
2010-06-07,88.40000153
2010-06-08,88.38999939
2010-06-09,87.90000153
2010-06-10,87.16999817
2010-06-11,87.51000214
2010-06-14,86.51000214
2010-06-15,85.98000336
2010-06-16,86.08000183
2010-06-17,85.69000244
2010-06-18,85.69999695
2010-06-21,85.93000031
2010-06-22,86.11000061
2010-06-23,85.73999786
2010-06-24,85.73000336
2010-06-25,85.30999756
2010-06-28,85.65000153
2010-06-29,86.02999878
2010-06-30,86.01999664
2010-07-01,84.72000122
2010-07-02,84.43000031
2010-07-06,84.08000183
2010-07-07,83.81999969
2010-07-08,83.81999969
2010-07-09,83.94999695
2010-07-12,84.19999695
2010-07-13,83.63999939
2010-07-14,83.43000031
2010-07-15,82.55999756
2010-07-16,82.48999786
2010-07-19,82.51000214
2010-07-20,82.75000000
2010-07-21,83.38999939
2010-07-22,82.59999847
2010-07-23,82.45999908
2010-07-26,82.08999634
2010-07-27,82.18000031
2010-07-28,82.18000031
2010-07-29,81.63999939
2010-07-30,81.54000092
2010-08-02,80.94000244
2010-08-03,80.59999847
2010-08-04,80.88999939
2010-08-05,80.81999969
2010-08-06,80.41000366
2010-08-09,80.70999908
2010-08-10,80.80000305
2010-08-11,82.29000092
2010-08-12,82.63999939
2010-08-13,82.94999695
2010-08-16,82.52999878
2010-08-17,82.23000336
2010-08-18,82.22000122
2010-08-19,82.44999695
2010-08-20,83.05999756
2010-08-23,83.12000275
2010-08-24,83.15000153
2010-08-25,83.26000214
2010-08-26,82.93000031
2010-08-27,82.91999817
2010-08-30,83.16000366
2010-08-31,83.19999695
2010-09-01,82.51999664
2010-09-02,82.45999908
2010-09-03,83.09999847
2010-09-07,82.81999969
2010-09-08,82.58999634
2010-09-09,82.66999817
2010-09-10,82.69999695
2010-09-13,81.91000366
2010-09-14,81.08000183
2010-09-15,81.48999786
2010-09-16,81.23999786
2010-09-17,81.40000153
2010-09-20,81.33999634
2010-09-21,80.44000244
2010-09-22,79.83000183
2010-09-23,80.01000214
2010-09-24,79.38999939
2010-09-27,79.33999634
2010-09-28,79.01000214
2010-09-29,78.69000244
2010-09-30,78.72000122
2010-10-01,78.08999634
2010-10-04,78.44999695
2010-10-05,77.75000000
2010-10-06,77.38999939
2010-10-07,77.38999939
2010-10-08,77.31999969
2010-10-11,77.44000244
2010-10-12,77.36000061
2010-10-13,77.06999969
2010-10-14,76.65000153
2010-10-15,77.04000092
2010-10-18,76.93000031
2010-10-19,78.18000031
2010-10-20,77.16999817
2010-10-21,77.41999817
2010-10-22,77.47000122
2010-10-25,77.09999847
2010-10-26,77.70999908
2010-10-27,78.15000153
2010-10-28,77.30999756
2010-10-29,77.26999664
2010-11-01,77.30000305
2010-11-02,76.72000122
2010-11-03,76.48000336
2010-11-04,75.87999725
2010-11-05,76.55000305
2010-11-08,77.02999878
2010-11-09,77.44000244
2010-11-10,77.62999725
2010-11-11,78.22000122
2010-11-12,78.08000183
2010-11-15,78.51999664
2010-11-16,79.20999908
2010-11-17,79.08000183
2010-11-18,78.62000275
2010-11-19,78.50000000
2010-11-22,78.68000031
2010-11-23,79.68000031
2010-11-24,79.87000275
2010-11-26,80.36000061
2010-11-29,80.83999634
2010-11-30,81.19999695
2010-12-01,80.70999908
2010-12-02,80.30000305
2010-12-03,79.37999725
2010-12-06,79.56999969
2010-12-07,79.86000061
2010-12-08,80.00000000
2010-12-09,80.06999969
2010-12-10,80.06999969
2010-12-13,79.27999878
2010-12-14,79.37000275
2010-12-15,80.26000214
2010-12-16,80.18000031
2010-12-17,80.37000275
2010-12-20,80.62999725
2010-12-21,80.72000122
2010-12-22,80.73000336
2010-12-23,80.50000000
2010-12-27,80.37000275
2010-12-28,80.36000061
2010-12-29,79.80000305
2010-12-30,79.51999664
2010-12-31,79.02999878
2011-01-03,79.12999725
2011-01-04,79.44000244
2011-01-05,80.26000214
2011-01-06,80.79000092
2011-01-07,81.01000214
2011-01-10,80.87999725
2011-01-11,80.84999847
2011-01-12,80.02999878
2011-01-13,79.19000244
2011-01-14,79.16000366
2011-01-18,78.95999908
2011-01-19,78.63999939
2011-01-20,78.81999969
2011-01-21,78.20999908
2011-01-24,78.05000305
2011-01-25,78.00000000
2011-01-26,77.90000153
2011-01-27,77.73000336
2011-01-28,78.12999725
2011-01-31,77.73999786
2011-02-01,77.06999969
2011-02-02,77.16000366
2011-02-03,77.75000000
2011-02-04,78.04000092
2011-02-07,78.02999878
2011-02-08,78.00000000
2011-02-09,77.63999939
2011-02-10,78.25000000
2011-02-11,78.45999908
2011-02-14,78.61000061
2011-02-15,78.56999969
2011-02-16,78.22000122
2011-02-17,78.00000000
2011-02-18,77.66000366
2011-02-22,77.76999664
2011-02-23,77.41000366
2011-02-24,77.05999756
2011-02-25,77.27999878
2011-02-28,76.88999939
2011-03-01,77.05000305
2011-03-02,76.66999817
2011-03-03,76.48000336
2011-03-04,76.40000153
2011-03-07,76.50000000
2011-03-08,76.80000305
2011-03-09,76.72000122
2011-03-10,77.27999878
2011-03-11,76.77999878
2011-03-14,76.34999847
2011-03-15,76.33000183
2011-03-16,76.68000031
2011-03-17,76.04000092
2011-03-18,75.72000122
2011-03-21,75.40000153
2011-03-22,75.43000031
2011-03-23,75.79000092
2011-03-24,75.66000366
2011-03-25,76.22000122
2011-03-28,76.12999725
2011-03-29,76.25000000
2011-03-30,76.12000275
2011-03-31,75.86000061
2011-04-01,75.83000183
2011-04-04,75.91000366
2011-04-05,75.87999725
2011-04-06,75.51000214
2011-04-07,75.58999634
2011-04-08,75.06999969
2011-04-11,75.05999756
2011-04-12,74.84999847
2011-04-13,74.98000336
2011-04-14,74.68000031
2011-04-15,74.83000183
2011-04-18,75.50000000
2011-04-19,75.02999878
2011-04-20,74.37000275
2011-04-21,74.00000000
2011-04-25,73.98999786
2011-04-26,73.83999634
2011-04-27,73.51999664
2011-04-28,73.12000275
2011-04-29,72.93000031
2011-05-02,72.94999695
2011-05-03,73.13999939
2011-05-04,73.02999878
2011-05-05,74.19000244
2011-05-06,74.83999634
2011-05-09,74.73999786
2011-05-10,74.61000061
2011-05-11,75.33000183
2011-05-12,75.23999786
2011-05-13,75.76000214
2011-05-16,75.47000122
2011-05-17,75.40000153
2011-05-18,75.47000122
2011-05-19,75.12000275
2011-05-20,75.43000031
2011-05-23,76.09999847
2011-05-24,75.87999725
2011-05-25,75.93000031
2011-05-26,75.55000305
2011-05-27,74.94999695
2011-05-31,74.63999939
2011-06-01,74.68000031
2011-06-02,74.33000183
2011-06-03,73.77999878
2011-06-06,73.94999695
2011-06-07,73.51999664
2011-06-08,73.93000031
2011-06-09,74.19000244
2011-06-10,74.79000092
2011-06-13,74.51000214
2011-06-14,74.33000183
2011-06-15,75.59999847
2011-06-16,75.75000000
2011-06-17,74.98999786
2011-06-20,75.02999878
2011-06-21,74.54000092
2011-06-22,74.77999878
2011-06-23,75.44999695
2011-06-24,75.66999817
2011-06-27,75.38999939
2011-06-28,75.05999756
2011-06-29,74.69000244
2011-06-30,74.30000305
2011-07-01,74.34999847
2011-07-05,74.69000244
2011-07-06,75.12000275
2011-07-07,74.95999908
2011-07-08,75.18000031
2011-07-11,75.98999786
2011-07-12,75.80999756
2011-07-13,75.20999908
2011-07-14,75.25000000
2011-07-15,75.12999725
2011-07-18,75.48000336
2011-07-19,75.22000122
2011-07-20,74.79000092
2011-07-21,74.01999664
2011-07-22,74.19999695
2011-07-25,74.05999756
2011-07-26,73.47000122
2011-07-27,74.08999634
2011-07-28,74.22000122
2011-07-29,73.90000153
2011-08-01,74.26000214
2011-08-02,74.51000214
2011-08-03,74.04000092
2011-08-04,75.12000275
2011-08-05,74.59999847
2011-08-08,74.79000092
2011-08-09,74.61000061
2011-08-10,74.63999939
2011-08-11,74.68000031
2011-08-12,74.61000061
2011-08-15,73.83999634
2011-08-16,74.01000214
2011-08-17,73.66999817
2011-08-18,74.23999786
2011-08-19,73.98999786
2011-08-22,74.06999969
2011-08-23,73.87000275
2011-08-24,74.01000214
2011-08-25,74.27999878
2011-08-26,73.80999756
2011-08-29,73.72000122
2011-08-30,73.94000244
2011-08-31,74.12999725
2011-09-01,74.48000336
2011-09-02,74.75000000
2011-09-06,75.91999817
2011-09-07,75.45999908
2011-09-08,76.23999786
2011-09-09,77.19000244
2011-09-12,77.56999969
2011-09-13,76.91000366
2011-09-14,76.83000183
2011-09-15,76.23999786
2011-09-16,76.58000183
2011-09-19,77.38999939
2011-09-20,77.02999878
2011-09-21,77.33999634
2011-09-22,78.37999725
2011-09-23,78.30000305
2011-09-26,78.36000061
2011-09-27,77.51000214
2011-09-28,77.84999847
2011-09-29,77.91999817
2011-09-30,78.55000305
2011-10-03,79.44999695
2011-10-04,79.59999847
2011-10-05,78.91000366
2011-10-06,78.52999878
2011-10-07,78.72000122
2011-10-10,77.59999847
2011-10-11,77.58000183
2011-10-12,76.98999786
2011-10-13,76.98999786
2011-10-14,76.62000275
2011-10-17,77.13999939
2011-10-18,77.12999725
2011-10-19,77.11000061
2011-10-20,76.97000122
2011-10-21,76.30000305
2011-10-24,76.01999664
2011-10-25,76.25000000
2011-10-26,76.19999695
2011-10-27,74.87000275
2011-10-28,75.08999634
2011-10-31,76.16999817
2011-11-01,77.26000214
2011-11-02,77.01000214
2011-11-03,76.66999817
2011-11-04,76.91000366
2011-11-07,76.95999908
2011-11-08,76.66999817
2011-11-09,77.93000031
2011-11-10,77.63999939
2011-11-11,76.94000244
2011-11-14,77.55999756
2011-11-15,77.87999725
2011-11-16,78.16000366
2011-11-17,78.29000092
2011-11-18,78.01999664
2011-11-21,78.30000305
2011-11-22,78.23000336
2011-11-23,79.00000000
2011-11-25,79.61000061
2011-11-28,79.29000092
2011-11-29,79.00000000
2011-11-30,78.38999939
2011-12-01,78.31999969
2011-12-02,78.62999725
2011-12-05,78.61000061
2011-12-06,78.51000214
2011-12-07,78.48000336
2011-12-08,78.80999756
2011-12-09,78.62999725
2011-12-12,79.56999969
2011-12-13,80.25000000
2011-12-14,80.52999878
2011-12-15,80.23999786
2011-12-16,80.25000000
2011-12-19,80.25000000
2011-12-20,79.87999725
2011-12-21,80.01999664
2011-12-22,79.91999817
2011-12-23,80.01000214
2011-12-27,79.79000092
2011-12-28,80.48999786
2011-12-29,80.48000336
2011-12-30,80.16999817
2012-01-03,79.61000061
2012-01-04,80.08999634
2012-01-05,80.94000244
2012-01-06,81.23999786
2012-01-09,81.05000305
2012-01-10,80.80000305
2012-01-11,81.34999847
2012-01-12,80.76999664
2012-01-13,81.43000031
2012-01-17,81.18000031
2012-01-18,80.59999847
2012-01-19,80.20999908
2012-01-20,80.22000122
2012-01-23,79.69000244
2012-01-24,79.86000061
2012-01-25,79.56999969
2012-01-26,79.41000366
2012-01-27,78.90000153
2012-01-30,79.16000366
2012-01-31,79.27999878
2012-02-01,78.91999817
2012-02-02,78.97000122
2012-02-03,78.94000244
2012-02-06,79.08999634
2012-02-07,78.56999969
2012-02-08,78.63999939
2012-02-09,78.55999756
2012-02-10,79.11000061
2012-02-13,78.94000244
2012-02-14,79.58000183
2012-02-15,79.66999817
2012-02-16,79.33999634
2012-02-17,79.33000183
2012-02-21,79.04000092
2012-02-22,79.20999908
2012-02-23,78.80999756
2012-02-24,78.34999847
2012-02-27,78.55999756
2012-02-28,78.26999664
2012-02-29,78.73000336
2012-03-01,78.77999878
2012-03-02,79.40000153
2012-03-05,79.31999969
2012-03-06,79.86000061
2012-03-07,79.70999908
2012-03-08,79.16000366
2012-03-09,80.04000092
2012-03-12,79.87000275
2012-03-13,80.19000244
2012-03-14,80.55999756
2012-03-15,80.15000153
2012-03-16,79.77999878
2012-03-19,79.44999695
2012-03-20,79.58999634
2012-03-21,79.62999725
2012-03-22,79.73999786
2012-03-23,79.33999634
2012-03-26,78.93000031
2012-03-27,79.04000092
2012-03-28,79.16000366
2012-03-29,79.18000031
2012-03-30,78.93000031
2012-04-02,78.81999969
2012-04-03,79.48000336
2012-04-04,79.76000214
2012-04-05,80.06999969
2012-04-09,79.73000336
2012-04-10,79.88999939
2012-04-11,79.77999878
2012-04-12,79.27999878
2012-04-13,79.87999725
2012-04-16,79.55000305
2012-04-17,79.47000122
2012-04-18,79.52999878
2012-04-19,79.55999756
2012-04-20,79.18000031
2012-04-23,79.41999817
2012-04-24,79.22000122
2012-04-25,79.01000214
2012-04-26,78.91000366
2012-04-27,78.69999695
2012-04-30,78.79000092
2012-05-01,78.86000061
2012-05-02,79.12999725
2012-05-03,79.22000122
2012-05-04,79.47000122
2012-05-07,79.59999847
2012-05-08,79.73000336
2012-05-09,80.08000183
2012-05-10,80.11000061
2012-05-11,80.27999878
2012-05-14,80.59999847
2012-05-15,81.22000122
2012-05-16,81.37000275
2012-05-17,81.37999725
2012-05-18,81.29000092
2012-05-21,81.08000183
2012-05-22,81.66999817
2012-05-23,82.08999634
2012-05-24,82.29000092
2012-05-25,82.40000153
2012-05-29,82.44000244
2012-05-30,83.01000214
2012-05-31,83.04000092
2012-06-01,82.88999939
2012-06-04,82.55000305
2012-06-05,82.80000305
2012-06-06,82.31999969
2012-06-07,82.05000305
2012-06-08,82.51000214
2012-06-11,82.51000214
2012-06-12,82.41000366
2012-06-13,82.05000305
2012-06-14,81.90000153
2012-06-15,81.58999634
2012-06-18,81.94000244
2012-06-19,81.37000275
2012-06-20,81.48999786
2012-06-21,82.31999969
2012-06-22,82.22000122
2012-06-25,82.45999908
2012-06-26,82.37000275
2012-06-27,82.55999756
2012-06-28,82.66999817
2012-06-29,81.65000153
2012-07-02,81.87000275
2012-07-03,81.77999878
2012-07-05,82.80999756
2012-07-06,83.29000092
2012-07-09,83.16000366
2012-07-10,83.36000061
2012-07-11,83.56999969
2012-07-12,83.65000153
2012-07-13,83.30000305
2012-07-16,83.08999634
2012-07-17,83.02999878
2012-07-18,82.94999695
2012-07-19,82.90000153
2012-07-20,83.47000122
2012-07-23,83.70999908
2012-07-24,84.01000214
2012-07-25,83.51999664
2012-07-26,82.80999756
2012-07-27,82.70999908
2012-07-30,82.79000092
2012-07-31,82.63999939
2012-08-01,83.05999756
2012-08-02,83.33000183
2012-08-03,82.37999725
2012-08-06,82.26999664
2012-08-07,82.20999908
2012-08-08,82.38999939
2012-08-09,82.63999939
2012-08-10,82.55000305
2012-08-13,82.44000244
2012-08-14,82.48000336
2012-08-15,82.65000153
2012-08-16,82.36000061
2012-08-17,82.59999847
2012-08-20,82.45999908
2012-08-21,81.91000366
2012-08-22,81.48999786
2012-08-23,81.36000061
2012-08-24,81.58999634
2012-08-27,81.66000366
2012-08-28,81.37000275
2012-08-29,81.55000305
2012-08-30,81.68000031
2012-08-31,81.25000000
2012-09-04,81.31999969
2012-09-05,81.23999786
2012-09-06,81.08000183
2012-09-07,80.25000000
2012-09-10,80.36000061
2012-09-11,79.86000061
2012-09-12,79.73999786
2012-09-13,79.26000214
2012-09-14,78.84999847
2012-09-17,79.01000214
2012-09-18,79.25000000
2012-09-19,79.05999756
2012-09-20,79.41000366
2012-09-21,79.33000183
2012-09-24,79.51999664
2012-09-25,79.55000305
2012-09-26,79.88999939
2012-09-27,79.55000305
2012-09-28,79.94000244
2012-10-01,79.81999969
2012-10-02,79.73999786
2012-10-03,79.97000122
2012-10-04,79.34999847
2012-10-05,79.33999634
2012-10-08,79.54000092
2012-10-09,79.94999695
2012-10-10,79.91999817
2012-10-11,79.77999878
2012-10-12,79.69000244
2012-10-15,79.73999786
2012-10-16,79.37000275
2012-10-17,79.01999664
2012-10-18,79.37000275
2012-10-19,79.63999939
2012-10-22,79.65000153
2012-10-23,79.98000336
2012-10-24,79.97000122
2012-10-25,80.04000092
2012-10-26,80.06999969
2012-10-31,79.91999817
2012-11-01,80.05000305
2012-11-02,80.58999634
2012-11-05,80.75000000
2012-11-06,80.61000061
2012-11-07,80.76000214
2012-11-08,80.79000092
2012-11-09,81.02999878
2012-11-12,81.04000092
2012-11-13,81.08000183
2012-11-14,81.05999756
2012-11-15,81.08000183
2012-11-16,81.26000214
2012-11-19,80.87000275
2012-11-20,80.95999908
2012-11-21,80.93000031
2012-11-23,80.19000244
2012-11-26,80.25000000
2012-11-27,80.40000153
2012-11-28,80.33999634
2012-11-29,80.19999695
2012-11-30,80.15000153
2012-12-03,79.87999725
2012-12-04,79.63999939
2012-12-05,79.76999664
2012-12-06,80.26000214
2012-12-07,80.41999817
2012-12-10,80.33000183
2012-12-11,80.05999756
2012-12-12,79.88999939
2012-12-13,79.93000031
2012-12-14,79.59999847
2012-12-17,79.56999969
2012-12-18,79.36000061
2012-12-19,79.25000000
2012-12-20,79.26000214
2012-12-21,79.62000275
2012-12-24,79.63999939
2012-12-26,79.62000275
2012-12-27,79.62000275
2012-12-28,79.68000031
2012-12-31,79.76999664
2013-01-02,79.84999847
2013-01-03,80.43000031
2013-01-04,80.50000000
2013-01-07,80.26000214
2013-01-08,80.34999847
2013-01-09,80.55999756
2013-01-10,79.73999786
2013-01-11,79.55999756
2013-01-14,79.48999786
2013-01-15,79.77999878
2013-01-16,79.80000305
2013-01-17,79.65000153
2013-01-18,80.05000305
2013-01-22,79.87000275
2013-01-23,79.91999817
2013-01-24,79.94999695
2013-01-25,79.75000000
2013-01-28,79.77999878
2013-01-29,79.55999756
2013-01-30,79.27999878
2013-01-31,79.20999908
2013-02-01,79.12999725
2013-02-04,79.55000305
2013-02-05,79.48999786
2013-02-06,79.72000122
2013-02-07,80.19000244
2013-02-08,80.25000000
2013-02-11,80.30999756
2013-02-12,80.11000061
2013-02-13,80.08999634
2013-02-14,80.45999908
2013-02-15,80.58000183
2013-02-19,80.47000122
2013-02-20,81.08999634
2013-02-21,81.45999908
2013-02-22,81.48000336
2013-02-25,81.66999817
2013-02-26,81.87000275
2013-02-27,81.59999847
2013-02-28,81.98000336
2013-03-01,82.30999756
2013-03-04,82.22000122
2013-03-05,82.08999634
2013-03-06,82.45999908
2013-03-07,82.08000183
2013-03-08,82.69999695
2013-03-11,82.56999969
2013-03-12,82.58000183
2013-03-13,82.88999939
2013-03-14,82.61000061
2013-03-15,82.26000214
2013-03-18,82.69000244
2013-03-19,82.98999786
2013-03-20,82.77999878
2013-03-21,82.80000305
2013-03-22,82.52999878
2013-03-25,82.87000275
2013-03-26,82.87999725
2013-03-27,83.20999908
2013-03-28,82.98999786
2013-04-01,82.73000336
2013-04-02,82.94000244
2013-04-03,82.72000122
2013-04-04,82.68000031
2013-04-05,82.50000000
2013-04-08,82.75000000
2013-04-09,82.30999756
2013-04-10,82.52999878
2013-04-11,82.25000000
2013-04-12,82.30999756
2013-04-15,82.41999817
2013-04-16,81.75000000
2013-04-17,82.66000366
2013-04-18,82.55000305
2013-04-19,82.70999908
2013-04-22,82.68000031
2013-04-23,83.02999878
2013-04-24,82.93000031
2013-04-25,82.73999786
2013-04-26,82.48000336
2013-04-29,82.15000153
2013-04-30,81.73000336
2013-05-01,81.63999939
2013-05-02,82.20999908
2013-05-03,82.09999847
2013-05-06,82.31999969
2013-05-07,82.30000305
2013-05-08,81.90000153
2013-05-09,82.79000092
2013-05-10,83.13999939
2013-05-13,83.26000214
2013-05-14,83.56999969
2013-05-15,83.83000183
2013-05-16,83.76999664
2013-05-17,84.27999878
2013-05-20,83.80999756
2013-05-21,83.86000061
2013-05-22,84.25000000
2013-05-23,83.80000305
2013-05-24,83.69999695
2013-05-28,84.13999939
2013-05-29,83.63999939
2013-05-30,83.01000214
2013-05-31,83.37999725
2013-06-03,82.68000031
2013-06-04,82.76999664
2013-06-05,82.56999969
2013-06-06,81.51999664
2013-06-07,81.69000244
2013-06-10,81.65000153
2013-06-11,81.05999756
2013-06-12,80.95999908
2013-06-13,80.62000275
2013-06-14,80.66999817
2013-06-17,80.56999969
2013-06-18,80.62000275
2013-06-19,81.43000031
2013-06-20,81.83999634
2013-06-21,82.31999969
2013-06-24,82.43000031
2013-06-25,82.58000183
2013-06-26,82.94999695
2013-06-27,82.91000366
2013-06-28,83.16999817
2013-07-01,82.98000336
2013-07-02,83.54000092
2013-07-03,83.23000336
2013-07-05,84.41999817
2013-07-08,84.19999695
2013-07-09,84.58000183
2013-07-10,84.04000092
2013-07-11,82.75000000
2013-07-12,82.98999786
2013-07-15,83.04000092
2013-07-16,82.43000031
2013-07-17,82.70999908
2013-07-18,82.81999969
2013-07-19,82.58000183
2013-07-22,82.22000122
2013-07-23,82.01000214
2013-07-24,82.30000305
2013-07-25,81.97000122
2013-07-26,81.62000275
2013-07-29,81.66000366
2013-07-30,81.83000183
2013-07-31,81.44999695
2013-08-01,82.33999634
2013-08-02,81.91000366
2013-08-05,81.87999725
2013-08-06,81.59999847
2013-08-07,81.29000092
2013-08-08,81.01000214
2013-08-09,81.12999725
2013-08-12,81.33000183
2013-08-13,81.73000336
2013-08-14,81.69999695
2013-08-15,81.12999725
2013-08-16,81.26000214
2013-08-19,81.23000336
2013-08-20,80.91000366
2013-08-21,81.31999969
2013-08-22,81.48999786
2013-08-23,81.33999634
2013-08-26,81.37000275
2013-08-27,81.16999817
2013-08-28,81.41999817
2013-08-29,81.94999695
2013-08-30,82.08999634
2013-09-03,82.36000061
2013-09-04,82.16999817
2013-09-05,82.62999725
2013-09-06,82.15000153
2013-09-09,81.79000092
2013-09-10,81.81999969
2013-09-11,81.51999664
2013-09-12,81.48999786
2013-09-13,81.44999695
2013-09-16,81.25000000
2013-09-17,81.16999817
2013-09-18,80.23999786
2013-09-19,80.36000061
2013-09-20,80.44000244
2013-09-23,80.44999695
2013-09-24,80.55999756
2013-09-25,80.33000183
2013-09-26,80.51999664
2013-09-27,80.26999664
2013-09-30,80.22000122
2013-10-01,80.09999847
2013-10-02,79.87999725
2013-10-03,79.76999664
2013-10-04,80.12000275
2013-10-07,79.94000244
2013-10-08,80.05999756
2013-10-09,80.37000275
2013-10-10,80.41999817
2013-10-11,80.36000061
2013-10-14,80.26000214
2013-10-15,80.48000336
2013-10-16,80.50000000
2013-10-17,79.65000153
2013-10-18,79.63999939
2013-10-21,79.68000031
2013-10-22,79.23999786
2013-10-23,79.26000214
2013-10-24,79.19000244
2013-10-25,79.18000031
2013-10-28,79.25000000
2013-10-29,79.62999725
2013-10-30,79.75000000
2013-10-31,80.19999695
2013-11-01,80.73000336
2013-11-04,80.55000305
2013-11-05,80.70999908
2013-11-06,80.48000336
2013-11-07,80.81999969
2013-11-08,81.20999908
2013-11-11,81.08999634
2013-11-12,81.19000244
2013-11-13,80.93000031
2013-11-14,80.98000336
2013-11-15,80.83999634
2013-11-18,80.83000183
2013-11-19,80.69999695
2013-11-20,81.11000061
2013-11-21,81.05000305
2013-11-22,80.70999908
2013-11-25,80.91999817
2013-11-26,80.61000061
2013-11-27,80.73999786
2013-11-29,80.68000031
2013-12-02,80.91000366
2013-12-03,80.62000275
2013-12-04,80.62999725
2013-12-05,80.26999664
2013-12-06,80.26999664
2013-12-09,80.12999725
2013-12-10,79.97000122
2013-12-11,79.88999939
2013-12-12,80.19999695
2013-12-13,80.20999908
2013-12-16,80.06999969
2013-12-17,80.05999756
2013-12-18,80.11000061
2013-12-19,80.62999725
2013-12-20,80.58000183
2013-12-23,80.44999695
2013-12-24,80.52999878
2013-12-26,80.48000336
2013-12-27,80.38999939
2013-12-30,80.00000000
2013-12-31,80.04000092
2014-01-02,80.62999725
2014-01-03,80.79000092
2014-01-06,80.65000153
2014-01-07,80.83000183
2014-01-08,81.04000092
2014-01-09,81.01000214
2014-01-10,80.66000366
2014-01-13,80.51000214
2014-01-14,80.61000061
2014-01-15,81.00000000
2014-01-16,80.90000153
2014-01-17,81.26000214
2014-01-21,81.09999847
2014-01-22,81.16999817
2014-01-23,80.44000244
2014-01-24,80.45999908
2014-01-27,80.50000000
2014-01-28,80.56999969
2014-01-29,80.51000214
2014-01-30,81.08999634
2014-01-31,81.26999664
2014-02-03,81.01000214
2014-02-04,81.12000275
2014-02-05,81.02999878
2014-02-06,80.88999939
2014-02-07,80.69000244
2014-02-10,80.66999817
2014-02-11,80.62999725
2014-02-12,80.68000031
2014-02-13,80.29000092
2014-02-14,80.12999725
2014-02-18,80.01000214
2014-02-19,80.16999817
2014-02-20,80.29000092
2014-02-21,80.23999786
2014-02-24,80.20999908
2014-02-25,80.15000153
2014-02-26,80.41000366
2014-02-27,80.29000092
2014-02-28,79.77999878
2014-03-03,80.06999969
2014-03-04,80.16000366
2014-03-05,80.11000061
2014-03-06,79.68000031
2014-03-07,79.72000122
2014-03-10,79.75000000
2014-03-11,79.76999664
2014-03-12,79.61000061
2014-03-13,79.62000275
2014-03-14,79.44000244
2014-03-17,79.38999939
2014-03-18,79.41000366
2014-03-19,79.98999786
2014-03-20,80.20999908
2014-03-21,80.11000061
2014-03-24,79.93000031
2014-03-25,79.94000244
2014-03-26,79.98000336
2014-03-27,80.11000061
2014-03-28,80.18000031
2014-03-31,80.09999847
2014-04-01,80.08000183
2014-04-02,80.22000122
2014-04-03,80.47000122
2014-04-04,80.41999817
2014-04-07,80.22000122
2014-04-08,79.75000000
2014-04-09,79.48000336
2014-04-10,79.37999725
2014-04-11,79.44999695
2014-04-14,79.73000336
2014-04-15,79.80000305
2014-04-16,79.81999969
2014-04-17,79.83000183
2014-04-21,79.94999695
2014-04-22,79.91000366
2014-04-23,79.86000061
2014-04-24,79.80000305
2014-04-25,79.76999664
2014-04-28,79.68000031
2014-04-29,79.80999756
2014-04-30,79.48999786
2014-05-01,79.52999878
2014-05-02,79.51999664
2014-05-05,79.48999786
2014-05-06,79.13999939
2014-05-07,79.22000122
2014-05-08,79.43000031
2014-05-09,79.90000153
2014-05-12,79.90000153
2014-05-13,80.13999939
2014-05-14,80.06999969
2014-05-15,80.00000000
2014-05-16,80.04000092
2014-05-19,79.98999786
2014-05-20,80.04000092
2014-05-21,80.09999847
2014-05-22,80.25000000
2014-05-23,80.38999939
2014-05-27,80.34999847
2014-05-28,80.56999969
2014-05-29,80.48999786
2014-05-30,80.37000275
2014-06-02,80.63999939
2014-06-03,80.55000305
2014-06-04,80.66999817
2014-06-05,80.37000275
2014-06-06,80.41000366
2014-06-09,80.65000153
2014-06-10,80.81999969
2014-06-11,80.79000092
2014-06-12,80.58000183
2014-06-13,80.58000183
2014-06-16,80.47000122
2014-06-17,80.62999725
2014-06-18,80.58000183
2014-06-19,80.31999969
2014-06-20,80.37000275
2014-06-23,80.26000214
2014-06-24,80.33000183
2014-06-25,80.22000122
2014-06-26,80.23000336
2014-06-27,80.04000092
2014-06-30,79.77999878
2014-07-01,79.81999969
2014-07-02,79.95999908
2014-07-03,80.20999908
2014-07-07,80.22000122
2014-07-08,80.18000031
2014-07-09,79.98999786
2014-07-10,80.12999725
2014-07-11,80.19000244
2014-07-14,80.19000244
2014-07-15,80.38999939
2014-07-16,80.55999756
2014-07-17,80.51999664
2014-07-18,80.51999664
2014-07-21,80.55999756
2014-07-22,80.77999878
2014-07-23,80.80999756
2014-07-24,80.87000275
2014-07-25,81.02999878
2014-07-28,81.02999878
2014-07-29,81.20999908
2014-07-30,81.41999817
2014-07-31,81.45999908
2014-08-01,81.30000305
2014-08-04,81.33000183
2014-08-05,81.51999664
2014-08-06,81.44000244
2014-08-07,81.51999664
2014-08-08,81.38999939
2014-08-11,81.47000122
2014-08-12,81.50000000
2014-08-13,81.59999847
2014-08-14,81.58999634
2014-08-15,81.41999817
2014-08-18,81.58000183
2014-08-19,81.87999725
2014-08-20,82.25000000
2014-08-21,82.15000153
2014-08-22,82.33999634
2014-08-25,82.55000305
2014-08-26,82.65000153
2014-08-27,82.43000031
2014-08-28,82.48000336
2014-08-29,82.75000000
2014-09-02,82.98999786
2014-09-03,82.87000275
2014-09-04,83.81999969
2014-09-05,83.76000214
2014-09-08,84.23000336
2014-09-09,84.27999878
2014-09-10,84.25000000
2014-09-11,84.30000305
2014-09-12,84.23999786
2014-09-15,84.26000214
2014-09-16,84.06999969
2014-09-17,84.69999695
2014-09-18,84.31999969
2014-09-19,84.80000305
2014-09-22,84.66999817
2014-09-23,84.66000366
2014-09-24,85.05000305
2014-09-25,85.19999695
2014-09-26,85.63999939
2014-09-29,85.58999634
2014-09-30,85.94000244
2014-10-01,85.97000122
2014-10-02,85.59999847
2014-10-03,86.69000244
2014-10-06,85.70999908
2014-10-07,85.66999817
2014-10-08,85.30000305
2014-10-09,85.51999664
2014-10-10,85.91000366
2014-10-13,85.43000031
2014-10-14,85.81999969
2014-10-15,85.15000153
2014-10-16,85.00000000
2014-10-17,85.19000244
2014-10-20,84.94999695
2014-10-21,85.30999756
2014-10-22,85.73999786
2014-10-23,85.83999634
2014-10-24,85.73000336
2014-10-27,85.50000000
2014-10-28,85.41000366
2014-10-29,85.94999695
2014-10-30,86.15000153
2014-10-31,86.87999725
2014-11-03,87.30999756
2014-11-04,86.98000336
2014-11-05,87.44000244
2014-11-06,88.01000214
2014-11-07,87.63999939
2014-11-10,87.80999756
2014-11-11,87.52999878
2014-11-12,87.81999969
2014-11-13,87.66999817
2014-11-14,87.52999878
2014-11-17,87.93000031
2014-11-18,87.58000183
2014-11-19,87.65000153
2014-11-20,87.58999634
2014-11-21,88.30999756
2014-11-24,88.15000153
2014-11-25,87.91999817
2014-11-26,87.61000061
2014-11-28,88.36000061
2014-12-01,87.94999695
2014-12-02,88.65000153
2014-12-03,88.95999908
2014-12-04,88.69999695
2014-12-05,89.33000183
2014-12-08,89.04000092
2014-12-09,88.69000244
2014-12-10,88.26999664
2014-12-11,88.66000366
2014-12-12,88.36000061
2014-12-15,88.45999908
2014-12-16,88.12999725
2014-12-17,89.12999725
2014-12-18,89.23999786
2014-12-19,89.59999847
2014-12-22,89.76999664
2014-12-23,90.05999756
2014-12-24,89.97000122
2014-12-26,90.02999878
2014-12-29,90.19000244
2014-12-30,89.98999786
2014-12-31,90.26999664
2015-01-02,91.08000183
2015-01-05,91.37999725
2015-01-06,91.50000000
2015-01-07,91.88999939
2015-01-08,92.37000275
2015-01-09,91.94000244
2015-01-12,91.98000336
2015-01-13,92.30999756
2015-01-14,92.16000366
2015-01-15,92.34999847
2015-01-16,92.51999664
2015-01-20,93.05000305
2015-01-21,92.90000153
2015-01-22,94.23999786
2015-01-23,95.00000000
2015-01-26,94.80000305
2015-01-27,94.01999664
2015-01-28,94.47000122
2015-01-29,94.77999878
2015-01-30,94.80000305
2015-02-02,94.50000000
2015-02-03,93.59999847
2015-02-04,93.98999786
2015-02-05,94.69999695
2015-02-06,94.69999695
2015-02-09,94.44999695
2015-02-10,94.76000214
2015-02-11,94.98999786
2015-02-12,94.08999634
2015-02-13,94.19999695
2015-02-17,94.05999756
2015-02-18,94.19999695
2015-02-19,94.40000153
2015-02-20,94.25000000
2015-02-23,94.56999969
2015-02-24,94.48999786
2015-02-25,94.20999908
2015-02-26,95.29000092
2015-02-27,95.25000000
2015-03-02,95.45999908
2015-03-03,95.37999725
2015-03-04,95.97000122
2015-03-05,96.37999725
2015-03-06,97.62000275
2015-03-09,97.58999634
2015-03-10,98.62000275
2015-03-11,99.80000305
2015-03-12,99.15000153
2015-03-13,100.33000183
2015-03-16,99.59999847
2015-03-17,99.58999634
2015-03-18,98.55000305
2015-03-19,99.09999847
2015-03-20,97.91000366
2015-03-23,97.02999878
2015-03-24,97.19000244
2015-03-25,96.98000336
2015-03-26,97.44000244
2015-03-27,97.29000092
2015-03-30,97.98000336
2015-03-31,98.36000061
2015-04-01,98.19000244
2015-04-02,97.44000244
2015-04-06,97.11000061
2015-04-07,97.83000183
2015-04-08,98.06999969
2015-04-09,99.16000366
2015-04-10,99.38999939
2015-04-13,99.48999786
2015-04-14,98.76000214
2015-04-15,98.33000183
2015-04-16,97.41999817
2015-04-17,97.51999664
2015-04-20,97.94000244
2015-04-21,97.98000336
2015-04-22,98.01999664
2015-04-23,97.27999878
2015-04-24,96.91999817
2015-04-27,96.76999664
2015-04-28,96.08999634
2015-04-29,95.12000275
2015-04-30,94.59999847
2015-05-01,95.30000305
2015-05-04,95.48000336
2015-05-05,95.12999725
2015-05-06,94.12999725
2015-05-07,94.62000275
2015-05-08,94.79000092
2015-05-11,95.01000214
2015-05-12,94.52999878
2015-05-13,93.62000275
2015-05-14,93.36000061
2015-05-15,93.13999939
2015-05-18,94.19000244
2015-05-19,95.26999664
2015-05-20,95.44999695
2015-05-21,95.26000214
2015-05-22,96.01000214
2015-05-26,97.30000305
2015-05-27,97.37000275
2015-05-28,96.97000122
2015-05-29,96.91000366
2015-06-01,97.38999939
2015-06-02,95.83999634
2015-06-03,95.47000122
2015-06-04,95.45999908
2015-06-05,96.30999756
2015-06-08,95.30000305
2015-06-09,95.16999817
2015-06-10,94.65000153
2015-06-11,94.98000336
2015-06-12,94.97000122
2015-06-15,94.80999756
2015-06-16,95.00000000
2015-06-17,94.30000305
2015-06-18,94.04000092
2015-06-19,94.08999634
2015-06-22,94.33000183
2015-06-23,95.43000031
2015-06-24,95.26000214
2015-06-25,95.19000244
2015-06-26,95.47000122
2015-06-29,94.79000092
2015-06-30,95.48999786
2015-07-01,96.30999756
2015-07-02,96.11000061
2015-07-06,96.30000305
2015-07-07,96.87000275
2015-07-08,96.29000092
2015-07-09,96.61000061
2015-07-10,96.02999878
2015-07-13,96.86000061
2015-07-14,96.63999939
2015-07-15,97.12999725
2015-07-16,97.66000366
2015-07-17,97.86000061
2015-07-20,98.02999878
2015-07-21,97.33000183
2015-07-22,97.59999847
2015-07-23,97.12000275
2015-07-24,97.23999786
2015-07-27,96.50000000
2015-07-28,96.76999664
2015-07-29,96.98000336
2015-07-30,97.55999756
2015-07-31,97.37000275
2015-08-03,97.48999786
2015-08-04,97.93000031
2015-08-05,97.95999908
2015-08-06,97.83000183
2015-08-07,97.55999756
2015-08-10,97.16000366
2015-08-11,97.29000092
2015-08-12,96.26000214
2015-08-13,96.44999695
2015-08-14,96.56999969
2015-08-17,96.81999969
2015-08-18,96.97000122
2015-08-19,96.45999908
2015-08-20,95.75000000
2015-08-21,94.83000183
2015-08-24,93.30999756
2015-08-25,94.52999878
2015-08-26,95.09999847
2015-08-27,95.61000061
2015-08-28,96.11000061
2015-08-31,95.94999695
2015-09-01,95.44999695
2015-09-02,95.83000183
2015-09-03,96.41000366
2015-09-04,96.23000336
2015-09-08,95.87999725
2015-09-09,96.01000214
2015-09-10,95.45999908
2015-09-11,95.19000244
2015-09-14,95.25000000
2015-09-15,95.61000061
2015-09-16,95.41999817
2015-09-17,94.55000305
2015-09-18,94.86000061
2015-09-21,95.88999939
2015-09-22,96.27999878
2015-09-23,96.06999969
2015-09-24,95.98999786
2015-09-25,96.26999664
2015-09-28,96.02999878
2015-09-29,95.88999939
2015-09-30,96.34999847
2015-10-01,96.19000244
2015-10-02,95.83000183
2015-10-05,96.11000061
2015-10-06,95.45999908
2015-10-07,95.50000000
2015-10-08,95.31999969
2015-10-09,94.80999756
2015-10-12,94.83999634
2015-10-13,94.76000214
2015-10-14,93.93000031
2015-10-15,94.37000275
2015-10-16,94.54000092
2015-10-19,94.95999908
2015-10-20,94.84999847
2015-10-21,95.05000305
2015-10-22,96.33999634
2015-10-23,97.06999969
2015-10-26,96.86000061
2015-10-27,96.91000366
2015-10-28,97.77999878
2015-10-29,97.27999878
2015-10-30,96.94999695
2015-11-02,96.93000031
2015-11-03,97.16000366
2015-11-04,97.94999695
2015-11-05,97.94000244
2015-11-06,99.16000366
2015-11-09,98.98000336
2015-11-10,99.29000092
2015-11-11,99.01000214
2015-11-12,98.65000153
2015-11-13,98.98999786
2015-11-16,99.44000244
2015-11-17,99.62999725
2015-11-18,99.65000153
2015-11-19,98.98999786
2015-11-20,99.56999969
2015-11-23,99.80000305
2015-11-24,99.52999878
2015-11-25,99.80000305
2015-11-27,100.01999664
2015-11-30,100.16999817
2015-12-01,99.80000305
2015-12-02,99.98999786
2015-12-03,97.62000275
2015-12-04,98.34999847
2015-12-07,98.66000366
2015-12-08,98.47000122
2015-12-09,97.34999847
2015-12-10,97.94000244
2015-12-11,97.56999969
2015-12-14,97.59999847
2015-12-15,98.22000122
2015-12-16,97.87000275
2015-12-17,99.26999664
2015-12-18,98.69999695
2015-12-21,98.45999908
2015-12-22,98.23999786
2015-12-23,98.33999634
2015-12-24,97.98000336
2015-12-28,97.91999817
2015-12-29,98.09999847
2015-12-30,98.26999664
2015-12-31,98.62999725
2016-01-04,98.87000275
2016-01-05,99.40000153
2016-01-06,99.18000031
2016-01-07,98.22000122
2016-01-08,98.54000092
2016-01-11,98.73000336
2016-01-12,98.97000122
2016-01-13,98.93000031
2016-01-14,99.08999634
2016-01-15,98.95999908
2016-01-18,99.12000275
2016-01-19,98.98999786
2016-01-20,99.08999634
2016-01-21,99.05999756
2016-01-22,99.56999969
2016-01-25,99.36000061
2016-01-26,99.36000061
2016-01-27,98.90000153
2016-01-28,98.51000214
2016-01-29,99.61000061
2016-02-01,99.00000000
2016-02-02,98.87000275
2016-02-03,97.29000092
2016-02-04,96.47000122
2016-02-05,97.02999878
2016-02-08,96.56999969
2016-02-09,96.06999969
2016-02-10,95.88999939
2016-02-11,95.55999756
2016-02-12,95.98000336
2016-02-16,96.87000275
2016-02-17,96.79000092
2016-02-18,96.94999695
2016-02-19,96.59999847
2016-02-22,97.37999725
2016-02-23,97.48000336
2016-02-24,97.45999908
2016-02-25,97.29000092
2016-02-26,98.15000153
2016-02-29,98.20999908
2016-03-01,98.34999847
2016-03-02,98.20999908
2016-03-03,97.56999969
2016-03-04,97.33999634
2016-03-07,97.06999969
2016-03-08,97.20999908
2016-03-09,97.16999817
2016-03-10,96.06999969
2016-03-11,96.16999817
2016-03-14,96.62000275
2016-03-15,96.62999725
2016-03-16,95.88999939
2016-03-17,94.76000214
2016-03-18,94.98999786
2016-03-21,95.29000092
2016-03-22,95.65000153
2016-03-23,96.05000305
2016-03-24,96.13999939
2016-03-28,95.94000244
2016-03-29,95.16000366
2016-03-30,94.83999634
2016-03-31,94.58999634
2016-04-01,94.62000275
2016-04-04,94.51000214
2016-04-05,94.62999725
2016-04-06,94.43000031
2016-04-07,94.48000336
2016-04-08,94.23999786
2016-04-11,93.94999695
2016-04-12,93.95999908
2016-04-13,94.73999786
2016-04-14,94.90000153
2016-04-15,94.69999695
2016-04-18,94.48999786
2016-04-19,93.98000336
2016-04-20,94.48999786
2016-04-21,94.59999847
2016-04-22,95.12000275
2016-04-25,94.83999634
2016-04-26,94.56999969
2016-04-27,94.38999939
2016-04-28,93.76000214
2016-04-29,93.08000183
2016-05-02,92.62999725
2016-05-03,92.94000244
2016-05-04,93.18000031
2016-05-05,93.77999878
2016-05-06,93.88999939
2016-05-09,94.15000153
2016-05-10,94.29000092
2016-05-11,93.81999969
2016-05-12,94.13999939
2016-05-13,94.61000061
2016-05-16,94.56999969
2016-05-17,94.55000305
2016-05-18,95.08000183
2016-05-19,95.29000092
2016-05-20,95.30999756
2016-05-23,95.23000336
2016-05-24,95.56999969
2016-05-25,95.34999847
2016-05-26,95.16999817
2016-05-27,95.51999664
2016-05-31,95.88999939
2016-06-01,95.45999908
2016-06-02,95.55999756
2016-06-03,94.02999878
2016-06-06,93.90000153
2016-06-07,93.83000183
2016-06-08,93.58999634
2016-06-09,94.09999847
2016-06-10,94.59999847
2016-06-13,94.37000275
2016-06-14,94.93000031
2016-06-15,94.61000061
2016-06-16,94.56999969
2016-06-17,94.20999908
2016-06-20,93.61000061
2016-06-21,94.01999664
2016-06-22,93.72000122
2016-06-23,93.52999878
2016-06-24,95.44999695
2016-06-27,96.54000092
2016-06-28,96.25000000
2016-06-29,95.76999664
2016-06-30,96.13999939
2016-07-01,95.65000153
2016-07-05,96.16999817
2016-07-06,96.05999756
2016-07-07,96.33000183
2016-07-08,96.30000305
2016-07-11,96.56999969
2016-07-12,96.44000244
2016-07-13,96.22000122
2016-07-14,96.08000183
2016-07-15,96.58000183
2016-07-18,96.55999756
2016-07-19,97.05000305
2016-07-20,97.19999695
2016-07-21,97.00000000
2016-07-22,97.47000122
2016-07-25,97.29000092
2016-07-26,97.16000366
2016-07-27,97.05000305
2016-07-28,96.73999786
2016-07-29,95.52999878
2016-08-01,95.70999908
2016-08-02,95.05999756
2016-08-03,95.55999756
2016-08-04,95.76000214
2016-08-05,96.19000244
2016-08-08,96.40000153
2016-08-09,96.18000031
2016-08-10,95.65000153
2016-08-11,95.86000061
2016-08-12,95.72000122
2016-08-15,95.62999725
2016-08-16,94.79000092
2016-08-17,94.72000122
2016-08-18,94.16000366
2016-08-19,94.51000214
2016-08-22,94.51999664
2016-08-23,94.54000092
2016-08-24,94.79000092
2016-08-25,94.76999664
2016-08-26,95.56999969
2016-08-29,95.58000183
2016-08-30,96.05000305
2016-08-31,96.01999664
2016-09-01,95.65000153
2016-09-02,95.87999725
2016-09-06,94.81999969
2016-09-07,94.95999908
2016-09-08,95.02999878
2016-09-09,95.33999634
2016-09-12,95.09999847
2016-09-13,95.62999725
2016-09-14,95.33000183
2016-09-15,95.29000092
2016-09-16,96.11000061
2016-09-19,95.83999634
2016-09-20,96.01999664
2016-09-21,95.66000366
2016-09-22,95.44999695
2016-09-23,95.48000336
2016-09-26,95.30999756
2016-09-27,95.44000244
2016-09-28,95.43000031
2016-09-29,95.54000092
2016-09-30,95.45999908
2016-10-03,95.75000000
2016-10-04,96.12000275
2016-10-05,96.12999725
2016-10-06,96.66000366
2016-10-07,96.51999664
2016-10-11,97.69999695
2016-10-12,97.97000122
2016-10-13,97.51999664
2016-10-14,98.01999664
2016-10-17,97.88999939
2016-10-18,97.90000153
2016-10-19,97.87000275
2016-10-20,98.31999969
2016-10-21,98.69999695
2016-10-24,98.66999817
2016-10-25,98.72000122
2016-10-26,98.62999725
2016-10-27,98.88999939
2016-10-28,98.34999847
2016-10-31,98.44999695
2016-11-01,97.69999695
2016-11-02,97.40000153
2016-11-03,97.16000366
2016-11-04,97.06999969
2016-11-07,97.77999878
2016-11-08,97.86000061
2016-11-09,98.50000000
2016-11-10,98.79000092
2016-11-14,100.11000061
2016-11-15,100.19000244
2016-11-16,100.41000366
2016-11-17,100.88999939
2016-11-18,101.20999908
2016-11-21,101.05000305
2016-11-22,101.04000092
2016-11-23,101.69999695
2016-11-25,101.48999786
2016-11-28,101.33000183
2016-11-29,100.93000031
2016-11-30,101.50000000
2016-12-01,101.04000092
2016-12-02,100.76999664
2016-12-05,100.13999939
2016-12-06,100.48999786
2016-12-07,100.23000336
2016-12-08,101.06999969
2016-12-09,101.56999969
2016-12-12,100.95999908
2016-12-13,101.02999878
2016-12-14,102.00000000
2016-12-15,103.12999725
2016-12-16,102.94999695
2016-12-19,103.13999939
2016-12-20,103.29000092
2016-12-21,103.01999664
2016-12-22,103.08999634
2016-12-23,103.01000214
2016-12-27,103.01999664
2016-12-28,103.26000214
2016-12-29,102.68000031
2016-12-30,102.38999939
2017-01-03,103.20999908
2017-01-04,102.69999695
2017-01-05,101.51999664
2017-01-06,102.22000122
2017-01-09,101.93000031
2017-01-10,102.01000214
2017-01-11,101.77999878
2017-01-12,101.34999847
2017-01-13,101.18000031
2017-01-17,100.33000183
2017-01-18,100.93000031
2017-01-19,101.15000153
2017-01-20,100.73999786
2017-01-23,100.16000366
2017-01-24,100.34999847
2017-01-25,100.02999878
2017-01-26,100.37999725
2017-01-27,100.52999878
2017-01-30,100.43000031
2017-01-31,99.51000214
2017-02-01,99.63999939
2017-02-02,99.84999847
2017-02-03,99.87000275
2017-02-06,99.91000366
2017-02-07,100.26000214
2017-02-08,100.27999878
2017-02-09,100.65000153
2017-02-10,100.80000305
2017-02-13,100.95999908
2017-02-14,101.25000000
2017-02-15,101.18000031
2017-02-16,100.44000244
2017-02-17,100.94999695
2017-02-21,101.37000275
2017-02-22,101.33000183
2017-02-23,101.05000305
2017-02-24,101.08999634
2017-02-27,101.12999725
2017-02-28,101.12000275
2017-03-01,101.77999878
2017-03-02,102.19999695
2017-03-03,101.54000092
2017-03-06,101.63999939
2017-03-07,101.80999756
2017-03-08,102.06999969
2017-03-09,101.84999847
2017-03-10,101.25000000
2017-03-13,101.37999725
2017-03-14,101.69999695
2017-03-15,100.73999786
2017-03-16,100.26999664
2017-03-17,100.30000305
2017-03-20,100.41000366
2017-03-21,99.80999756
2017-03-22,99.68000031
2017-03-23,99.76000214
2017-03-24,99.62999725
2017-03-27,99.16999817
2017-03-28,99.70999908
2017-03-29,100.00000000
2017-03-30,100.41000366
2017-03-31,100.34999847
2017-04-03,100.54000092
2017-04-04,100.54000092
2017-04-05,100.55999756
2017-04-06,100.66999817
2017-04-07,101.18000031
2017-04-10,101.01999664
2017-04-11,100.70999908
2017-04-12,100.77999878
2017-04-13,100.55999756
2017-04-17,100.30000305
2017-04-18,99.50000000
2017-04-19,99.73999786
2017-04-20,99.77999878
2017-04-21,99.98000336
2017-04-24,99.08999634
2017-04-25,98.81999969
2017-04-26,98.95999908
2017-04-27,99.08000183
2017-04-28,99.05000305
2017-05-01,99.13999939
2017-05-02,98.98000336
2017-05-03,99.20999908
2017-05-04,98.76000214
2017-05-05,98.65000153
2017-05-08,99.15000153
2017-05-09,99.58999634
2017-05-10,99.66999817
2017-05-11,99.62000275
2017-05-12,99.25000000
2017-05-15,98.91000366
2017-05-16,98.11000061
2017-05-17,97.41999817
2017-05-18,97.87999725
2017-05-19,97.15000153
2017-05-22,96.98000336
2017-05-23,97.34999847
2017-05-24,97.23999786
2017-05-25,97.25000000
2017-05-26,97.40000153
2017-05-30,97.27999878
2017-05-31,96.91999817
2017-06-01,97.19999695
2017-06-02,96.72000122
2017-06-05,96.80000305
2017-06-06,96.63999939
2017-06-07,96.75000000
2017-06-08,96.91999817
2017-06-09,97.26999664
2017-06-12,97.13999939
2017-06-13,96.98000336
2017-06-14,96.94000244
2017-06-15,97.43000031
2017-06-16,97.16000366
2017-06-19,97.52999878
2017-06-20,97.75000000
2017-06-21,97.55999756
2017-06-22,97.54000092
2017-06-23,97.30000305
2017-06-26,97.43000031
2017-06-27,96.47000122
2017-06-28,96.05000305
2017-06-29,95.62999725
2017-06-30,95.66000366
2017-07-03,96.19999695
2017-07-05,96.29000092
2017-07-06,95.81999969
2017-07-07,96.01000214
2017-07-10,96.05000305
2017-07-11,95.73999786
2017-07-12,95.79000092
2017-07-13,95.73000336
2017-07-14,95.11000061
2017-07-17,95.12999725
2017-07-18,94.66000366
2017-07-19,94.80000305
2017-07-20,94.26999664
2017-07-21,93.94000244
2017-07-24,93.98000336
2017-07-25,94.05000305
2017-07-26,93.66999817
2017-07-27,93.86000061
2017-07-28,93.26000214
2017-07-31,92.86000061
2017-08-01,93.02999878
2017-08-02,92.83000183
2017-08-03,92.80999756
2017-08-04,93.54000092
2017-08-07,93.43000031
2017-08-08,93.63999939
2017-08-09,93.51999664
2017-08-10,93.40000153
2017-08-11,93.06999969
2017-08-14,93.45999908
2017-08-15,93.84999847
2017-08-16,93.48999786
2017-08-17,93.62000275
2017-08-18,93.43000031
2017-08-21,93.09999847
2017-08-22,93.55000305
2017-08-23,93.15000153
2017-08-24,93.27999878
2017-08-25,92.73999786
2017-08-28,92.20999908
2017-08-29,92.34999847
2017-08-30,92.87999725
2017-08-31,92.66999817
2017-09-01,92.80999756
2017-09-05,92.30999756
2017-09-06,92.29000092
2017-09-07,91.52999878
2017-09-08,91.33000183
2017-09-11,91.86000061
2017-09-12,91.91000366
2017-09-13,92.51999664
2017-09-14,92.12000275
2017-09-15,91.87000275
2017-09-18,92.05000305
2017-09-19,91.79000092
2017-09-20,92.51000214
2017-09-21,92.26000214
2017-09-22,92.16999817
2017-09-25,92.65000153
2017-09-26,92.97000122
2017-09-27,93.36000061
2017-09-28,93.08999634
2017-09-29,93.08000183
2017-10-02,93.55999756
2017-10-03,93.56999969
2017-10-04,93.45999908
2017-10-05,93.95999908
2017-10-06,93.80000305
2017-10-09,93.73999786
2017-10-10,93.29000092
2017-10-11,92.95999908
2017-10-12,93.12000275
2017-10-13,93.08999634
2017-10-16,93.27999878
2017-10-17,93.48999786
2017-10-18,93.36000061
2017-10-19,93.26999664
2017-10-20,93.69999695
2017-10-23,93.94000244
2017-10-24,93.95999908
2017-10-25,93.70999908
2017-10-26,94.61000061
2017-10-27,94.91999817
2017-10-30,94.48999786
2017-10-31,94.55000305
2017-11-01,94.81999969
2017-11-02,94.69000244
2017-11-03,94.94000244
2017-11-06,94.72000122
2017-11-07,94.91000366
2017-11-08,94.87000275
2017-11-09,94.44000244
2017-11-10,94.38999939
2017-11-13,94.48999786
2017-11-14,93.83000183
2017-11-15,93.80999756
2017-11-16,93.93000031
2017-11-17,93.66000366
2017-11-20,94.08000183
2017-11-21,93.94999695
2017-11-22,93.22000122
2017-11-24,92.76000214
2017-11-27,92.90000153
2017-11-28,93.26000214
2017-11-29,93.26000214
2017-11-30,93.01000214
2017-12-01,92.90000153
2017-12-04,93.19000244
2017-12-05,93.37999725
2017-12-06,93.61000061
2017-12-07,93.80000305
2017-12-08,93.90000153
2017-12-11,93.87000275
2017-12-12,94.09999847
2017-12-13,93.43000031
2017-12-14,93.48999786
2017-12-15,93.93000031
2017-12-18,93.69999695
2017-12-19,93.47000122
2017-12-20,93.34999847
2017-12-21,93.27999878
2017-12-22,93.34999847
2017-12-26,93.26000214
2017-12-27,93.02999878
2017-12-28,92.59999847
2017-12-29,92.12000275
2018-01-02,91.84999847
2018-01-03,92.16000366
2018-01-04,91.84999847
2018-01-05,91.94999695
2018-01-08,92.33000183
2018-01-09,92.52999878
2018-01-10,92.33000183
2018-01-11,91.84999847
2018-01-12,90.97000122
2018-01-16,90.38999939
2018-01-17,90.54000092
2018-01-18,90.50000000
2018-01-19,90.56999969
2018-01-22,90.40000153
2018-01-23,90.12000275
2018-01-24,89.20999908
2018-01-25,89.38999939
2018-01-26,89.06999969
2018-01-29,89.30999756
2018-01-30,89.19000244
2018-01-31,89.12999725
2018-02-01,88.66999817
2018-02-02,89.19999695
2018-02-05,89.55000305
2018-02-06,89.58999634
2018-02-07,90.26000214
2018-02-08,90.23000336
2018-02-09,90.44000244
2018-02-12,90.20999908
2018-02-13,89.69999695
2018-02-14,89.12000275
2018-02-15,88.58999634
2018-02-16,89.09999847
2018-02-20,89.72000122
2018-02-21,90.08000183
2018-02-22,89.75000000
2018-02-23,89.87999725
2018-02-26,89.81999969
2018-02-27,90.36000061
2018-02-28,90.61000061
2018-03-01,90.31999969
2018-03-02,89.94000244
2018-03-05,90.08000183
2018-03-06,89.62000275
2018-03-07,89.63999939
2018-03-08,90.12000275
2018-03-09,90.08999634
2018-03-12,89.90000153
2018-03-13,89.66000366
2018-03-14,89.69999695
2018-03-15,90.13999939
2018-03-16,90.23000336
2018-03-19,89.90000153
2018-03-20,90.37000275
2018-03-21,89.77999878
2018-03-22,89.86000061
2018-03-23,89.44000244
2018-03-26,89.02999878
2018-03-27,89.37000275
2018-03-28,90.05999756
2018-03-29,90.15000153
2018-04-02,90.05000305
2018-04-03,90.19999695
2018-04-04,90.13999939
2018-04-05,90.45999908
2018-04-06,90.11000061
2018-04-09,89.83999634
2018-04-10,89.58999634
2018-04-11,89.56999969
2018-04-12,89.75000000
2018-04-13,89.80000305
2018-04-16,89.43000031
2018-04-17,89.51999664
2018-04-18,89.62000275
2018-04-19,89.94000244
2018-04-20,90.31999969
2018-04-23,90.94000244
2018-04-24,90.76999664
2018-04-25,91.16999817
2018-04-26,91.55999756
2018-04-27,91.54000092
2018-04-30,91.83999634
2018-05-01,92.44999695
2018-05-02,92.51000214
2018-05-03,92.41000366
2018-05-04,92.56999969
2018-05-07,92.75000000
2018-05-08,93.12000275
2018-05-09,93.04000092
2018-05-10,92.65000153
2018-05-11,92.54000092
2018-05-14,92.58999634
2018-05-15,93.22000122
2018-05-16,93.38999939
2018-05-17,93.47000122
2018-05-18,93.63999939
2018-05-21,93.68000031
2018-05-22,93.61000061
2018-05-23,94.01000214
2018-05-24,93.77999878
2018-05-25,94.19000244
2018-05-29,94.83000183
2018-05-30,94.15000153
2018-05-31,93.98999786
2018-06-01,94.19000244
2018-06-04,94.01999664
2018-06-05,93.88999939
2018-06-06,93.66000366
2018-06-07,93.40000153
2018-06-08,93.55000305
2018-06-11,93.58000183
2018-06-12,93.80000305
2018-06-13,93.70999908
2018-06-14,94.76999664
2018-06-15,94.79000092
2018-06-18,94.75000000
2018-06-19,95.08999634
2018-06-20,95.05999756
2018-06-21,94.87000275
2018-06-22,94.51999664
2018-06-25,94.27999878
2018-06-26,94.68000031
2018-06-27,95.29000092
2018-06-28,95.38999939
2018-06-29,94.62999725
2018-07-02,94.87000275
2018-07-03,94.58999634
2018-07-05,94.47000122
2018-07-06,94.04000092
2018-07-09,94.08000183
2018-07-10,94.11000061
2018-07-11,94.72000122
2018-07-12,94.80999756
2018-07-13,94.75000000
2018-07-16,94.51000214
2018-07-17,94.97000122
2018-07-18,95.08000183
2018-07-19,95.16999817
2018-07-20,94.45999908
2018-07-23,94.66999817
2018-07-24,94.61000061
2018-07-25,94.36000061
2018-07-26,94.75000000
2018-07-27,94.68000031
2018-07-30,94.36000061
2018-07-31,94.48999786
2018-08-01,94.62000275
2018-08-02,95.16999817
2018-08-03,95.13999939
2018-08-06,95.36000061
2018-08-07,95.22000122
2018-08-08,95.09999847
2018-08-09,95.50000000
2018-08-10,96.36000061
2018-08-13,96.38999939
2018-08-14,96.73000336
2018-08-15,96.69999695
2018-08-16,96.65000153
2018-08-17,96.09999847
2018-08-20,95.90000153
2018-08-21,95.26000214
2018-08-22,95.15000153
2018-08-23,95.62000275
2018-08-24,95.15000153
2018-08-27,94.77999878
2018-08-28,94.72000122
2018-08-29,94.59999847
2018-08-30,94.72000122
2018-08-31,95.13999939
2018-09-04,95.41999817
2018-09-05,95.12999725
2018-09-06,95.01999664
2018-09-07,95.37000275
2018-09-10,95.15000153
2018-09-11,95.05999756
2018-09-12,94.80000305
2018-09-13,94.54000092
2018-09-14,94.98000336
2018-09-17,94.51000214
2018-09-18,94.62000275
2018-09-19,94.55000305
2018-09-20,93.91000366
2018-09-21,94.22000122
2018-09-24,94.26000214
2018-09-25,94.12999725
2018-09-26,94.19000244
2018-09-27,95.00000000
2018-09-28,95.19000244
2018-10-01,95.30000305
2018-10-02,95.51000214
2018-10-03,95.76000214
2018-10-04,95.75000000
2018-10-05,95.62000275
2018-10-08,95.76999664
2018-10-09,95.68000031
2018-10-10,95.51000214
2018-10-11,95.01999664
2018-10-12,95.22000122
2018-10-15,95.06999969
2018-10-16,95.05000305
2018-10-17,95.58000183
2018-10-18,95.90000153
2018-10-19,95.70999908
2018-10-22,96.01000214
2018-10-23,95.95999908
2018-10-24,96.43000031
2018-10-25,96.68000031
2018-10-26,96.36000061
2018-10-29,96.58000183
2018-10-30,97.01000214
2018-10-31,97.12999725
2018-11-01,96.27999878
2018-11-02,96.54000092
2018-11-05,96.34999847
2018-11-06,96.31999969
2018-11-07,96.00000000
2018-11-08,96.63999939
2018-11-09,96.91000366
2018-11-12,97.54000092
2018-11-13,97.30000305
2018-11-14,96.80000305
2018-11-15,96.93000031
2018-11-16,96.47000122
2018-11-19,96.19000244
2018-11-20,96.80999756
2018-11-21,96.70999908
2018-11-23,96.91999817
2018-11-26,97.06999969
2018-11-27,97.37000275
2018-11-28,96.79000092
2018-11-29,96.77999878
2018-11-30,97.26999664
2018-12-03,97.04000092
2018-12-04,96.97000122
2018-12-06,96.80999756
2018-12-07,96.51000214
2018-12-10,97.22000122
2018-12-11,97.38999939
2018-12-12,97.04000092
2018-12-13,97.05999756
2018-12-14,97.44000244
2018-12-17,97.09999847
2018-12-18,97.13999939
2018-12-19,97.04000092
2018-12-20,96.27999878
2018-12-21,96.95999908
2018-12-24,96.55000305
2018-12-26,97.05000305
2018-12-27,96.48000336
2018-12-28,96.38999939
2018-12-31,96.16999817
2019-01-02,96.81999969
2019-01-03,96.30999756
2019-01-04,96.19000244
2019-01-07,95.70999908
2019-01-08,95.90000153
2019-01-09,95.22000122
2019-01-10,95.54000092
2019-01-11,95.66999817
2019-01-14,95.58999634
2019-01-15,95.97000122
2019-01-16,96.05999756
2019-01-17,96.06999969
2019-01-18,96.33999634
2019-01-22,96.30000305
2019-01-23,96.12000275
2019-01-24,96.59999847
2019-01-25,95.79000092
2019-01-28,95.75000000
2019-01-29,95.81999969
2019-01-30,95.33999634
2019-01-31,95.58000183
2019-02-01,95.58000183
2019-02-04,95.84999847
2019-02-05,96.09999847
2019-02-06,96.41999817
2019-02-07,96.51000214
2019-02-08,96.63999939
2019-02-11,97.05999756
2019-02-12,96.70999908
2019-02-13,97.12999725
2019-02-14,96.98000336
2019-02-15,96.91999817
2019-02-19,96.51999664
2019-02-20,96.44999695
2019-02-21,96.61000061
2019-02-22,96.51000214
2019-02-25,96.41000366
2019-02-26,96.00000000
2019-02-27,96.15000153
2019-02-28,96.16000366
2019-03-01,96.52999878
2019-03-04,96.68000031
2019-03-05,96.84999847
2019-03-06,96.87000275
2019-03-07,97.66999817
2019-03-08,97.37000275
2019-03-11,97.22000122
2019-03-12,96.94000244
2019-03-13,96.55000305
2019-03-14,96.79000092
2019-03-15,96.59999847
2019-03-18,96.51999664
2019-03-19,96.37999725
2019-03-20,95.76000214
2019-03-21,96.50000000
2019-03-22,96.65000153
2019-03-25,96.56999969
2019-03-26,96.73999786
2019-03-27,96.76999664
2019-03-28,97.19999695
2019-03-29,97.27999878
2019-04-01,97.25000000
2019-04-02,97.36000061
2019-04-03,97.08999634
2019-04-04,97.30999756
2019-04-05,97.40000153
2019-04-08,97.05000305
2019-04-09,97.01000214
2019-04-10,96.94999695
2019-04-11,97.18000031
2019-04-12,96.97000122
2019-04-15,96.94000244
2019-04-16,97.04000092
2019-04-17,97.01000214
2019-04-18,97.47000122
2019-04-22,97.27999878
2019-04-23,97.56999969
2019-04-24,98.09999847
2019-04-25,98.19999695
2019-04-26,98.01000214
2019-04-29,97.86000061
2019-04-30,97.48000336
2019-05-01,97.69000244
2019-05-02,97.83000183
2019-05-03,97.51999664
2019-05-06,97.51999664
2019-05-07,97.62999725
2019-05-08,97.62000275
2019-05-09,97.37000275
2019-05-10,97.33000183
2019-05-13,97.31999969
2019-05-14,97.52999878
2019-05-15,97.56999969
2019-05-16,97.83999634
2019-05-17,98.00000000
2019-05-20,97.93000031
2019-05-21,98.05999756
2019-05-22,98.11000061
2019-05-23,97.84999847
2019-05-24,97.61000061
2019-05-28,97.95999908
2019-05-29,98.13999939
2019-05-30,98.13999939
2019-05-31,97.75000000
2019-06-03,97.13999939
2019-06-04,97.06999969
2019-06-05,97.37000275
2019-06-06,97.02999878
2019-06-07,96.61000061
2019-06-10,96.76000214
2019-06-11,96.69000244
2019-06-12,97.00000000
2019-06-13,97.01000214
2019-06-14,97.56999969
2019-06-17,97.55999756
2019-06-18,97.63999939
2019-06-19,97.12000275
2019-06-20,96.62999725
2019-06-21,96.22000122
2019-06-24,95.98000336
2019-06-25,96.16000366
2019-06-26,96.20999908
2019-06-27,96.19000244
2019-06-28,96.12999725
2019-07-01,96.83999634
2019-07-02,96.73000336
2019-07-03,96.76999664
2019-07-05,97.25000000
2019-07-08,97.37999725
2019-07-09,97.48999786
2019-07-10,97.09999847
2019-07-11,97.05000305
2019-07-12,96.80999756
2019-07-15,96.93000031
2019-07-16,97.40000153
2019-07-17,97.22000122
2019-07-18,96.79000092
2019-07-19,97.15000153
2019-07-22,97.26000214
2019-07-23,97.70999908
2019-07-24,97.73000336
2019-07-25,97.81999969
2019-07-26,98.01000214
2019-07-29,98.04000092
2019-07-30,98.05000305
2019-07-31,98.51999664
2019-08-01,98.38999939
2019-08-02,98.09999847
2019-08-05,97.50000000
2019-08-06,97.62999725
2019-08-07,97.54000092
2019-08-08,97.62000275
2019-08-09,97.48999786
2019-08-12,97.37999725
2019-08-13,97.80999756
2019-08-14,97.98999786
2019-08-15,98.13999939
2019-08-16,98.13999939
2019-08-19,98.34999847
2019-08-20,98.19000244
2019-08-21,98.30000305
2019-08-22,98.16999817
2019-08-23,97.63999939
2019-08-26,98.08000183
2019-08-27,98.00000000
2019-08-28,98.20999908
2019-08-29,98.51000214
2019-08-30,98.91999817
2019-09-03,98.94999695
2019-09-04,98.44999695
2019-09-05,98.41000366
2019-09-06,98.38999939
2019-09-09,98.27999878
2019-09-10,98.33000183
2019-09-11,98.65000153
2019-09-12,98.30999756
2019-09-13,98.26000214
2019-09-16,98.65000153
2019-09-17,98.26000214
2019-09-18,98.59999847
2019-09-19,98.26999664
2019-09-20,98.51000214
2019-09-23,98.59999847
2019-09-24,98.33999634
2019-09-25,99.04000092
2019-09-26,99.20999908
2019-09-27,99.11000061
2019-09-30,99.37999725
2019-10-01,99.12999725
2019-10-02,99.04000092
2019-10-03,98.86000061
2019-10-04,98.80999756
2019-10-07,98.98999786
2019-10-08,99.13999939
2019-10-09,99.12000275
2019-10-10,98.70999908
2019-10-11,98.30000305
2019-10-14,98.44999695
2019-10-15,98.29000092
2019-10-16,98.01000214
2019-10-17,97.61000061
2019-10-18,97.27999878
2019-10-21,97.33000183
2019-10-22,97.52999878
2019-10-23,97.47000122
2019-10-24,97.62999725
2019-10-25,97.83000183
2019-10-28,97.76000214
2019-10-29,97.69000244
2019-10-30,97.65000153
2019-10-31,97.34999847
2019-11-01,97.23999786
2019-11-04,97.51000214
2019-11-05,97.98000336
2019-11-06,97.94999695
2019-11-07,98.13999939
2019-11-08,98.34999847
2019-11-11,98.19999695
2019-11-12,98.30999756
2019-11-13,98.37000275
2019-11-14,98.16000366
2019-11-15,98.00000000
2019-11-18,97.79000092
2019-11-19,97.86000061
2019-11-20,97.93000031
2019-11-21,97.98999786
2019-11-22,98.26999664
2019-11-25,98.31999969
2019-11-26,98.25000000
2019-11-27,98.41000366
2019-11-29,98.26999664
2019-12-02,97.86000061
2019-12-03,97.73999786
2019-12-04,97.65000153
2019-12-05,97.41000366
2019-12-06,97.69999695
2019-12-09,97.63999939
2019-12-10,97.41000366
2019-12-11,97.16000366
2019-12-12,97.40000153
2019-12-13,97.16999817
2019-12-16,97.06999969
2019-12-17,97.20999908
2019-12-18,97.41000366
2019-12-19,97.41999817
2019-12-20,97.70999908
2019-12-23,97.66000366
2019-12-24,97.65000153
2019-12-26,97.58999634
2019-12-27,96.91999817
2019-12-30,96.73999786
2019-12-31,96.38999939
2020-01-02,96.84999847
2020-01-03,96.83999634
2020-01-06,96.66999817
2020-01-07,96.98000336
2020-01-08,97.30000305
2020-01-09,97.44999695
2020-01-10,97.36000061
2020-01-13,97.34999847
2020-01-14,97.37000275
2020-01-15,97.23000336
2020-01-16,97.31999969
2020-01-17,97.61000061
2020-01-21,97.52999878
2020-01-22,97.52999878
2020-01-23,97.69000244
2020-01-24,97.84999847
2020-01-27,97.95999908
2020-01-28,98.01999664
2020-01-29,97.98999786
2020-01-30,97.87000275
2020-01-31,97.38999939
2020-02-03,97.80000305
2020-02-04,97.95999908
2020-02-05,98.26999664
2020-02-06,98.50000000
2020-02-07,98.68000031
2020-02-10,98.83000183
2020-02-11,98.72000122
2020-02-12,99.05000305
2020-02-13,99.06999969
2020-02-14,99.12000275
2020-02-18,99.45999908
2020-02-19,99.59999847
2020-02-20,99.87000275
2020-02-21,99.26000214
2020-02-24,99.29000092
2020-02-25,98.97000122
2020-02-26,99.00000000
2020-02-27,98.44000244
2020-02-28,98.12999725
2020-03-02,97.36000061
2020-03-03,97.15000153
2020-03-04,97.33999634
2020-03-05,96.81999969
2020-03-06,95.94999695
2020-03-09,94.90000153
2020-03-10,96.41000366
2020-03-11,96.51000214
2020-03-12,97.47000122
2020-03-13,98.75000000
2020-03-16,98.08999634
2020-03-17,99.58000183
2020-03-18,101.16000366
2020-03-19,102.76000214
2020-03-20,102.81999969
2020-03-23,102.48999786
2020-03-24,101.73999786
2020-03-25,101.05000305
2020-03-26,99.41999817
2020-03-27,98.37000275
2020-03-30,99.18000031
2020-03-31,99.05000305
2020-04-01,99.66999817
2020-04-02,100.18000031
2020-04-03,100.58000183
2020-04-06,100.69000244
2020-04-07,99.98000336
2020-04-08,100.12000275
2020-04-09,99.51999664
2020-04-13,99.34999847
2020-04-14,98.88999939
2020-04-15,99.45999908
2020-04-16,100.02999878
2020-04-17,99.77999878
2020-04-20,99.95999908
2020-04-21,100.26000214
2020-04-22,100.38999939
2020-04-23,100.43000031
2020-04-24,100.37999725
2020-04-27,100.04000092
2020-04-28,99.87000275
2020-04-29,99.56999969
2020-04-30,99.01999664
2020-05-01,98.80000305
2020-05-04,99.48000336
2020-05-05,99.70999908
2020-05-06,100.08999634
2020-05-07,99.88999939
2020-05-08,99.73000336
2020-05-11,100.23999786
2020-05-12,99.93000031
2020-05-13,100.23999786
2020-05-14,100.47000122
2020-05-15,100.40000153
2020-05-18,99.66999817
2020-05-19,99.37000275
2020-05-20,99.12000275
2020-05-21,99.37000275
2020-05-22,99.86000061
2020-05-26,98.91000366
2020-05-27,99.05999756
2020-05-28,98.37999725
2020-05-29,98.33999634
2020-06-01,97.83000183
2020-06-02,97.66999817
2020-06-03,97.27999878
2020-06-04,96.68000031
2020-06-05,96.94000244
2020-06-08,96.62000275
2020-06-09,96.31999969
2020-06-10,95.95999908
2020-06-11,96.73000336
2020-06-12,97.31999969
2020-06-15,96.68000031
2020-06-16,96.95999908
2020-06-17,97.16000366
2020-06-18,97.41999817
2020-06-19,97.62000275
2020-06-22,97.04000092
2020-06-23,96.69000244
2020-06-24,97.15000153
2020-06-25,97.43000031
2020-06-26,97.50000000
2020-06-29,97.54000092
2020-06-30,97.38999939
2020-07-01,97.19999695
2020-07-02,97.31999969
2020-07-06,96.79000092
2020-07-07,96.87999725
2020-07-08,96.43000031
2020-07-09,96.69999695
2020-07-10,96.65000153
2020-07-13,96.45999908
2020-07-14,96.26000214
2020-07-15,96.08000183
2020-07-16,96.34999847
2020-07-17,95.94000244
2020-07-20,95.83000183
2020-07-21,95.12000275
2020-07-22,94.97000122
2020-07-23,94.69000244
2020-07-24,94.44000244
2020-07-27,93.66999817
2020-07-28,93.76000214
2020-07-29,93.26000214
2020-07-30,93.01999664
2020-07-31,93.48999786
2020-08-03,93.50000000
2020-08-04,93.37999725
2020-08-05,92.83000183
2020-08-06,92.79000092
2020-08-07,93.44000244
2020-08-10,93.58000183
2020-08-11,93.62999725
2020-08-12,93.44000244
2020-08-13,93.33999634
2020-08-14,93.09999847
2020-08-17,92.84999847
2020-08-18,92.26999664
2020-08-19,92.88999939
2020-08-20,92.79000092
2020-08-21,93.25000000
2020-08-24,93.30000305
2020-08-25,93.01999664
2020-08-26,93.01000214
2020-08-27,93.01000214
2020-08-28,92.37000275
2020-08-31,92.13999939
2020-09-01,92.33999634
2020-09-02,92.84999847
2020-09-03,92.73999786
2020-09-04,92.72000122
2020-09-08,93.48000336
2020-09-09,93.26000214
2020-09-10,93.33999634
2020-09-11,93.33000183
2020-09-14,93.06999969
2020-09-15,93.05000305
2020-09-16,93.20999908
2020-09-17,92.97000122
2020-09-18,92.93000031
2020-09-21,93.54000092
2020-09-22,93.98999786
2020-09-23,94.38999939
2020-09-24,94.34999847
2020-09-25,94.58000183
2020-09-28,94.26000214
2020-09-29,93.88999939
2020-09-30,93.88999939
2020-10-01,93.70999908
2020-10-02,93.83999634
2020-10-05,93.51000214
2020-10-06,93.83000183
2020-10-07,93.62999725
2020-10-08,93.61000061
2020-10-09,93.05999756
2020-10-12,93.06999969
2020-10-13,93.52999878
2020-10-14,93.37999725
2020-10-15,93.86000061
2020-10-16,93.68000031
2020-10-19,93.43000031
2020-10-20,93.06999969
2020-10-21,92.61000061
2020-10-22,92.94999695
2020-10-23,92.76999664
2020-10-26,93.05000305
2020-10-27,92.94000244
2020-10-28,93.41000366
2020-10-29,93.95999908
2020-10-30,94.04000092
2020-11-02,94.05000305
2020-11-03,93.55000305
2020-11-04,93.41000366
2020-11-05,92.52999878
2020-11-06,92.23000336
2020-11-09,92.73000336
2020-11-10,92.75000000
2020-11-11,93.04000092
2020-11-12,92.95999908
2020-11-13,92.76000214
2020-11-16,92.56999969
2020-11-17,92.41999817
2020-11-18,92.31999969
2020-11-19,92.29000092
2020-11-20,92.38999939
2020-11-23,92.51000214
2020-11-24,92.23000336
2020-11-25,91.98999786
2020-11-27,91.79000092
2020-11-30,91.87000275
2020-12-01,91.30999756
2020-12-02,91.12000275
2020-12-03,90.70999908
2020-12-04,90.69999695
2020-12-07,90.79000092
2020-12-08,90.97000122
2020-12-09,91.08999634
2020-12-10,90.79000092
2020-12-11,90.98000336
2020-12-14,90.70999908
2020-12-15,90.47000122
2020-12-16,90.44999695
2020-12-17,89.81999969
2020-12-18,90.01999664
2020-12-21,90.04000092
2020-12-22,90.65000153
2020-12-23,90.41000366
2020-12-24,90.33000183
2020-12-28,90.33999634
2020-12-29,90.01000214
2020-12-30,89.62999725
2020-12-31,89.94000244
2021-01-04,89.87999725
2021-01-05,89.44000244
2021-01-06,89.52999878
2021-01-07,89.83000183
2021-01-08,90.09999847
2021-01-11,90.54000092
2021-01-12,90.05000305
2021-01-13,90.31999969
2021-01-14,90.23999786
2021-01-15,90.77999878
2021-01-19,90.50000000
2021-01-20,90.47000122
2021-01-21,90.12999725
2021-01-22,90.23999786
2021-01-25,90.38999939
2021-01-26,90.16999817
2021-01-27,90.65000153
2021-01-28,90.45999908
2021-01-29,90.58000183
2021-02-01,91.01999664
2021-02-02,91.19999695
2021-02-03,91.12000275
2021-02-04,91.52999878
2021-02-05,91.04000092
2021-02-08,90.93000031
2021-02-09,90.44000244
2021-02-10,90.37000275
2021-02-11,90.41999817
2021-02-12,90.48000336
2021-02-16,90.51000214
2021-02-17,90.94999695
2021-02-18,90.58999634
2021-02-19,90.36000061
2021-02-22,90.01000214
2021-02-23,90.16999817
2021-02-24,90.18000031
2021-02-25,90.12999725
2021-02-26,90.93000031
2021-03-01,91.04000092
2021-03-02,90.79000092
2021-03-03,90.94999695
2021-03-04,91.62999725
2021-03-05,91.98000336
2021-03-08,92.30999756
2021-03-09,91.95999908
2021-03-10,91.79000092
2021-03-11,91.41999817
2021-03-12,91.68000031
2021-03-15,91.83000183
2021-03-16,91.87000275
2021-03-17,91.40000153
2021-03-18,91.84999847
2021-03-19,91.91999817
2021-03-22,91.80000305
2021-03-23,92.33999634
2021-03-24,92.52999878
2021-03-25,92.87999725
2021-03-26,92.76999664
2021-03-29,92.94000244
2021-03-30,93.30000305
2021-03-31,93.23000336
2021-04-01,92.93000031
2021-04-05,92.59999847
2021-04-06,92.33999634
2021-04-07,92.45999908
2021-04-08,92.05999756
2021-04-09,92.16000366
2021-04-12,92.13999939
2021-04-13,91.84999847
2021-04-14,91.69000244
2021-04-15,91.66999817
2021-04-16,91.55999756
2021-04-19,91.06999969
2021-04-20,91.23999786
2021-04-21,91.16000366
2021-04-22,91.33000183
2021-04-23,90.86000061
2021-04-26,90.80999756
2021-04-27,90.91000366
2021-04-28,90.61000061
2021-04-29,90.61000061
2021-04-30,91.27999878
2021-05-03,90.94999695
2021-05-04,91.29000092
2021-05-05,91.30999756
2021-05-06,90.94999695
2021-05-07,90.23000336
2021-05-10,90.20999908
2021-05-11,90.13999939
2021-05-12,90.70999908
2021-05-13,90.75000000
2021-05-14,90.31999969
2021-05-17,90.22000122
2021-05-18,89.75000000
2021-05-19,90.19000244
2021-05-20,89.80999756
2021-05-21,90.01999664
2021-05-24,89.83000183
2021-05-25,89.63999939
2021-05-26,90.04000092
2021-05-27,89.97000122
2021-05-28,90.02999878
2021-06-01,89.83000183
2021-06-02,89.90000153
2021-06-03,90.50000000
2021-06-04,90.13999939
2021-06-07,89.94999695
2021-06-08,90.08000183
2021-06-09,90.12000275
2021-06-10,90.08000183
2021-06-11,90.55999756
2021-06-14,90.51999664
2021-06-15,90.54000092
2021-06-16,91.12999725
2021-06-17,91.88999939
2021-06-18,92.23000336
2021-06-21,91.86000061
2021-06-22,91.73000336
2021-06-23,91.80000305
2021-06-24,91.81999969
2021-06-25,91.80999756
2021-06-28,91.87999725
2021-06-29,92.05000305
2021-06-30,92.44000244
2021-07-01,92.59999847
2021-07-02,92.23000336
2021-07-06,92.55000305
2021-07-07,92.63999939
2021-07-08,92.36000061
2021-07-09,92.12999725
2021-07-12,92.23000336
2021-07-13,92.75000000
2021-07-14,92.41000366
2021-07-15,92.62000275
2021-07-16,92.69000244
2021-07-19,92.88999939
2021-07-20,92.97000122
2021-07-21,92.75000000
2021-07-22,92.81999969
2021-07-23,92.91000366
2021-07-26,92.65000153
2021-07-27,92.43000031
2021-07-28,92.31999969
2021-07-29,91.86000061
2021-07-30,92.16999817
2021-08-02,92.05000305
2021-08-03,92.08000183
2021-08-04,92.26999664
2021-08-05,92.23999786
2021-08-06,92.80000305
2021-08-09,92.94999695
2021-08-10,93.05999756
2021-08-11,92.91000366
2021-08-12,93.04000092
2021-08-13,92.51999664
2021-08-16,92.62999725
2021-08-17,93.12999725
2021-08-18,93.13999939
2021-08-19,93.56999969
2021-08-20,93.50000000
2021-08-23,92.95999908
2021-08-24,92.88999939
2021-08-25,92.83000183
2021-08-26,93.05999756
2021-08-27,92.69000244
2021-08-30,92.65000153
2021-08-31,92.62999725
2021-09-01,92.44999695
2021-09-02,92.23000336
2021-09-03,92.04000092
2021-09-07,92.51999664
2021-09-08,92.65000153
2021-09-09,92.48000336
2021-09-10,92.58000183
2021-09-13,92.62000275
2021-09-14,92.65000153
2021-09-15,92.48999786
2021-09-16,92.86000061
2021-09-17,93.19999695
2021-09-20,93.23999786
2021-09-21,93.19999695
2021-09-22,93.45999908
2021-09-23,93.09999847
2021-09-24,93.33000183
2021-09-27,93.37999725
2021-09-28,93.76999664
2021-09-29,94.33999634
2021-09-30,94.25000000
2021-10-01,94.04000092
2021-10-04,93.80999756
2021-10-05,93.98000336
2021-10-06,94.26999664
2021-10-07,94.22000122
2021-10-08,94.06999969
2021-10-11,94.31999969
2021-10-12,94.51999664
2021-10-13,94.08000183
2021-10-14,93.95999908
2021-10-15,93.94000244
2021-10-18,93.94999695
2021-10-19,93.79000092
2021-10-20,93.55999756
2021-10-21,93.76999664
2021-10-22,93.61000061
2021-10-25,93.80999756
2021-10-26,93.94999695
2021-10-27,93.86000061
2021-10-28,93.34999847
2021-10-29,94.12000275
2021-11-01,93.87999725
2021-11-02,94.08999634
2021-11-03,93.86000061
2021-11-04,94.34999847
2021-11-05,94.31999969
2021-11-08,94.05000305
2021-11-09,93.95999908
2021-11-10,94.84999847
2021-11-11,95.18000031
2021-11-12,95.12999725
2021-11-15,95.41000366
2021-11-16,95.91999817
2021-11-17,95.83000183
2021-11-18,95.54000092
2021-11-19,96.06999969
2021-11-22,96.50000000
2021-11-23,96.48999786
2021-11-24,96.83999634
2021-11-26,96.08999634
2021-11-29,96.33999634
2021-11-30,95.98999786
2021-12-01,96.05000305
2021-12-02,96.12999725
2021-12-03,96.12000275
2021-12-06,96.29000092
2021-12-07,96.37000275
2021-12-08,95.88999939
2021-12-09,96.26999664
2021-12-10,96.05000305
2021-12-13,96.31999969
2021-12-14,96.56999969
2021-12-15,96.51000214
2021-12-16,96.04000092
2021-12-17,96.56999969
2021-12-20,96.55000305
2021-12-21,96.48999786
2021-12-22,96.08000183
2021-12-23,96.01999664
2021-12-27,96.08999634
2021-12-28,96.19999695
2021-12-29,95.93000031
2021-12-30,95.97000122
2021-12-31,95.66999817
2022-01-03,96.23999786
2022-01-04,96.29000092
2022-01-05,96.19000244
2022-01-06,96.25000000
2022-01-07,95.73999786
2022-01-10,95.98999786
2022-01-11,95.62000275
2022-01-12,95.00000000
2022-01-13,94.79000092
2022-01-14,95.16999817
2022-01-18,95.73000336
2022-01-19,95.51000214
2022-01-20,95.73999786
2022-01-21,95.63999939
2022-01-24,95.91999817
2022-01-25,95.94999695
2022-01-26,96.48999786
2022-01-27,97.26000214
2022-01-28,97.26999664
2022-01-31,96.54000092
2022-02-01,96.38999939
2022-02-02,95.94000244
2022-02-03,95.37999725
2022-02-04,95.48000336
2022-02-07,95.40000153
2022-02-08,95.63999939
2022-02-09,95.48999786
2022-02-10,95.55000305
2022-02-11,96.08000183
2022-02-14,96.37000275
2022-02-15,95.98999786
2022-02-16,95.69999695
2022-02-17,95.80000305
2022-02-18,96.04000092
2022-02-22,96.02999878
2022-02-23,96.19000244
2022-02-24,97.13999939
2022-02-25,96.62000275
2022-02-28,96.70999908
2022-03-01,97.41000366
2022-03-02,97.38999939
2022-03-03,97.79000092
2022-03-04,98.65000153
2022-03-07,99.29000092
2022-03-08,99.05999756
2022-03-09,97.97000122
2022-03-10,98.51000214
2022-03-11,99.12000275
2022-03-14,99.05999756
2022-03-15,99.06999969
2022-03-16,98.37999725
2022-03-17,98.01000214
2022-03-18,98.23000336
2022-03-21,98.50000000
2022-03-22,98.48999786
2022-03-23,98.62000275
2022-03-24,98.79000092
2022-03-25,98.80999756
2022-03-28,99.08999634
2022-03-29,98.40000153
2022-03-30,97.79000092
2022-03-31,98.30999756
2022-04-01,98.62999725
2022-04-04,98.98999786
2022-04-05,99.47000122
2022-04-06,99.59999847
2022-04-07,99.75000000
2022-04-08,99.80000305
2022-04-11,99.93000031
2022-04-12,100.29000092
2022-04-13,99.87999725
2022-04-14,100.31999969
2022-04-18,100.77999878
2022-04-19,100.95999908
2022-04-20,100.38999939
2022-04-21,100.58000183
2022-04-22,101.22000122
2022-04-25,101.75000000
2022-04-26,102.30000305
2022-04-27,102.94999695
2022-04-28,103.62000275
2022-04-29,102.95999908
2022-05-02,103.73999786
2022-05-03,103.47000122
2022-05-04,102.58999634
2022-05-05,103.75000000
2022-05-06,103.66000366
2022-05-09,103.65000153
2022-05-10,103.91999817
2022-05-11,103.84999847
2022-05-12,104.84999847
2022-05-13,104.55999756
2022-05-16,104.19000244
2022-05-17,103.36000061
2022-05-18,103.80999756
2022-05-19,102.72000122
2022-05-20,103.15000153
2022-05-23,102.08000183
2022-05-24,101.86000061
2022-05-25,102.05999756
2022-05-26,101.83000183
2022-05-27,101.66999817
2022-05-31,101.75000000
2022-06-01,102.55000305
2022-06-02,101.76999664
2022-06-03,102.13999939
2022-06-06,102.44000244
2022-06-07,102.31999969
2022-06-08,102.54000092
2022-06-09,103.22000122
2022-06-10,104.15000153
2022-06-13,105.08000183
2022-06-14,105.51999664
2022-06-15,105.16000366
2022-06-16,103.62999725
2022-06-17,104.69999695
2022-06-21,104.44000244
2022-06-22,104.19999695
2022-06-23,104.43000031
2022-06-24,104.19000244
2022-06-27,103.94000244
2022-06-28,104.51000214
2022-06-29,105.11000061
2022-06-30,104.69000244
2022-07-01,105.13999939
2022-07-05,106.50000000
2022-07-06,107.09999847
2022-07-07,107.12999725
2022-07-08,107.01000214
2022-07-11,108.01999664
2022-07-12,108.06999969
2022-07-13,107.95999908
2022-07-14,108.54000092
2022-07-15,108.05999756
2022-07-18,107.37000275
2022-07-19,106.68000031
2022-07-20,107.08000183
2022-07-21,106.91000366
2022-07-22,106.73000336
2022-07-25,106.48000336
2022-07-26,107.19000244
2022-07-27,106.44999695
2022-07-28,106.34999847
2022-07-29,105.90000153
2022-08-01,105.44999695
2022-08-02,106.23999786
2022-08-03,106.51000214
2022-08-04,105.69000244
2022-08-05,106.62000275
2022-08-08,106.44000244
2022-08-09,106.37000275
2022-08-10,105.19999695
2022-08-11,105.08999634
2022-08-12,105.62999725
2022-08-15,106.55000305
2022-08-16,106.50000000
2022-08-17,106.56999969
2022-08-18,107.48000336
2022-08-19,108.16999817
2022-08-22,109.05000305
2022-08-23,108.62000275
2022-08-24,108.68000031
2022-08-25,108.47000122
2022-08-26,108.80000305
2022-08-29,108.83999634
2022-08-30,108.76999664
2022-08-31,108.69999695
2022-09-01,109.69000244
2022-09-02,109.52999878
2022-09-06,110.20999908
2022-09-07,109.83999634
2022-09-08,109.70999908
2022-09-09,109.00000000
2022-09-12,108.33000183
2022-09-13,109.81999969
2022-09-14,109.66000366
2022-09-15,109.73999786
2022-09-16,109.76000214
2022-09-19,109.73999786
2022-09-20,110.22000122
2022-09-21,110.63999939
2022-09-22,111.34999847
2022-09-23,113.19000244
2022-09-26,114.09999847
2022-09-27,114.11000061
2022-09-28,112.59999847
2022-09-29,112.25000000
2022-09-30,112.12000275
2022-10-03,111.75000000
2022-10-04,110.06999969
2022-10-05,111.06999969
2022-10-06,112.26000214
2022-10-07,112.80000305
2022-10-10,113.13999939
2022-10-11,113.22000122
2022-10-12,113.31999969
2022-10-13,112.36000061
2022-10-14,113.30999756
2022-10-17,112.04000092
2022-10-18,112.12999725
2022-10-19,112.98000336
2022-10-20,112.87999725
2022-10-21,112.01000214
2022-10-24,111.98999786
2022-10-25,110.94999695
2022-10-26,109.69999695
2022-10-27,110.58999634
2022-10-28,110.66999817
2022-10-31,111.52999878
2022-11-01,111.48000336
2022-11-02,111.34999847
2022-11-03,112.93000031
2022-11-04,110.87999725
2022-11-07,110.12000275
2022-11-08,109.62000275
2022-11-09,110.55000305
2022-11-10,108.20999908
2022-11-11,106.29000092
2022-11-14,106.66000366
2022-11-15,106.40000153
2022-11-16,106.27999878
2022-11-17,106.69000244
2022-11-18,106.93000031
2022-11-21,107.83999634
2022-11-22,107.22000122
2022-11-23,106.08000183
2022-11-25,105.95999908
2022-11-28,106.68000031
2022-11-29,106.81999969
2022-11-30,105.94999695
2022-12-01,104.73000336
2022-12-02,104.55000305
2022-12-05,105.29000092
2022-12-06,105.58000183
2022-12-07,105.09999847
2022-12-08,104.76999664
2022-12-09,104.80999756
2022-12-12,105.12999725
2022-12-13,103.98000336
2022-12-14,103.76999664
2022-12-15,104.55999756
2022-12-16,104.69999695
2022-12-19,104.72000122
2022-12-20,103.97000122
2022-12-21,104.16000366
2022-12-22,104.43000031
2022-12-23,104.30999756
2022-12-27,104.18000031
2022-12-28,104.45999908
2022-12-29,103.83999634
2022-12-30,103.51999664
2023-01-03,104.51999664
2023-01-04,104.25000000
2023-01-05,105.04000092
2023-01-06,103.87999725
2023-01-09,103.00000000
2023-01-10,103.23999786
2023-01-11,103.19000244
2023-01-12,102.25000000
2023-01-13,102.19999695
2023-01-17,102.38999939
2023-01-18,102.36000061
2023-01-19,102.05999756
2023-01-20,102.01000214
2023-01-23,102.13999939
2023-01-24,101.91999817
2023-01-25,101.63999939
2023-01-26,101.83999634
2023-01-27,101.93000031
2023-01-30,102.27999878
2023-01-31,102.09999847
2023-02-01,101.22000122
2023-02-02,101.75000000
2023-02-03,102.91999817
2023-02-06,103.62000275
2023-02-07,103.43000031
2023-02-08,103.41000366
2023-02-09,103.22000122
2023-02-10,103.62999725
2023-02-13,103.34999847
2023-02-14,103.23000336
2023-02-15,103.91999817
2023-02-16,103.86000061
2023-02-17,103.86000061
2023-02-21,104.18000031
2023-02-22,104.58999634
2023-02-23,104.59999847
2023-02-24,105.20999908
2023-02-27,104.66999817
2023-02-28,104.87000275
2023-03-01,104.48000336
2023-03-02,105.02999878
2023-03-03,104.51999664
2023-03-06,104.34999847
2023-03-07,105.62000275
2023-03-08,105.66000366
2023-03-09,105.30999756
2023-03-10,104.58000183
2023-03-13,103.59999847
2023-03-14,103.59999847
2023-03-15,104.65000153
2023-03-16,104.41999817
2023-03-17,103.70999908
2023-03-20,103.27999878
2023-03-21,103.26000214
2023-03-22,102.34999847
2023-03-23,102.52999878
2023-03-24,103.12000275
2023-03-27,102.86000061
2023-03-28,102.43000031
2023-03-29,102.63999939
2023-03-30,102.13999939
2023-03-31,102.51000214
2023-04-03,102.08999634
2023-04-04,101.58999634
2023-04-05,101.84999847
2023-04-06,101.81999969
2023-04-10,102.58000183
2023-04-11,102.19999695
2023-04-12,101.50000000
2023-04-13,101.01000214
2023-04-14,101.55000305
2023-04-17,102.09999847
2023-04-18,101.75000000
2023-04-19,101.97000122
2023-04-20,101.83999634
2023-04-21,101.81999969
2023-04-24,101.34999847
2023-04-25,101.86000061
2023-04-26,101.47000122
2023-04-27,101.50000000
2023-04-28,101.66999817
2023-05-01,102.15000153
2023-05-02,101.95999908
2023-05-03,101.33999634
2023-05-04,101.40000153
2023-05-05,101.20999908
2023-05-08,101.37000275
2023-05-09,101.63999939
2023-05-10,101.48000336
2023-05-11,102.05999756
2023-05-12,102.68000031
2023-05-15,102.43000031
2023-05-16,102.55999756
2023-05-17,102.87999725
2023-05-18,103.58000183
2023-05-19,103.19999695
2023-05-22,103.19999695
2023-05-23,103.48999786
2023-05-24,103.88999939
2023-05-25,104.20999908
2023-05-26,104.20999908
2023-05-30,104.16999817
2023-05-31,104.31999969
2023-06-01,103.55999756
2023-06-02,104.01999664
2023-06-05,104.00000000
2023-06-06,104.12999725
2023-06-07,104.09999847
2023-06-08,103.33999634
2023-06-09,103.55999756
2023-06-12,103.62999725
2023-06-13,103.33999634
2023-06-14,103.01000214
2023-06-15,102.12000275
2023-06-16,102.30000305
2023-06-20,102.54000092
2023-06-21,102.06999969
2023-06-22,102.38999939
2023-06-23,102.90000153
2023-06-26,102.69000244
2023-06-27,102.48999786
2023-06-28,102.91000366
2023-06-29,103.33999634
2023-06-30,102.91000366
2023-07-03,102.98999786
2023-07-05,103.37000275
2023-07-06,103.16999817
2023-07-07,102.26999664
2023-07-10,101.97000122
2023-07-11,101.73000336
2023-07-12,100.51999664
2023-07-13,99.76999664
2023-07-14,99.91000366
2023-07-17,99.83999634
2023-07-18,99.94000244
2023-07-19,100.27999878
2023-07-20,100.87999725
2023-07-21,101.06999969
2023-07-24,101.34999847
2023-07-25,101.34999847
2023-07-26,100.88999939
2023-07-27,101.76999664
2023-07-28,101.62000275
2023-07-31,101.86000061
2023-08-01,102.30000305
2023-08-02,102.58999634
2023-08-03,102.54000092
2023-08-04,102.01999664
2023-08-07,102.05000305
2023-08-08,102.52999878
2023-08-09,102.48999786
2023-08-10,102.51999664
2023-08-11,102.83999634
2023-08-14,103.19000244
2023-08-15,103.20999908
2023-08-16,103.41999817
2023-08-17,103.44000244
2023-08-18,103.37999725
2023-08-21,103.33000183
2023-08-22,103.55999756
2023-08-23,103.36000061
2023-08-24,103.98000336
2023-08-25,104.08000183
2023-08-28,104.05999756
2023-08-29,103.55000305
2023-08-30,103.16000366
2023-08-31,103.62000275
2023-09-01,104.23999786
2023-09-05,104.80999756
2023-09-06,104.86000061
2023-09-07,105.05999756
2023-09-08,105.08999634
2023-09-11,104.56999969
2023-09-12,104.70999908
2023-09-13,104.76999664
2023-09-14,105.41000366
2023-09-15,105.31999969
2023-09-18,105.19999695
2023-09-19,105.19999695
2023-09-20,105.16000366
2023-09-21,105.36000061
2023-09-22,105.58000183
2023-09-25,106.00000000
2023-09-26,106.23000336
2023-09-27,106.66999817
2023-09-28,106.22000122
2023-09-29,106.16999817
2023-10-02,106.90000153
2023-10-03,107.00000000
2023-10-04,106.80000305
2023-10-05,106.33000183
2023-10-06,106.04000092
2023-10-09,106.08000183
2023-10-10,105.83000183
2023-10-11,105.81999969
2023-10-12,106.56999969
2023-10-13,106.65000153
2023-10-16,106.23999786
2023-10-17,106.25000000
2023-10-18,106.56999969
2023-10-19,106.25000000
2023-10-20,106.16000366
2023-10-23,105.54000092
2023-10-24,106.26999664
2023-10-25,106.52999878
2023-10-26,106.59999847
2023-10-27,106.55999756
2023-10-30,106.12000275
2023-10-31,106.66000366
2023-11-01,106.87999725
2023-11-02,106.12000275
2023-11-03,105.01999664
2023-11-06,105.22000122
2023-11-07,105.54000092
2023-11-08,105.58999634
2023-11-09,105.91000366
2023-11-10,105.86000061
2023-11-13,105.66000366
2023-11-14,104.11000061
2023-11-15,104.38999939
2023-11-16,104.37000275
2023-11-17,103.81999969
2023-11-20,103.47000122
2023-11-21,103.58999634
2023-11-22,103.91999817
2023-11-24,103.40000153
2023-11-27,103.19999695
2023-11-28,102.75000000
2023-11-29,102.76999664
2023-11-30,103.50000000
2023-12-01,103.26999664
2023-12-04,103.63999939
2023-12-05,104.05000305
2023-12-06,104.15000153
2023-12-07,103.54000092
2023-12-08,104.01000214
2023-12-11,104.09999847
2023-12-12,103.87000275
2023-12-13,102.87000275
2023-12-14,101.95999908
2023-12-15,102.55000305
2023-12-18,102.51000214
2023-12-19,102.16999817
2023-12-20,102.41000366
2023-12-21,101.83999634
2023-12-22,101.69999695
2023-12-26,101.47000122
2023-12-27,100.98999786
2023-12-28,101.23000336
2023-12-29,101.33000183
2024-01-02,102.19999695
2024-01-03,102.45999908
2024-01-04,102.41999817
2024-01-05,102.41000366
2024-01-08,102.20999908
2024-01-09,102.56999969
2024-01-10,102.36000061
2024-01-11,102.29000092
2024-01-12,102.40000153
2024-01-16,103.36000061
2024-01-17,103.44999695
2024-01-18,103.54000092
2024-01-19,103.29000092
2024-01-22,103.33000183
2024-01-23,103.62000275
2024-01-24,103.23999786
2024-01-25,103.56999969
2024-01-26,103.47000122
2024-01-29,103.61000061
2024-01-30,103.40000153
2024-01-31,103.26999664
2024-02-01,103.05000305
2024-02-02,103.91999817
2024-02-05,104.44999695
2024-02-06,104.18000031
2024-02-07,104.04000092
2024-02-08,104.15000153
2024-02-09,104.08000183
2024-02-12,104.16999817
2024-02-13,104.95999908
2024-02-14,104.72000122
2024-02-15,104.30000305
2024-02-16,104.27999878
2024-02-20,104.08000183
2024-02-21,104.01000214
2024-02-22,103.95999908
2024-02-23,103.94000244
2024-02-26,103.83000183
2024-02-27,103.83000183
2024-02-28,103.98000336
2024-02-29,104.16000366
2024-03-01,103.86000061
2024-03-04,103.83000183
2024-03-05,103.80000305
2024-03-06,103.37000275
2024-03-07,102.81999969
2024-03-08,102.73999786
2024-03-11,102.87000275
2024-03-12,102.95999908
2024-03-13,102.79000092
2024-03-14,103.36000061
2024-03-15,103.43000031
2024-03-18,103.58000183
2024-03-19,103.80999756
2024-03-20,103.41000366
2024-03-21,104.00000000
2024-03-22,104.43000031
2024-03-25,104.23000336
2024-03-26,104.29000092
2024-03-27,104.34999847
2024-03-28,104.55000305
2024-04-01,105.01999664
2024-04-02,104.81999969
2024-04-03,104.25000000
2024-04-04,104.12000275
2024-04-05,104.30000305
2024-04-08,104.13999939
2024-04-09,104.15000153
2024-04-10,105.25000000
2024-04-11,105.27999878
2024-04-12,106.04000092
2024-04-15,106.20999908
2024-04-16,106.26000214
2024-04-17,105.94999695
2024-04-18,106.15000153
2024-04-19,106.15000153
2024-04-22,106.08000183
2024-04-23,105.69000244
2024-04-24,105.86000061
2024-04-25,105.59999847
2024-04-26,105.94000244
2024-04-29,105.58000183
2024-04-30,106.22000122
2024-05-01,105.76000214
2024-05-02,105.30000305
2024-05-03,105.02999878
2024-05-06,105.05000305
2024-05-07,105.41000366
2024-05-08,105.55000305
2024-05-09,105.23000336
2024-05-10,105.30999756
2024-05-13,105.22000122
2024-05-14,105.01000214
2024-05-15,104.34999847
2024-05-16,104.45999908
2024-05-17,104.44999695
2024-05-20,104.56999969
2024-05-21,104.66000366
2024-05-22,104.94000244
2024-05-23,105.11000061
2024-05-24,104.72000122
2024-05-28,104.61000061
2024-05-29,105.09999847
2024-05-30,104.72000122
2024-05-31,104.66999817
2024-06-03,104.13999939
2024-06-04,104.11000061
2024-06-05,104.26999664
2024-06-06,104.09999847
2024-06-07,104.88999939
2024-06-10,105.15000153
2024-06-11,105.23000336
2024-06-12,104.65000153
2024-06-13,105.19999695
2024-06-14,105.55000305
2024-06-17,105.31999969
2024-06-18,105.26000214
2024-06-20,105.58999634
2024-06-21,105.80000305
2024-06-24,105.47000122
2024-06-25,105.61000061
2024-06-26,106.05000305
2024-06-27,105.91000366
2024-06-28,105.87000275
2024-07-01,105.90000153
2024-07-02,105.72000122
2024-07-03,105.40000153
2024-07-05,104.87999725
2024-07-08,105.01000214
2024-07-09,105.12000275
2024-07-10,105.05000305
2024-07-11,104.44000244
2024-07-12,104.08999634
2024-07-15,104.19000244
2024-07-16,104.26999664
2024-07-17,103.75000000
2024-07-18,104.16999817
2024-07-19,104.40000153
2024-07-22,104.30999756
2024-07-23,104.44999695
2024-07-24,104.38999939
2024-07-25,104.36000061
2024-07-26,104.31999969
2024-07-29,104.55999756
2024-07-30,104.55000305
2024-07-31,104.09999847
2024-08-01,104.41999817
2024-08-02,103.20999908
2024-08-05,102.69000244
2024-08-06,102.97000122
2024-08-07,103.19999695
2024-08-08,103.20999908
2024-08-09,103.13999939
2024-08-12,103.13999939
2024-08-13,102.55999756
2024-08-14,102.56999969
2024-08-15,102.98000336
2024-08-16,102.45999908
2024-08-19,101.88999939
2024-08-20,101.44000244
2024-08-21,101.04000092
2024-08-22,101.51000214
2024-08-23,100.72000122
2024-08-26,100.84999847
2024-08-27,100.55000305
2024-08-28,101.08999634
2024-08-29,101.33999634
2024-08-30,101.69999695
2024-09-03,101.83000183
2024-09-04,101.36000061
2024-09-05,101.11000061
2024-09-06,101.18000031
2024-09-09,101.55000305
2024-09-10,101.62999725
2024-09-11,101.68000031
2024-09-12,101.37000275
2024-09-13,101.11000061
2024-09-16,100.76000214
2024-09-17,100.88999939
2024-09-18,100.59999847
2024-09-19,100.61000061
2024-09-20,100.72000122
2024-09-23,100.91999817
2024-09-24,100.37000275
2024-09-25,100.91999817
2024-09-26,100.55999756
2024-09-27,100.41999817
2024-09-30,100.77999878
2024-10-01,101.19000244
2024-10-02,101.68000031
2024-10-03,101.98999786
2024-10-04,102.51999664
2024-10-07,102.54000092
2024-10-08,102.55000305
2024-10-09,102.93000031
2024-10-10,102.98999786
2024-10-11,102.88999939
2024-10-14,103.30000305
2024-10-15,103.26000214
2024-10-16,103.58999634
2024-10-17,103.83000183
2024-10-18,103.48999786
2024-10-21,104.01000214
2024-10-22,104.08000183
2024-10-23,104.43000031
2024-10-24,104.05999756
2024-10-25,104.26000214
2024-10-28,104.31999969
2024-10-29,104.27999878
2024-10-30,103.98999786
2024-10-31,103.98000336
2024-11-01,104.27999878
2024-11-04,103.88999939
2024-11-05,103.41999817
2024-11-06,105.08999634
2024-11-07,104.51000214
2024-11-08,105.00000000
2024-11-11,105.54000092
2024-11-12,106.01999664
2024-11-13,106.48000336
2024-11-14,106.66999817
2024-11-15,106.69000244
2024-11-18,106.27999878
2024-11-19,106.20999908
2024-11-20,106.68000031
2024-11-21,106.97000122
2024-11-22,107.48999786
2024-11-25,106.81999969
2024-11-26,107.01000214
2024-11-27,106.08000183
2024-11-29,105.73999786
2024-12-02,106.44999695
2024-12-03,106.37000275
2024-12-04,106.33999634
2024-12-05,105.70999908
2024-12-06,105.97000122
2024-12-09,106.15000153
2024-12-10,106.40000153
2024-12-11,106.70999908
2024-12-12,106.95999908
2024-12-13,107.00000000
2024-12-16,106.86000061
2024-12-17,106.95999908
2024-12-18,108.02999878
2024-12-19,108.41000366
2024-12-20,107.62000275
2024-12-23,108.04000092
2024-12-24,108.26000214
2024-12-26,108.12999725
2024-12-27,108.00000000
2024-12-30,108.12999725
2024-12-31,108.48999786
2025-01-02,109.38999939
2025-01-03,108.94999695
2025-01-06,108.26000214
2025-01-07,108.54000092
2025-01-08,109.08999634
2025-01-09,109.18000031
2025-01-10,109.65000153
2025-01-13,109.95999908
2025-01-14,109.26999664
2025-01-15,109.08999634
2025-01-16,108.95999908
2025-01-17,109.34999847
2025-01-21,108.05999756
2025-01-22,108.16999817
2025-01-23,108.05000305
2025-01-24,107.44000244
2025-01-27,107.33999634
2025-01-28,107.87000275
2025-01-29,108.00000000
2025-01-30,107.80000305
2025-01-31,108.37000275
2025-02-03,108.98999786
2025-02-04,107.95999908
2025-02-05,107.58000183
2025-02-06,107.69000244
2025-02-07,108.04000092
2025-02-10,108.31999969
2025-02-11,107.95999908
2025-02-12,107.94000244
2025-02-13,107.30999756
2025-02-14,106.56999969
2025-02-18,107.05000305
2025-02-19,107.16999817
2025-02-20,106.33999634
2025-02-21,106.61000061
2025-02-24,106.59999847
2025-02-25,106.30999756
2025-02-26,106.41999817
2025-02-27,107.23999786
2025-02-28,107.61000061
2025-03-03,106.75000000
2025-03-04,105.73999786
2025-03-05,105.73999786
2025-03-06,104.05999756
2025-03-07,103.83999634
2025-03-10,103.91000366
2025-03-11,103.44000244
2025-03-12,103.61000061
2025-03-13,103.83000183
2025-03-14,103.72000122
2025-03-17,103.37000275
2025-03-18,103.23999786
2025-03-19,103.43000031
2025-03-20,103.84999847
2025-03-21,104.08999634
2025-03-24,104.26000214
2025-03-25,104.18000031
2025-03-26,104.55000305
2025-03-27,104.06999969
2025-03-28,104.04000092
2025-03-31,104.20999908
2025-04-01,104.26000214
2025-04-02,103.80999756
2025-04-03,102.06999969
2025-04-04,103.01999664
2025-04-07,103.26000214
2025-04-08,102.95999908
2025-04-09,102.90000153
2025-04-10,100.87000275
2025-04-11,99.77999878
2025-04-14,99.63999939
2025-04-15,100.22000122
2025-04-16,99.37999725
2025-04-17,99.37999725
2025-04-21,98.27999878
2025-04-22,98.91999817
2025-04-23,99.83999634
2025-04-24,99.29000092
2025-04-25,99.47000122
2025-04-28,99.01000214
2025-04-29,99.23999786
2025-04-30,99.47000122
2025-05-01,100.25000000
2025-05-02,100.00000000
2025-05-05,99.83000183
2025-05-06,99.23999786
2025-05-07,99.61000061
2025-05-08,100.63999939
2025-05-09,100.33999634
2025-05-12,101.79000092
2025-05-13,101.00000000
2025-05-14,101.04000092
2025-05-15,100.87999725
2025-05-16,101.08999634
2025-05-19,100.43000031
2025-05-20,100.12000275
2025-05-21,99.55999756
2025-05-22,99.95999908
2025-05-23,99.11000061
2025-05-26,98.93000031
2025-05-27,99.51999664
2025-05-28,99.87999725
2025-05-29,99.27999878
2025-05-30,99.33000183
2025-06-02,98.69999695
2025-06-03,99.25000000
2025-06-04,98.79000092
2025-06-05,98.73999786
2025-06-06,99.19000244
2025-06-09,98.94000244
2025-06-10,99.05000305
2025-06-11,98.62999725
2025-06-12,97.91999817
2025-06-13,98.18000031
2025-06-16,98.00000000
2025-06-17,98.81999969
2025-06-18,98.91000366
2025-06-20,98.70999908
2025-06-23,98.41999817
2025-06-24,97.86000061
2025-06-25,97.68000031
2025-06-26,97.15000153
2025-06-27,97.40000153
2025-06-30,96.87999725
2025-07-01,96.81999969
2025-07-02,96.77999878
2025-07-03,97.18000031
2025-07-07,97.48000336
2025-07-08,97.51000214
2025-07-09,97.47000122
2025-07-10,97.65000153
2025-07-11,97.84999847
2025-07-14,98.08000183
2025-07-15,98.62000275
2025-07-16,98.38999939
2025-07-17,98.73000336
2025-07-18,98.48000336
2025-07-21,97.84999847
2025-07-22,97.38999939
2025-07-23,97.20999908
2025-07-24,97.37999725
2025-07-25,97.65000153
2025-07-28,98.66000366
2025-07-29,98.91000366
2025-07-30,99.94000244
2025-07-31,100.02999878
2025-08-01,98.69000244
2025-08-04,98.77999878
2025-08-05,98.77999878
2025-08-06,98.18000031
2025-08-07,98.40000153
2025-08-08,98.18000031
2025-08-11,98.51999664
2025-08-12,98.09999847
2025-08-13,97.83999634
2025-08-14,98.25000000
2025-08-15,97.84999847
2025-08-18,98.16999817
2025-08-19,98.26999664
2025-08-20,98.22000122
2025-08-21,98.62000275
2025-08-22,97.72000122
2025-08-25,98.43000031
2025-08-26,98.23000336
2025-08-27,98.23000336
2025-08-28,97.80999756
2025-08-29,97.76999664
2025-09-02,98.40000153
2025-09-03,98.13999939
2025-09-04,98.34999847
2025-09-05,97.76999664
2025-09-08,97.44999695
2025-09-09,97.79000092
2025-09-10,97.77999878
2025-09-11,97.54000092
2025-09-12,97.55000305
2025-09-15,97.30000305
2025-09-16,96.62999725
2025-09-17,96.87000275
2025-09-18,97.34999847
2025-09-19,97.63999939
2025-09-22,97.33000183
2025-09-23,97.26000214
2025-09-24,97.87000275
2025-09-25,98.55000305
2025-09-26,98.15000153
2025-09-29,97.91000366
2025-09-30,97.76999664
2025-10-01,97.70999908
2025-10-02,97.84999847
2025-10-03,97.72000122
2025-10-06,98.11000061
2025-10-07,98.58000183
2025-10-08,98.84999847
2025-10-09,99.54000092
2025-10-10,98.98000336
2025-10-13,99.26999664
2025-10-14,99.05000305
2025-10-15,98.79000092
2025-10-16,98.38999939
2025-10-17,98.43000031
2025-10-20,98.58999634
2025-10-21,98.93000031
2025-10-22,98.90000153
2025-10-23,98.94000244
2025-10-24,98.94999695
2025-10-27,98.77999878
2025-10-28,98.69000244
2025-10-29,99.22000122
2025-10-30,99.52999878
2025-10-31,99.80000305
2025-11-03,99.87000275
2025-11-04,100.22000122
2025-11-05,100.19999695
2025-11-06,99.73000336
2025-11-07,99.59999847
2025-11-10,99.62000275
2025-11-11,99.45999908
2025-11-12,99.48000336
2025-11-13,99.18000031
2025-11-14,99.26999664
2025-11-17,99.58999634
2025-11-18,99.55000305
2025-11-19,100.23000336
2025-11-20,100.16000366
2025-11-21,100.18000031
2025-11-24,100.13999939
2025-11-25,99.66000366
2025-11-26,99.59999847
2025-11-28,99.45999908
2025-12-01,99.41000366
2025-12-02,99.36000061
2025-12-03,98.84999847
2025-12-04,98.98999786
2025-12-05,98.98999786
2025-12-08,99.08999634
2025-12-09,99.22000122
2025-12-10,98.79000092
2025-12-11,98.34999847
2025-12-12,98.40000153
2025-12-15,98.15000153
2025-12-16,98.15000153
2025-12-17,98.37000275
2025-12-18,98.43000031
2025-12-19,98.59999847
2025-12-22,98.29000092
2025-12-23,97.94000244
2025-12-24,97.98000336
2025-12-26,98.01999664
2025-12-29,98.04000092
2025-12-30,98.23999786
2025-12-31,98.27999878
2026-01-02,98.41999817
2026-01-05,98.26999664
2026-01-06,98.58000183
2026-01-07,98.68000031
2026-01-08,98.93000031
2026-01-09,99.12999725
2026-01-12,98.86000061
2026-01-13,99.12999725
2026-01-14,99.12999725
2026-01-15,99.31999969
2026-01-16,99.38999939
2026-01-20,98.63999939
2026-01-21,98.76000214
2026-01-22,98.36000061
2026-01-23,97.59999847
2026-01-26,97.04000092
2026-01-27,96.22000122
2026-01-28,96.44999695
2026-01-29,96.27999878
2026-01-30,96.98999786
2026-02-02,97.61000061
2026-02-03,97.44000244
2026-02-04,97.62000275
2026-02-05,97.81999969
2026-02-06,97.62999725
2026-02-09,96.81999969
2026-02-10,96.80000305
2026-02-11,96.83000183
2026-02-12,96.93000031
2026-02-13,96.87999725
2026-02-17,97.16000366
2026-02-18,97.69999695
2026-02-19,97.93000031
2026-02-20,97.80000305
2026-02-23,97.69999695
2026-02-24,97.87999725
2026-02-25,97.69999695
2026-02-26,97.79000092
2026-02-27,97.61000061
2026-03-02,98.37999725
2026-03-03,99.05000305
2026-03-04,98.76999664
2026-03-05,99.31999969
2026-03-06,98.98999786
2026-03-09,99.18000031
2026-03-10,98.83000183
2026-03-11,99.23000336
2026-03-12,99.73999786
2026-03-13,100.36000061
2026-03-16,99.70999908
2026-03-17,99.58000183
2026-03-18,100.08999634
2026-03-19,99.23000336
2026-03-20,99.65000153
2026-03-23,98.94999695
2026-03-24,99.43000031
2026-03-25,99.59999847
2026-03-26,99.90000153
2026-03-27,100.15000153
2026-03-30,100.51000214
2026-03-31,99.95999908
2026-04-01,99.65000153
2026-04-02,100.02999878
2026-04-06,99.98000336
2026-04-07,99.63999939
2026-04-08,99.12999725
2026-04-09,98.81999969
2026-04-10,98.65000153
2026-04-13,98.37000275
2026-04-14,98.12000275
2026-04-15,98.05999756
2026-04-16,98.22000122
2026-04-17,98.09999847
2026-04-20,98.05000305
2026-04-21,98.41000366
2026-04-22,98.58999634
2026-04-23,98.80000305
2026-04-24,98.51000214
2026-04-27,98.48000336
2026-04-28,98.62000275
2026-04-29,98.91999817
2026-04-30,98.08000183
2026-05-01,98.20999908
2026-05-04,98.47000122
2026-05-05,98.48000336
2026-05-06,98.01999664
2026-05-07,98.25000000
2026-05-08,97.83999634
2026-05-11,97.94000244
2026-05-12,98.29000092
2026-05-13,98.48000336
2026-05-14,98.87999725
2026-05-15,99.26999664
2026-05-18,98.97000122
2026-05-19,99.30000305
2026-05-20,99.11000061
2026-05-21,99.19000244
2026-05-22,99.31999969
2026-05-26,99.16999817
2026-05-27,99.20999908
2026-05-28,99.01999664
2026-05-29,98.91000366
2026-06-01,99.19999695
2026-06-02,99.22000122
2026-06-03,99.52999878
2026-06-04,99.41000366
2026-06-05,100.06999969
2026-06-08,100.05000305
2026-06-09,99.91000366
2026-06-10,99.94999695
2026-06-11,99.86000061
2026-06-12,99.75000000
2026-06-15,99.62999725
2026-06-16,99.54000092
2026-06-17,100.08999634
2026-06-18,100.84999847
2026-06-22,101.01999664
2026-06-23,101.41000366
2026-06-24,101.61000061
2026-06-25,101.43000031
2026-06-26,101.36000061
2026-06-29,101.11000061
2026-06-30,101.19000244
2026-07-01,101.38999939
2026-07-02,100.86000061
2026-07-06,100.84999847
2026-07-07,101.13999939
2026-07-08,101.05000305
2026-07-09,100.94000244
2026-07-10,100.97000122
2026-07-13,101.27999878
2026-07-14,100.94000244
2026-07-15,100.50000000
2026-07-16,100.73000336
2026-07-17,100.75000000
2026-07-20,100.98999786
2026-07-21,101.18000031
2026-07-22,101.13999939
2026-07-23,101.43000031
2026-07-24,101.47000122
2026-07-27,101.51000214
2026-07-28,101.37999725
2026-07-29,100.80000305
2026-07-30,100.01000214
2026-07-31,99.80000305
2026-08-03,99.95999908
2026-08-04,99.88999939
2026-08-05,99.69000244
2026-08-06,99.97000122
2026-08-07,99.59999847
2026-08-10,99.80999756
2026-08-11,99.81999969
2026-08-12,100.01000214
2026-08-13,99.95999908
2026-08-14,99.66999817
2026-08-17,99.59300232
