date,close
2000-09-01,0.97640002
2000-09-05,0.97970003
2000-09-06,0.99659997
2000-09-07,1.02950001
2000-09-08,0.99489999
2000-09-11,1.04980004
2000-09-12,1.04799998
2000-09-13,1.01069999
2000-09-14,1.00740004
2000-09-15,1.03100002
2000-09-18,1.04200006
2000-09-19,1.01999998
2000-09-20,1.01849997
2000-09-21,1.00000000
2000-09-22,0.95550001
2000-09-25,0.94000000
2000-09-26,0.93500000
2000-09-27,0.94800001
2000-09-28,0.91299999
2000-09-29,0.93000001
2000-10-02,0.96050000
2000-10-03,0.96350002
2000-10-04,0.96340001
2000-10-05,0.92720002
2000-10-06,0.93300003
2000-10-09,0.95490003
2000-10-10,0.99599999
2000-10-11,1.01600003
2000-10-12,1.07700002
2000-10-13,1.01699996
2000-10-16,0.97250003
2000-10-17,0.96020001
2000-10-18,0.96619999
2000-10-19,0.94889998
2000-10-20,0.97109997
2000-10-23,0.99900001
2000-10-24,0.99440002
2000-10-25,0.97719997
2000-10-26,0.98740000
2000-10-27,0.97770000
2000-10-30,0.96499997
2000-10-31,0.94000000
2000-11-01,0.94090003
2000-11-02,0.93180001
2000-11-03,0.92170000
2000-11-06,0.91689998
2000-11-07,0.94929999
2000-11-08,0.95929998
2000-11-09,1.01999998
2000-11-10,1.00750005
2000-11-13,1.01629996
2000-11-14,1.05410004
2000-11-15,1.07710004
2000-11-16,1.05599999
2000-11-17,1.07879996
2000-11-20,1.10000002
2000-11-21,1.09599996
2000-11-22,1.09440005
2000-11-27,1.08200002
2000-11-28,1.02400005
2000-11-29,1.03250003
2000-11-30,1.04999995
2000-12-01,0.97100002
2000-12-04,1.00839996
2000-12-05,0.97649997
2000-12-06,1.01220000
2000-12-07,0.99290001
2000-12-08,0.94470000
2000-12-11,0.98299998
2000-12-12,0.96149999
2000-12-13,0.91000003
2000-12-14,0.88849998
2000-12-15,0.91799998
2000-12-18,0.92500001
2000-12-19,0.91369998
2000-12-20,0.85600001
2000-12-21,0.85500002
2000-12-22,0.87800002
2000-12-26,0.93400002
2000-12-27,0.93709999
2000-12-28,0.89499998
2000-12-29,0.90660000
2001-01-02,0.86580002
2001-01-03,0.85979998
2001-01-04,0.86119998
2001-01-05,0.86250001
2001-01-08,0.82599998
2001-01-09,0.80620003
2001-01-10,0.84990001
2001-01-11,0.83999997
2001-01-12,0.84210002
2001-01-16,0.84079999
2001-01-17,0.81500000
2001-01-18,0.84149998
2001-01-19,0.87970001
2001-01-22,0.87900001
2001-01-23,0.86220002
2001-01-24,0.82220000
2001-01-25,0.83010000
2001-01-26,0.84560001
2001-01-29,0.81199998
2001-01-30,0.80030000
2001-01-31,0.79500002
2001-02-01,0.77840000
2001-02-02,0.82200003
2001-02-05,0.81110001
2001-02-06,0.80919999
2001-02-07,0.82800001
2001-02-08,0.84179997
2001-02-09,0.82239997
2001-02-12,0.80140001
2001-02-13,0.79000002
2001-02-14,0.77249998
2001-02-15,0.75900000
2001-02-16,0.76010001
2001-02-20,0.74800003
2001-02-21,0.74250001
2001-02-22,0.73900002
2001-02-23,0.74100000
2001-02-26,0.74779999
2001-02-27,0.74650002
2001-02-28,0.72250003
2001-03-01,0.71550000
2001-03-02,0.72700000
2001-03-05,0.74080002
2001-03-06,0.73030001
2001-03-07,0.74100000
2001-03-08,0.73350000
2001-03-09,0.72909999
2001-03-12,0.73299998
2001-03-13,0.72899997
2001-03-14,0.70400000
2001-03-15,0.70649999
2001-03-16,0.70200002
2001-03-19,0.67500001
2001-03-20,0.68449998
2001-03-21,0.71300000
2001-03-22,0.72600001
2001-03-23,0.76300001
2001-03-26,0.75999999
2001-03-27,0.77800000
2001-03-28,0.75000000
2001-03-29,0.77999997
2001-03-30,0.70450002
2001-04-02,0.67400002
2001-04-03,0.69559997
2001-04-04,0.72659999
2001-04-05,0.73650002
2001-04-06,0.72829998
2001-04-09,0.73799998
2001-04-10,0.79140002
2001-04-11,0.79589999
2001-04-12,0.78049999
2001-04-16,0.81870002
2001-04-17,0.80119997
2001-04-18,0.78189999
2001-04-19,0.78460002
2001-04-20,0.76999998
2001-04-23,0.75150001
2001-04-24,0.73740000
2001-04-25,0.75300002
2001-04-26,0.77620000
2001-04-27,0.75739998
2001-04-30,0.74699998
2001-05-01,0.76470000
2001-05-02,0.74360001
2001-05-03,0.76580000
2001-05-04,0.76569998
2001-05-07,0.74800003
2001-05-08,0.74890000
2001-05-09,0.76770002
2001-05-10,0.76819998
2001-05-11,0.76050001
2001-05-14,0.75250000
2001-05-15,0.76630002
2001-05-16,0.77520001
2001-05-17,0.78390002
2001-05-18,0.80440003
2001-05-21,0.81220001
2001-05-22,0.80890000
2001-05-23,0.81529999
2001-05-24,0.79409999
2001-05-25,0.78179997
2001-05-29,0.77469999
2001-05-30,0.77600002
2001-05-31,0.77950001
2001-06-01,0.75919998
2001-06-04,0.75919998
2001-06-05,0.76950002
2001-06-06,0.76639998
2001-06-07,0.75919998
2001-06-08,0.76650000
2001-06-11,0.78270000
2001-06-12,0.80170000
2001-06-13,0.80140001
2001-06-14,0.83279997
2001-06-15,0.80449998
2001-06-18,0.77100003
2001-06-19,0.77440000
2001-06-20,0.74150002
2001-06-21,0.74239999
2001-06-22,0.73390001
2001-06-25,0.73890001
2001-06-26,0.73189998
2001-06-27,0.69940001
2001-06-28,0.69940001
2001-06-29,0.71249998
2001-07-02,0.71079999
2001-07-03,0.71600002
2001-07-05,0.72390002
2001-07-06,0.73780000
2001-07-09,0.72790003
2001-07-10,0.72329998
2001-07-11,0.70590001
2001-07-12,0.70670003
2001-07-13,0.68739998
2001-07-16,0.68809998
2001-07-17,0.68690002
2001-07-18,0.67250001
2001-07-19,0.66799998
2001-07-20,0.68110001
2001-07-23,0.68390000
2001-07-24,0.68769997
2001-07-25,0.70870000
2001-07-26,0.71890002
2001-07-27,0.71310002
2001-07-30,0.70590001
2001-07-31,0.69730002
2001-08-01,0.70429999
2001-08-02,0.73250002
2001-08-03,0.72619998
2001-08-06,0.72560000
2001-08-07,0.73430002
2001-08-08,0.73060000
2001-08-09,0.73640001
2001-08-10,0.74390000
2001-08-13,0.74190003
2001-08-14,0.75019997
2001-08-15,0.74519998
2001-08-16,0.74150002
2001-08-17,0.70700002
2001-08-20,0.71350002
2001-08-21,0.72990000
2001-08-22,0.72820002
2001-08-23,0.73720002
2001-08-24,0.74599999
2001-08-27,0.75010002
2001-08-28,0.77480000
2001-08-29,0.76569998
2001-08-30,0.75250000
2001-08-31,0.76630002
2001-09-04,0.76109999
2001-09-05,0.76709998
2001-09-06,0.78320003
2001-09-07,0.80280000
2001-09-10,0.79610002
2001-09-14,0.83270001
2001-09-17,0.80699998
2001-09-18,0.74430001
2001-09-19,0.71899998
2001-09-20,0.72140002
2001-09-21,0.70870000
2001-09-24,0.61059999
2001-09-25,0.61760002
2001-09-26,0.64789999
2001-09-27,0.64920002
2001-09-28,0.66350001
2001-10-01,0.65990001
2001-10-02,0.64660001
2001-10-03,0.63950002
2001-10-04,0.65270001
2001-10-05,0.64020002
2001-10-08,0.64469999
2001-10-09,0.64679998
2001-10-10,0.64630002
2001-10-11,0.66759998
2001-10-12,0.63840002
2001-10-15,0.63110000
2001-10-16,0.62669998
2001-10-17,0.62099999
2001-10-18,0.61089998
2001-10-19,0.62629998
2001-10-22,0.62620002
2001-10-23,0.62110001
2001-10-24,0.63919997
2001-10-25,0.63239998
2001-10-26,0.62360001
2001-10-29,0.62440002
2001-10-30,0.62000000
2001-10-31,0.59789997
2001-11-01,0.58870000
2001-11-02,0.58260000
2001-11-05,0.57560003
2001-11-06,0.57130003
2001-11-07,0.57179999
2001-11-08,0.60720003
2001-11-09,0.62680000
2001-11-12,0.60100001
2001-11-13,0.60930002
2001-11-14,0.56120002
2001-11-15,0.51090002
2001-11-16,0.52179998
2001-11-19,0.52380002
2001-11-20,0.53759998
2001-11-21,0.53420001
2001-11-26,0.52170002
2001-11-27,0.53939998
2001-11-28,0.53090000
2001-11-29,0.51940000
2001-11-30,0.53230000
2001-12-03,0.55769998
2001-12-04,0.54180002
2001-12-05,0.53140002
2001-12-06,0.50660002
2001-12-07,0.51679999
2001-12-10,0.50660002
2001-12-11,0.49990001
2001-12-12,0.50580001
2001-12-13,0.51040000
2001-12-14,0.54250002
2001-12-17,0.53810000
2001-12-18,0.54689997
2001-12-19,0.56129998
2001-12-20,0.54490000
2001-12-21,0.54839998
2001-12-26,0.59460002
2001-12-27,0.58149999
2001-12-28,0.56650001
2001-12-31,0.55070001
2002-01-02,0.57859999
2002-01-03,0.56000000
2002-01-04,0.58590001
2002-01-07,0.57190001
2002-01-08,0.56819999
2002-01-09,0.53789997
2002-01-10,0.55330002
2002-01-11,0.53939998
2002-01-14,0.51660001
2002-01-15,0.52069998
2002-01-16,0.53210002
2002-01-17,0.51400000
2002-01-18,0.51410002
2002-01-22,0.51800001
2002-01-23,0.52600002
2002-01-24,0.53299999
2002-01-25,0.53799999
2002-01-28,0.52999997
2002-01-29,0.51999998
2002-01-30,0.50900000
2002-01-31,0.53219998
2002-02-01,0.55299997
2002-02-04,0.53799999
2002-02-05,0.53649998
2002-02-06,0.52649999
2002-02-07,0.51940000
2002-02-08,0.53500003
2002-02-11,0.56050003
2002-02-12,0.54650003
2002-02-13,0.55299997
2002-02-14,0.56000000
2002-02-15,0.55890000
2002-02-19,0.54500002
2002-02-20,0.53149998
2002-02-21,0.54900002
2002-02-22,0.54600000
2002-02-25,0.52399999
2002-02-26,0.55000001
2002-02-27,0.55599999
2002-02-28,0.56999999
2002-03-01,0.58700001
2002-03-04,0.58600003
2002-03-05,0.60200000
2002-03-06,0.60200000
2002-03-07,0.62050003
2002-03-08,0.62250000
2002-03-11,0.63550001
2002-03-12,0.63700002
2002-03-13,0.64749998
2002-03-14,0.65700001
2002-03-15,0.64800000
2002-03-18,0.66500002
2002-03-19,0.66700000
2002-03-20,0.66350001
2002-03-21,0.67150003
2002-03-22,0.65200001
2002-03-25,0.64300001
2002-03-26,0.65700001
2002-03-27,0.66700000
2002-03-28,0.66900003
2002-04-01,0.68800002
2002-04-02,0.70950001
2002-04-03,0.70850003
2002-04-04,0.68949997
2002-04-05,0.68400002
2002-04-08,0.69400001
2002-04-09,0.67900002
2002-04-10,0.68000001
2002-04-11,0.64800000
2002-04-12,0.60100001
2002-04-15,0.63499999
2002-04-16,0.63700002
2002-04-17,0.65450001
2002-04-18,0.65700001
2002-04-19,0.65950000
2002-04-22,0.65750003
2002-04-23,0.66299999
2002-04-24,0.66149998
2002-04-25,0.67199999
2002-04-26,0.67900002
2002-04-29,0.69099998
2002-04-30,0.68599999
2002-05-01,0.67500001
2002-05-02,0.66100001
2002-05-03,0.66750002
2002-05-06,0.65100002
2002-05-07,0.65899998
2002-05-08,0.67500001
2002-05-09,0.67850000
2002-05-10,0.68800002
2002-05-13,0.69550002
2002-05-14,0.71700001
2002-05-15,0.68199998
2002-05-16,0.68300003
2002-05-17,0.68599999
2002-05-20,0.68900001
2002-05-21,0.66500002
2002-05-22,0.66949999
2002-05-23,0.66500002
2002-05-24,0.65950000
2002-05-28,0.63900000
2002-05-29,0.65399998
2002-05-30,0.62300003
2002-05-31,0.63099998
2002-06-03,0.63499999
2002-06-04,0.64279997
2002-06-05,0.63749999
2002-06-06,0.63480002
2002-06-07,0.63400000
2002-06-10,0.62250000
2002-06-11,0.61860001
2002-06-12,0.63249999
2002-06-13,0.66030002
2002-06-14,0.66350001
2002-06-17,0.66490000
2002-06-18,0.65350002
2002-06-19,0.65249997
2002-06-20,0.66030002
2002-06-21,0.64999998
2002-06-24,0.66640002
2002-06-25,0.65890002
2002-06-26,0.66630000
2002-06-27,0.67290002
2002-06-28,0.67960000
2002-07-01,0.68019998
2002-07-02,0.68709999
2002-07-03,0.68769997
2002-07-08,0.66799998
2002-07-09,0.67049998
2002-07-10,0.68669999
2002-07-11,0.69010001
2002-07-12,0.70539999
2002-07-15,0.69550002
2002-07-16,0.71090001
2002-07-17,0.70980000
2002-07-18,0.70179999
2002-07-19,0.70139998
2002-07-22,0.67110002
2002-07-23,0.65850002
2002-07-24,0.67600000
2002-07-25,0.67409998
2002-07-26,0.66750002
2002-07-29,0.66600001
2002-07-30,0.68870002
2002-07-31,0.67640001
2002-08-01,0.67199999
2002-08-02,0.67659998
2002-08-05,0.66640002
2002-08-06,0.67780000
2002-08-07,0.66610003
2002-08-08,0.67240000
2002-08-09,0.67180002
2002-08-12,0.69459999
2002-08-13,0.69419998
2002-08-14,0.70139998
2002-08-15,0.72780001
2002-08-16,0.73449999
2002-08-19,0.73600000
2002-08-20,0.73799998
2002-08-21,0.75419998
2002-08-22,0.74820000
2002-08-23,0.73900002
2002-08-26,0.75110000
2002-08-27,0.75010002
2002-08-28,0.74449998
2002-08-29,0.75389999
2002-08-30,0.74820000
2002-09-03,0.72810000
2002-09-04,0.75029999
2002-09-05,0.77310002
2002-09-06,0.78390002
2002-09-09,0.78619999
2002-09-10,0.79269999
2002-09-11,0.78969997
2002-09-12,0.76580000
2002-09-13,0.78670001
2002-09-16,0.78369999
2002-09-17,0.77230000
2002-09-18,0.78909999
2002-09-19,0.78810000
2002-09-20,0.78700000
2002-09-23,0.80570000
2002-09-24,0.80699998
2002-09-25,0.80629998
2002-09-26,0.80400002
2002-09-27,0.80379999
2002-09-30,0.79699999
2002-10-01,0.82040000
2002-10-02,0.81349999
2002-10-03,0.79430002
2002-10-04,0.79189998
2002-10-07,0.79159999
2002-10-08,0.79149997
2002-10-09,0.79420000
2002-10-10,0.78299999
2002-10-11,0.78969997
2002-10-14,0.80890000
2002-10-15,0.79979998
2002-10-16,0.79960001
2002-10-17,0.80769998
2002-10-18,0.80350000
2002-10-21,0.76289999
2002-10-22,0.75779998
2002-10-23,0.75669998
2002-10-24,0.75970000
2002-10-25,0.72759998
2002-10-28,0.73079997
2002-10-29,0.71550000
2002-10-30,0.72770000
2002-10-31,0.74379998
2002-11-01,0.74159998
2002-11-04,0.73329997
2002-11-05,0.71799999
2002-11-06,0.70789999
2002-11-07,0.69620001
2002-11-08,0.68879998
2002-11-11,0.68849999
2002-11-12,0.69010001
2002-11-13,0.67250001
2002-11-14,0.67690003
2002-11-15,0.68849999
2002-11-18,0.72280002
2002-11-19,0.72170001
2002-11-20,0.74510002
2002-11-21,0.74930000
2002-11-22,0.76639998
2002-11-25,0.75040001
2002-11-26,0.75749999
2002-11-27,0.75709999
2002-12-02,0.77389997
2002-12-03,0.77499998
2002-12-04,0.74540001
2002-12-05,0.75620002
2002-12-06,0.74730003
2002-12-09,0.75819999
2002-12-10,0.77190000
2002-12-11,0.76870000
2002-12-12,0.79250002
2002-12-13,0.81559998
2002-12-16,0.85640001
2002-12-17,0.83950001
2002-12-18,0.85530001
2002-12-19,0.86059999
2002-12-20,0.85909998
2002-12-23,0.89620000
2002-12-24,0.90490001
2002-12-26,0.90910000
2002-12-27,0.90789998
2002-12-30,0.86739999
2002-12-31,0.86549997
2003-01-02,0.88090003
2003-01-03,0.91820002
2003-01-06,0.88789999
2003-01-07,0.84880000
2003-01-08,0.83209997
2003-01-09,0.87500000
2003-01-10,0.86530000
2003-01-13,0.88380003
2003-01-14,0.89160001
2003-01-15,0.90859997
2003-01-16,0.89670002
2003-01-17,0.89859998
2003-01-21,0.89469999
2003-01-22,0.91189998
2003-01-23,0.91530001
2003-01-24,0.95020002
2003-01-27,0.93430001
2003-01-28,0.93040001
2003-01-29,0.97130001
2003-01-30,0.98049998
2003-01-31,0.95880002
2003-02-03,0.91810000
2003-02-04,0.96190000
2003-02-05,0.99400002
2003-02-06,1.02709997
2003-02-07,1.09570003
2003-02-10,1.04429996
2003-02-11,1.05799997
2003-02-12,1.03050005
2003-02-13,1.05280006
2003-02-14,1.06070006
2003-02-18,1.06540000
2003-02-19,1.09930003
2003-02-20,1.05869997
2003-02-21,1.10850000
2003-02-24,1.14670002
2003-02-25,1.12259996
2003-02-26,1.15489995
2003-02-27,1.15429997
2003-02-28,1.25590003
2003-03-03,1.03600001
2003-03-04,1.04859996
2003-03-05,1.04390001
2003-03-06,1.05560005
2003-03-07,1.10850000
2003-03-10,1.08570004
2003-03-11,1.03020000
2003-03-12,1.03520000
2003-03-13,0.96710002
2003-03-14,0.94069999
2003-03-17,0.91570002
2003-03-18,0.85780001
2003-03-19,0.83609998
2003-03-20,0.82440001
2003-03-21,0.75559998
2003-03-24,0.78369999
2003-03-25,0.73490000
2003-03-26,0.74409997
2003-03-27,0.81150001
2003-03-28,0.83249998
2003-03-31,0.79240000
2003-04-01,0.74089998
2003-04-02,0.71859998
2003-04-03,0.73170000
2003-04-04,0.72600001
2003-04-07,0.71640003
2003-04-08,0.71799999
2003-04-09,0.74290001
2003-04-10,0.71609998
2003-04-11,0.72450000
2003-04-14,0.74750000
2003-04-15,0.77260000
2003-04-16,0.76490003
2003-04-17,0.77359998
2003-04-21,0.80080003
2003-04-22,0.77859998
2003-04-23,0.75070000
2003-04-24,0.77300000
2003-04-25,0.76599997
2003-04-28,0.73140001
2003-04-29,0.73040003
2003-04-30,0.76139998
2003-05-01,0.69099998
2003-05-02,0.67919999
2003-05-05,0.70510000
2003-05-06,0.67780000
2003-05-07,0.68930000
2003-05-08,0.70969999
2003-05-09,0.71890002
2003-05-12,0.70819998
2003-05-13,0.74180001
2003-05-14,0.76410002
2003-05-15,0.75040001
2003-05-16,0.75559998
2003-05-19,0.72920001
2003-05-20,0.73310000
2003-05-21,0.74750000
2003-05-22,0.74370003
2003-05-23,0.74400002
2003-05-27,0.74599999
2003-05-28,0.72960001
2003-05-29,0.74650002
2003-05-30,0.75419998
2003-06-02,0.76590002
2003-06-03,0.76520002
2003-06-04,0.75220001
2003-06-05,0.77230000
2003-06-06,0.78179997
2003-06-09,0.77899998
2003-06-10,0.78740001
2003-06-11,0.79100001
2003-06-12,0.76419997
2003-06-13,0.74220002
2003-06-16,0.74390000
2003-06-17,0.75190002
2003-06-18,0.74479997
2003-06-19,0.73400003
2003-06-20,0.75669998
2003-06-23,0.75040001
2003-06-24,0.74470001
2003-06-25,0.77910000
2003-06-26,0.74879998
2003-06-27,0.75950003
2003-06-30,0.78079998
2003-07-01,0.79020000
2003-07-02,0.78329998
2003-07-03,0.78079998
2003-07-07,0.77480000
2003-07-08,0.77910000
2003-07-09,0.80470002
2003-07-10,0.80460000
2003-07-11,0.80650002
2003-07-14,0.80620003
2003-07-15,0.81330001
2003-07-16,0.78909999
2003-07-17,0.79680002
2003-07-18,0.80119997
2003-07-21,0.79579997
2003-07-22,0.75639999
2003-07-23,0.76499999
2003-07-24,0.77730000
2003-07-25,0.77689999
2003-07-28,0.77380002
2003-07-29,0.77789998
2003-07-30,0.79659998
2003-07-31,0.79329997
2003-08-01,0.85119998
2003-08-04,0.83469999
2003-08-05,0.84630001
2003-08-06,0.83399999
2003-08-07,0.85450000
2003-08-08,0.84329998
2003-08-11,0.83539999
2003-08-12,0.83410001
2003-08-13,0.80699998
2003-08-14,0.81379998
2003-08-15,0.80510002
2003-08-18,0.79490000
2003-08-19,0.79180002
2003-08-20,0.80239999
2003-08-21,0.83300000
2003-08-22,0.82999998
2003-08-25,0.82400000
2003-08-26,0.82840002
2003-08-27,0.80669999
2003-08-28,0.80879998
2003-08-29,0.81870002
2003-09-02,0.77090001
2003-09-03,0.77539998
2003-09-04,0.76520002
2003-09-05,0.75989997
2003-09-08,0.75860000
2003-09-09,0.76770002
2003-09-10,0.77179998
2003-09-11,0.75550002
2003-09-12,0.74769998
2003-09-15,0.74699998
2003-09-16,0.73479998
2003-09-17,0.71149999
2003-09-18,0.70740002
2003-09-19,0.69889998
2003-09-22,0.70190001
2003-09-23,0.70829999
2003-09-24,0.74519998
2003-09-25,0.74110001
2003-09-26,0.74849999
2003-09-29,0.75599998
2003-09-30,0.77780002
2003-10-01,0.79850000
2003-10-02,0.80830002
2003-10-03,0.81790000
2003-10-06,0.81239998
2003-10-07,0.81910002
2003-10-08,0.81199998
2003-10-09,0.85420001
2003-10-10,0.88200003
2003-10-13,0.87239999
2003-10-14,0.87279999
2003-10-15,0.86879998
2003-10-16,0.86260003
2003-10-17,0.83139998
2003-10-20,0.82340002
2003-10-21,0.82590002
2003-10-22,0.81599998
2003-10-23,0.82880002
2003-10-24,0.82110000
2003-10-27,0.80860001
2003-10-28,0.79970002
2003-10-29,0.78789997
2003-10-30,0.77280003
2003-10-31,0.78579998
2003-11-03,0.78549999
2003-11-04,0.77859998
2003-11-05,0.82630002
2003-11-06,0.82220000
2003-11-07,0.83579999
2003-11-10,0.83219999
2003-11-11,0.84410000
2003-11-12,0.84689999
2003-11-13,0.86449999
2003-11-14,0.87970001
2003-11-17,0.85939997
2003-11-18,0.89920002
2003-11-19,0.88760000
2003-11-20,0.87410003
2003-11-21,0.86860001
2003-11-24,0.82029998
2003-11-25,0.81879997
2003-11-26,0.83490002
2003-12-01,0.83399999
2003-12-02,0.86260003
2003-12-03,0.86619997
2003-12-04,0.88190001
2003-12-05,0.86360002
2003-12-08,0.90539998
2003-12-09,0.88660002
2003-12-10,0.88840002
2003-12-11,0.88480002
2003-12-12,0.92559999
2003-12-15,0.92060000
2003-12-16,0.91839999
2003-12-17,0.94180000
2003-12-18,0.96420002
2003-12-19,0.93790001
2003-12-22,0.89410001
2003-12-23,0.89200002
2003-12-24,0.91079998
2003-12-29,0.90130001
2003-12-30,0.92940003
2003-12-31,0.91270000
2004-01-05,0.96840000
2004-01-06,0.97740000
2004-01-07,0.96609998
2004-01-08,0.98409998
2004-01-09,1.00960004
2004-01-12,1.00769997
2004-01-13,0.98920000
2004-01-14,0.96740001
2004-01-15,0.92989999
2004-01-16,0.98060000
2004-01-20,1.01890004
2004-01-21,1.02929997
2004-01-22,1.03840005
2004-01-23,1.02540004
2004-01-26,0.99320000
2004-01-27,0.99239999
2004-01-28,0.97240001
2004-01-29,0.94440001
2004-01-30,0.93140000
2004-02-02,0.94480002
2004-02-03,0.91420001
2004-02-04,0.88970000
2004-02-05,0.88220000
2004-02-06,0.86449999
2004-02-09,0.87959999
2004-02-10,0.89800000
2004-02-11,0.91130000
2004-02-12,0.91909999
2004-02-13,0.94270003
2004-02-17,0.94029999
2004-02-18,0.93339998
2004-02-19,0.92439997
2004-02-20,0.88660002
2004-02-23,0.88510001
2004-02-24,0.88970000
2004-02-25,0.93390000
2004-02-26,0.94319999
2004-02-27,0.96090001
2004-03-01,0.94790000
2004-03-02,0.93449998
2004-03-03,0.89850003
2004-03-04,0.92309999
2004-03-05,0.92530000
2004-03-08,0.89899999
2004-03-09,0.89240003
2004-03-10,0.87930000
2004-03-11,0.89039999
2004-03-12,0.87889999
2004-03-15,0.91689998
2004-03-16,0.91479999
2004-03-17,0.95850003
2004-03-18,0.94630003
2004-03-19,0.93879998
2004-03-22,0.91369998
2004-03-23,0.93320000
2004-03-24,0.92070001
2004-03-25,0.88900000
2004-03-26,0.89209998
2004-03-29,0.88470000
2004-03-30,0.90710002
2004-03-31,0.88639998
2004-04-01,0.84719998
2004-04-02,0.85530001
2004-04-05,0.85380000
2004-04-06,0.87589997
2004-04-07,0.90590000
2004-04-08,0.92540002
2004-04-12,0.94239998
2004-04-13,0.92970002
2004-04-14,0.93669999
2004-04-15,0.96550000
2004-04-16,0.96030003
2004-04-19,0.94270003
2004-04-20,0.93110001
2004-04-21,0.90920001
2004-04-22,0.94110000
2004-04-23,0.91689998
2004-04-26,0.93269998
2004-04-27,0.94209999
2004-04-28,0.94330001
2004-04-29,0.94950002
2004-04-30,0.95359999
2004-05-03,0.96789998
2004-05-04,0.98809999
2004-05-05,0.99779999
2004-05-06,1.00450003
2004-05-07,1.01639998
2004-05-10,0.97960001
2004-05-11,1.01580000
2004-05-12,1.03919995
2004-05-13,1.04869998
2004-05-14,1.04089999
2004-05-17,1.04279995
2004-05-18,1.01349998
2004-05-19,1.04849994
2004-05-20,1.02709997
2004-05-21,0.99599999
2004-05-24,1.04859996
2004-05-25,1.02730000
2004-05-26,1.01960003
2004-05-27,0.98780000
2004-05-28,0.99919999
2004-06-01,1.06410003
2004-06-02,1.01150000
2004-06-03,0.99529999
2004-06-04,0.98229998
2004-06-07,0.98920000
2004-06-08,0.96109998
2004-06-09,0.98070002
2004-06-10,1.00399995
2004-06-14,0.98240000
2004-06-15,0.97750002
2004-06-16,0.98600000
2004-06-17,1.03079998
2004-06-18,1.02530003
2004-06-21,0.99320000
2004-06-22,1.01699996
2004-06-23,0.99980003
2004-06-24,1.02269995
2004-06-25,1.01069999
2004-06-28,0.97500002
2004-06-29,0.96340001
2004-06-30,1.00549996
2004-07-01,1.08029997
2004-07-02,1.07270002
2004-07-06,1.09309995
2004-07-07,1.07910001
2004-07-08,1.10210001
2004-07-09,1.08089995
2004-07-12,1.06060004
2004-07-13,1.06169999
2004-07-14,1.09169996
2004-07-15,1.09860003
2004-07-16,1.09590006
2004-07-19,1.10549998
2004-07-20,1.07710004
2004-07-21,1.08270001
2004-07-22,1.11790001
2004-07-23,1.13170004
2004-07-26,1.11329997
2004-07-27,1.12240005
2004-07-28,1.14419997
2004-07-29,1.13279998
2004-07-30,1.15680003
2004-08-02,1.16429996
2004-08-03,1.18149996
2004-08-04,1.15559995
2004-08-05,1.19299996
2004-08-06,1.17460001
2004-08-09,1.18560004
2004-08-10,1.16980004
2004-08-11,1.17060006
2004-08-12,1.19099998
2004-08-13,1.21449995
2004-08-16,1.20280004
2004-08-17,1.22189999
2004-08-18,1.22500002
2004-08-19,1.26549995
2004-08-20,1.22959995
2004-08-23,1.21469998
2004-08-24,1.19340003
2004-08-25,1.14310002
2004-08-26,1.14010000
2004-08-27,1.14559996
2004-08-30,1.11950004
2004-08-31,1.11059999
2004-09-01,1.18250000
2004-09-02,1.18390000
2004-09-03,1.17690003
2004-09-07,1.16359997
2004-09-08,1.16120005
2004-09-09,1.22800004
2004-09-10,1.16419995
2004-09-13,1.20519996
2004-09-14,1.22759998
2004-09-15,1.20609999
2004-09-16,1.23319995
2004-09-17,1.26409996
2004-09-20,1.26590002
2004-09-21,1.30289996
2004-09-22,1.34440005
2004-09-23,1.35290003
2004-09-24,1.35790002
2004-09-27,1.36800003
2004-09-28,1.37779999
2004-09-29,1.37380004
2004-09-30,1.39170003
2004-10-01,1.39579999
2004-10-04,1.38559997
2004-10-05,1.40680003
2004-10-06,1.42089999
2004-10-07,1.43089998
2004-10-08,1.45400000
2004-10-11,1.47070003
2004-10-12,1.45449996
2004-10-13,1.49909997
2004-10-14,1.54910004
2004-10-15,1.54910004
2004-10-18,1.50969994
2004-10-19,1.50849998
2004-10-20,1.56040001
2004-10-21,1.57949996
2004-10-22,1.59440005
2004-10-25,1.56529999
2004-10-26,1.56809998
2004-10-27,1.49549997
2004-10-28,1.45319998
2004-10-29,1.44620001
2004-11-01,1.40760005
2004-11-02,1.39219999
2004-11-03,1.42379999
2004-11-04,1.37210000
2004-11-05,1.37409997
2004-11-08,1.36640000
2004-11-09,1.34200001
2004-11-10,1.40289998
2004-11-11,1.36380005
2004-11-12,1.36360002
2004-11-15,1.34309995
2004-11-16,1.32690001
2004-11-17,1.41139996
2004-11-18,1.42999995
2004-11-19,1.48259997
2004-11-22,1.44490004
2004-11-23,1.44579995
2004-11-24,1.45159996
2004-11-25,1.45159996
2004-11-29,1.44369996
2004-11-30,1.39269996
2004-12-01,1.32930005
2004-12-02,1.25720000
2004-12-03,1.23590004
2004-12-06,1.24969995
2004-12-07,1.22360003
2004-12-08,1.25989997
2004-12-09,1.30009997
2004-12-10,1.22570002
2004-12-13,1.25699997
2004-12-14,1.30449998
2004-12-15,1.38839996
2004-12-16,1.38119996
2004-12-17,1.43949997
2004-12-20,1.39880002
2004-12-21,1.39940000
2004-12-22,1.35850000
2004-12-23,1.32609999
2004-12-27,1.21080005
2004-12-28,1.22210002
2004-12-29,1.27740002
2004-12-30,1.22969997
2005-01-03,1.19219995
2005-01-04,1.24660003
2005-01-05,1.21840000
2005-01-06,1.28129995
2005-01-07,1.27330005
2005-01-10,1.27629995
2005-01-11,1.29359996
2005-01-12,1.30040002
2005-01-13,1.34109998
2005-01-14,1.35090005
2005-01-18,1.34379995
2005-01-19,1.34259999
2005-01-20,1.33980000
2005-01-21,1.38370001
2005-01-24,1.40320003
2005-01-25,1.42480004
2005-01-26,1.40330005
2005-01-27,1.39690006
2005-01-28,1.33800006
2005-01-31,1.33080006
2005-02-01,1.31389999
2005-02-02,1.29700005
2005-02-03,1.27649999
2005-02-04,1.27419996
2005-02-07,1.23060000
2005-02-08,1.24600005
2005-02-09,1.26419997
2005-02-10,1.32130003
2005-02-11,1.30579996
2005-02-14,1.29439998
2005-02-15,1.29130006
2005-02-16,1.34200001
2005-02-17,1.31280005
2005-02-18,1.34930003
2005-02-22,1.44019997
2005-02-23,1.48310006
2005-02-24,1.46500003
2005-02-25,1.45410001
2005-02-28,1.49140000
2005-03-01,1.46519995
2005-03-02,1.50849998
2005-03-03,1.49080002
2005-03-04,1.48339999
2005-03-07,1.48500001
2005-03-08,1.52380002
2005-03-09,1.53250003
2005-03-10,1.50909996
2005-03-11,1.54270005
2005-03-14,1.53600001
2005-03-15,1.55200005
2005-03-16,1.59140003
2005-03-17,1.59140003
2005-03-18,1.57179999
2005-03-21,1.57350004
2005-03-22,1.54659998
2005-03-23,1.53359997
2005-03-24,1.54840004
2005-03-28,1.54760003
2005-03-29,1.55630004
2005-03-30,1.60660005
2005-03-31,1.65760005
2005-04-01,1.66380000
2005-04-04,1.64219999
2005-04-05,1.62109995
2005-04-06,1.58669996
2005-04-07,1.52830005
2005-04-08,1.49720001
2005-04-11,1.48710001
2005-04-12,1.46529996
2005-04-13,1.44200003
2005-04-14,1.48230004
2005-04-15,1.45990002
2005-04-18,1.44229996
2005-04-19,1.49300003
2005-04-20,1.50870001
2005-04-21,1.53400004
2005-04-22,1.54509997
2005-04-25,1.51810002
2005-04-26,1.50790000
2005-04-27,1.47399998
2005-04-28,1.48870003
2005-04-29,1.43579996
2005-05-02,1.46319997
2005-05-03,1.43599999
2005-05-04,1.45449996
2005-05-05,1.44369996
2005-05-06,1.43110001
2005-05-09,1.44019997
2005-05-10,1.44959998
2005-05-11,1.40310001
2005-05-12,1.37960005
2005-05-13,1.37030005
2005-05-16,1.35029995
2005-05-17,1.37390006
2005-05-18,1.35819995
2005-05-19,1.38049996
2005-05-20,1.36730003
2005-05-23,1.36650002
2005-05-24,1.38709998
2005-05-25,1.42840004
2005-05-26,1.44830000
2005-05-27,1.44579995
2005-05-31,1.45190001
2005-06-01,1.53999996
2005-06-02,1.54219997
2005-06-03,1.59949994
2005-06-06,1.61650002
2005-06-07,1.60080004
2005-06-08,1.55280006
2005-06-09,1.62559998
2005-06-10,1.60739994
2005-06-13,1.66310000
2005-06-14,1.63859999
2005-06-15,1.62109995
2005-06-16,1.62549996
2005-06-17,1.65180004
2005-06-20,1.66180003
2005-06-21,1.62969995
2005-06-22,1.62259996
2005-06-23,1.67560005
2005-06-24,1.65040004
2005-06-27,1.67610002
2005-06-28,1.62039995
2005-06-29,1.60160005
2005-06-30,1.61909997
2005-07-01,1.71109998
2005-07-05,1.73239994
2005-07-06,1.79480004
2005-07-07,1.77489996
2005-07-08,1.71809995
2005-07-11,1.68180001
2005-07-12,1.75150001
2005-07-13,1.71790004
2005-07-14,1.65690005
2005-07-15,1.66209996
2005-07-18,1.63160002
2005-07-19,1.63010001
2005-07-20,1.59770000
2005-07-21,1.56889999
2005-07-22,1.58190000
2005-07-25,1.60660005
2005-07-26,1.60370004
2005-07-27,1.61720002
2005-07-28,1.64549994
2005-07-29,1.63619995
2005-08-01,1.71689999
2005-08-02,1.72510004
2005-08-03,1.68889999
2005-08-04,1.70780003
2005-08-05,1.73119998
2005-08-08,1.78939998
2005-08-09,1.77660000
2005-08-10,1.83879995
2005-08-11,1.89849997
2005-08-12,1.90550005
2005-08-15,1.86919999
2005-08-16,1.86399996
2005-08-17,1.78390002
2005-08-18,1.79050004
2005-08-19,1.82280004
2005-08-22,1.81159997
2005-08-23,1.81939995
2005-08-24,1.86539996
2005-08-25,1.86950004
2005-08-26,1.83659995
2005-08-29,1.90880001
2005-08-30,2.07590008
2005-08-31,2.05299997
2005-09-01,2.19849992
2005-09-02,2.09109998
2005-09-06,2.05430007
2005-09-07,1.96229994
2005-09-08,1.92960000
2005-09-09,1.89649999
2005-09-12,1.81429994
2005-09-13,1.84019995
2005-09-14,1.92490005
2005-09-15,1.91199994
2005-09-16,1.83700001
2005-09-19,2.03839993
2005-09-20,2.01130009
2005-09-21,2.03870010
2005-09-22,2.04579997
2005-09-23,1.94900000
2005-09-26,2.05859995
2005-09-27,2.06859994
2005-09-28,2.14109993
2005-09-29,2.12470007
2005-09-30,2.06730008
2005-10-03,2.08089995
2005-10-04,2.04970002
2005-10-05,2.01480007
2005-10-06,1.95070004
2005-10-07,1.96010005
2005-10-10,1.97179997
2005-10-11,2.01789999
2005-10-12,2.01570010
2005-10-13,1.99689996
2005-10-14,1.95000005
2005-10-17,1.98329997
2005-10-18,1.93420005
2005-10-19,1.91340005
2005-10-20,1.86989999
2005-10-21,1.86650002
2005-10-24,1.79729998
2005-10-25,1.88989997
2005-10-26,1.85609996
2005-10-27,1.85389996
2005-10-28,1.84350002
2005-10-31,1.76979995
2005-11-01,1.80499995
2005-11-02,1.78289998
2005-11-03,1.83360004
2005-11-04,1.79620004
2005-11-07,1.78610003
2005-11-08,1.77849996
2005-11-09,1.78960001
2005-11-10,1.74349999
2005-11-11,1.72350001
2005-11-14,1.73039997
2005-11-15,1.68089998
2005-11-16,1.72920001
2005-11-17,1.69700003
2005-11-18,1.69620001
2005-11-21,1.70949996
2005-11-22,1.73609996
2005-11-23,1.68920004
2005-11-28,1.63559997
2005-11-29,1.60969996
2005-11-30,1.61640000
2005-12-01,1.73870003
2005-12-02,1.77199996
2005-12-05,1.78960001
2005-12-06,1.77199996
2005-12-07,1.73660004
2005-12-08,1.78320003
2005-12-09,1.73179996
2005-12-12,1.77250004
2005-12-13,1.83650005
2005-12-14,1.84500003
2005-12-15,1.78729999
2005-12-16,1.73199999
2005-12-19,1.70330000
2005-12-20,1.72029996
2005-12-21,1.75639999
2005-12-22,1.74000001
2005-12-23,1.70529997
2005-12-27,1.63699996
2005-12-28,1.68250000
2005-12-29,1.70290005
2005-12-30,1.72800004
2006-01-03,1.79639995
2006-01-04,1.81770003
2006-01-05,1.78810000
2006-01-06,1.80060005
2006-01-09,1.76769996
2006-01-10,1.73790002
2006-01-11,1.72710001
2006-01-12,1.71130002
2006-01-13,1.71500003
2006-01-17,1.79149997
2006-01-18,1.75549996
2006-01-19,1.79690003
2006-01-20,1.86720002
2006-01-23,1.84089994
2006-01-24,1.81710005
2006-01-25,1.79059994
2006-01-26,1.77800000
2006-01-27,1.80690002
2006-01-30,1.83379996
2006-01-31,1.80190003
2006-02-01,1.82400000
2006-02-02,1.77079999
2006-02-03,1.78160000
2006-02-06,1.76279998
2006-02-07,1.69180000
2006-02-08,1.66559994
2006-02-09,1.66470003
2006-02-10,1.64260006
2006-02-13,1.63859999
2006-02-14,1.61000001
2006-02-15,1.60749996
2006-02-16,1.62530005
2006-02-17,1.65740001
2006-02-21,1.66639996
2006-02-22,1.65209997
2006-02-23,1.66260004
2006-02-24,1.72669995
2006-02-27,1.68260002
2006-02-28,1.71200001
2006-03-01,1.74660003
2006-03-02,1.80490005
2006-03-03,1.81280005
2006-03-06,1.75769997
2006-03-07,1.72220004
2006-03-08,1.69410002
2006-03-09,1.72000003
2006-03-10,1.68460000
2006-03-13,1.73780000
2006-03-14,1.82120001
2006-03-15,1.78170002
2006-03-16,1.81250000
2006-03-17,1.78129995
2006-03-20,1.74170005
2006-03-21,1.77219999
2006-03-22,1.74510002
2006-03-23,1.78639996
2006-03-24,1.79240000
2006-03-27,1.78110003
2006-03-28,1.82770002
2006-03-29,1.85200000
2006-03-30,1.88429999
2006-03-31,1.86179996
2006-04-03,1.86220002
2006-04-04,1.85580003
2006-04-05,1.86880004
2006-04-06,1.89069998
2006-04-07,1.88259995
2006-04-10,1.94540000
2006-04-11,1.95550001
2006-04-12,1.97459996
2006-04-13,1.98310006
2006-04-17,2.02290010
2006-04-18,2.05080009
2006-04-19,2.06229997
2006-04-20,2.05360007
2006-04-21,2.07620001
2006-04-24,2.03169990
2006-04-25,2.05809999
2006-04-26,2.02290010
2006-04-27,1.98570001
2006-04-28,2.01290011
2006-05-01,2.05879998
2006-05-02,2.07879996
2006-05-03,2.00320005
2006-05-04,1.93770003
2006-05-05,1.95609999
2006-05-08,1.95449996
2006-05-09,1.99510002
2006-05-10,2.06469989
2006-05-11,2.09640002
2006-05-12,2.04670000
2006-05-15,1.94500005
2006-05-16,1.95150006
2006-05-17,1.92120004
2006-05-18,1.95130002
2006-05-19,1.92009997
2006-05-22,1.93260002
2006-05-23,1.99890006
2006-05-24,1.94019997
2006-05-25,1.99419999
2006-05-26,1.98049998
2006-05-30,2.00390005
2006-05-31,1.96050000
2006-06-01,1.97070003
2006-06-02,2.01449990
2006-06-05,2.04270005
2006-06-06,2.04259992
2006-06-07,1.99539995
2006-06-08,1.98559999
2006-06-09,2.04590011
2006-06-12,1.99129999
2006-06-13,1.93159997
2006-06-14,1.93589997
2006-06-15,1.93690002
2006-06-16,1.93239999
2006-06-19,1.89479995
2006-06-20,1.90740001
2006-06-21,1.93710005
2006-06-22,1.97179997
2006-06-23,1.96259999
2006-06-26,1.97889996
2006-06-27,1.95869994
2006-06-28,1.93739998
2006-06-29,1.98759997
2006-06-30,1.96420002
2006-07-05,2.06259990
2006-07-06,2.06159997
2006-07-07,2.01040006
2006-07-10,1.96449995
2006-07-11,2.01060009
2006-07-12,2.01839995
2006-07-13,2.07990003
2006-07-14,2.07599998
2006-07-17,2.01939988
2006-07-18,1.98339999
2006-07-19,1.96510005
2006-07-20,1.93400002
2006-07-21,1.95799994
2006-07-24,1.96990001
2006-07-25,1.94389999
2006-07-26,1.95980000
2006-07-27,1.97959995
2006-07-28,1.94120002
2006-07-31,1.96790004
2006-08-01,2.08039999
2006-08-02,2.12940001
2006-08-03,2.11350012
2006-08-04,2.08960009
2006-08-07,2.14350009
2006-08-08,2.11640000
2006-08-09,2.10630012
2006-08-10,2.02500010
2006-08-11,2.04060006
2006-08-14,2.01469994
2006-08-15,2.02349997
2006-08-16,2.01690006
2006-08-17,1.96500003
2006-08-18,1.98950005
2006-08-21,2.03270006
2006-08-22,2.03660011
2006-08-23,2.00259995
2006-08-24,2.02940011
2006-08-25,2.02979994
2006-08-28,1.96589994
2006-08-29,1.94319999
2006-08-30,1.94959998
2006-08-31,1.95420003
2006-09-01,1.96599996
2006-09-04,1.94019997
2006-09-05,1.93630004
2006-09-06,1.91100001
2006-09-07,1.88699996
2006-09-08,1.84319997
2006-09-11,1.80540001
2006-09-12,1.75969994
2006-09-13,1.74280000
2006-09-14,1.71099997
2006-09-15,1.70229995
2006-09-18,1.72570002
2006-09-19,1.69159997
2006-09-20,1.64779997
2006-09-21,1.67879999
2006-09-22,1.64719999
2006-09-25,1.65639997
2006-09-26,1.65779996
2006-09-27,1.71410000
2006-09-28,1.71379995
2006-09-29,1.68460000
2006-10-02,1.70179999
2006-10-03,1.65390003
2006-10-04,1.67700005
2006-10-05,1.69200003
2006-10-06,1.69400001
2006-10-09,1.72969997
2006-10-10,1.68089998
2006-10-11,1.67200005
2006-10-12,1.68770003
2006-10-13,1.71780002
2006-10-16,1.75650001
2006-10-17,1.73380005
2006-10-18,1.69589996
2006-10-19,1.72010005
2006-10-20,1.67999995
2006-10-23,1.66900003
2006-10-24,1.69519997
2006-10-25,1.73899996
2006-10-26,1.70000005
2006-10-27,1.69439995
2006-10-30,1.60150003
2006-10-31,1.58690000
2006-11-01,1.65149999
2006-11-02,1.63970006
2006-11-03,1.67750001
2006-11-06,1.71840000
2006-11-07,1.68030000
2006-11-08,1.71060002
2006-11-09,1.74559999
2006-11-10,1.69659996
2006-11-13,1.65999997
2006-11-14,1.66320002
2006-11-15,1.69239998
2006-11-16,1.66050005
2006-11-17,1.66890001
2006-11-20,1.67079997
2006-11-21,1.73310006
2006-11-22,1.66649997
2006-11-27,1.70519996
2006-11-28,1.72829998
2006-11-29,1.79530001
2006-11-30,1.81330001
2006-12-01,1.84770000
2006-12-04,1.80890000
2006-12-05,1.79830003
2006-12-06,1.79400003
2006-12-07,1.77880001
2006-12-08,1.75730002
2006-12-11,1.72430003
2006-12-12,1.72239995
2006-12-13,1.73199999
2006-12-14,1.77649999
2006-12-15,1.78170002
2006-12-18,1.72070003
2006-12-19,1.71870005
2006-12-20,1.73039997
2006-12-21,1.70169997
2006-12-22,1.68200004
2006-12-26,1.62329996
2006-12-27,1.60880005
2006-12-28,1.62310004
2006-12-29,1.59790003
2007-01-02,1.64820004
2007-01-03,1.58809996
2007-01-04,1.54310000
2007-01-05,1.56579995
2007-01-08,1.55710006
2007-01-09,1.55649996
2007-01-10,1.52550006
2007-01-11,1.48039997
2007-01-12,1.50360000
2007-01-16,1.48029995
2007-01-17,1.49979997
2007-01-18,1.47070003
2007-01-19,1.51349998
2007-01-22,1.50839996
2007-01-23,1.57630002
2007-01-24,1.58389997
2007-01-25,1.54910004
2007-01-26,1.59140003
2007-01-29,1.54890001
2007-01-30,1.63800001
2007-01-31,1.65460002
2007-02-01,1.65890002
2007-02-02,1.68400002
2007-02-05,1.67560005
2007-02-06,1.69089997
2007-02-07,1.66610003
2007-02-08,1.72500002
2007-02-09,1.72510004
2007-02-12,1.64540005
2007-02-13,1.69319999
2007-02-14,1.63829994
2007-02-15,1.62709999
2007-02-16,1.67340004
2007-02-20,1.64499998
2007-02-21,1.68159997
2007-02-22,1.72500002
2007-02-23,1.75049996
2007-02-26,1.75619996
2007-02-27,1.77929997
2007-02-28,1.78040004
2007-03-01,1.77629995
2007-03-02,1.76820004
2007-03-05,1.72479999
2007-03-06,1.74730003
2007-03-07,1.76740003
2007-03-08,1.76129997
2007-03-09,1.71220005
2007-03-12,1.68229997
2007-03-13,1.69019997
2007-03-14,1.70899999
2007-03-15,1.68850005
2007-03-16,1.68879998
2007-03-19,1.68840003
2007-03-20,1.66869998
2007-03-21,1.66460001
2007-03-22,1.71800005
2007-03-23,1.71109998
2007-03-26,1.77610004
2007-03-27,1.78639996
2007-03-28,1.82739997
2007-03-29,1.87720001
2007-03-30,1.87940001
2007-04-02,1.86249995
2007-04-03,1.83870006
2007-04-04,1.86440003
2007-04-05,1.86090004
2007-04-09,1.81570005
2007-04-10,1.85609996
2007-04-11,1.87469995
2007-04-12,1.90610003
2007-04-13,1.90069997
2007-04-16,1.85930002
2007-04-17,1.79779994
2007-04-18,1.80659997
2007-04-19,1.80579996
2007-04-20,1.83249998
2007-04-23,1.89429998
2007-04-24,1.84599996
2007-04-25,1.90149999
2007-04-26,1.88909996
2007-04-27,1.91349995
2007-04-30,1.91349995
2007-05-01,1.88290000
2007-05-02,1.85259998
2007-05-03,1.84529996
2007-05-04,1.83089995
2007-05-07,1.80289996
2007-05-08,1.82990003
2007-05-09,1.81579995
2007-05-10,1.86249995
2007-05-11,1.88230002
2007-05-14,1.86679995
2007-05-15,1.89020002
2007-05-16,1.86699998
2007-05-17,1.93669999
2007-05-18,1.91520000
2007-05-21,1.95089996
2007-05-22,1.90719998
2007-05-23,1.93229997
2007-05-24,1.92910004
2007-05-25,1.93910003
2007-05-29,1.86899996
2007-05-30,1.87549996
2007-05-31,1.88269997
2007-06-01,1.92279994
2007-06-04,1.96459997
2007-06-05,1.96440005
2007-06-06,1.97370005
2007-06-07,1.97640002
2007-06-08,1.89880002
2007-06-11,1.92910004
2007-06-12,1.91390002
2007-06-13,1.96200001
2007-06-14,2.01609993
2007-06-15,2.01060009
2007-06-18,2.03419995
2007-06-19,2.02679992
2007-06-20,2.03390002
2007-06-21,2.02469993
2007-06-22,2.03800011
2007-06-25,2.04239988
2007-06-26,1.99329996
2007-06-27,2.02460003
2007-06-28,2.01830006
2007-06-29,2.03189993
2007-07-02,2.06180000
2007-07-03,2.06620002
2007-07-05,2.08730006
2007-07-06,2.09509993
2007-07-09,2.09279990
2007-07-10,2.12380004
2007-07-11,2.10080004
2007-07-12,2.09570003
2007-07-13,2.11059999
2007-07-16,2.05559993
2007-07-17,2.03320003
2007-07-18,2.10500002
2007-07-19,2.11430001
2007-07-20,2.09220004
2007-07-23,2.05609989
2007-07-24,2.03090000
2007-07-25,2.06590009
2007-07-26,2.03279996
2007-07-27,2.07310009
2007-07-30,2.06509995
2007-07-31,2.09999990
2007-08-01,2.06940007
2007-08-02,2.07459998
2007-08-03,2.03399992
2007-08-06,1.93929994
2007-08-07,1.96410000
2007-08-08,1.96679997
2007-08-09,1.98920000
2007-08-10,1.97119999
2007-08-13,1.96650004
2007-08-14,1.98249996
2007-08-15,2.02690005
2007-08-16,1.98290002
2007-08-17,2.01729989
2007-08-20,1.98090005
2007-08-21,1.95200002
2007-08-22,1.94830000
2007-08-23,1.96099997
2007-08-24,1.99720001
2007-08-27,2.00970006
2007-08-28,1.99629998
2007-08-29,2.04189992
2007-08-30,2.02839994
2007-08-31,2.04220009
2007-09-04,2.07949996
2007-09-05,2.09990001
2007-09-06,2.13680005
2007-09-07,2.14319992
2007-09-10,2.17160010
2007-09-11,2.18269992
2007-09-12,2.21910000
2007-09-13,2.21900010
2007-09-14,2.20779991
2007-09-17,2.22869992
2007-09-18,2.24230003
2007-09-19,2.24530005
2007-09-20,2.26090002
2007-09-21,2.25620008
2007-09-24,2.23060012
2007-09-25,2.18129992
2007-09-26,2.18260002
2007-09-27,2.25209999
2007-09-28,2.23790002
2007-10-01,2.18070006
2007-10-02,2.16230011
2007-10-03,2.17869997
2007-10-04,2.23130012
2007-10-05,2.22350001
2007-10-08,2.15960002
2007-10-09,2.18530011
2007-10-10,2.21720004
2007-10-11,2.24729991
2007-10-12,2.24640012
2007-10-15,2.30719995
2007-10-16,2.33870006
2007-10-17,2.31890011
2007-10-18,2.34929991
2007-10-19,2.33060002
2007-10-22,2.31089997
2007-10-23,2.29979992
2007-10-24,2.34200001
2007-10-25,2.40840006
2007-10-26,2.43249989
2007-10-29,2.46460009
2007-10-30,2.42459989
2007-10-31,2.50780010
2007-11-01,2.51230001
2007-11-02,2.57369995
2007-11-05,2.54390001
2007-11-06,2.60780001
2007-11-07,2.61750007
2007-11-08,2.60579991
2007-11-09,2.61879992
2007-11-12,2.58209991
2007-11-13,2.50209999
2007-11-14,2.57340002
2007-11-15,2.55870008
2007-11-16,2.58710003
2007-11-19,2.60419989
2007-11-20,2.69009995
2007-11-21,2.68740010
2007-11-23,2.70420003
2007-11-26,2.70659995
2007-11-27,2.65339994
2007-11-28,2.57380009
2007-11-29,2.57710004
2007-11-30,2.52959991
2007-12-03,2.51110005
2007-12-04,2.51180005
2007-12-05,2.48930001
2007-12-06,2.54500008
2007-12-07,2.50469995
2007-12-10,2.47740006
2007-12-11,2.52300000
2007-12-12,2.64319992
2007-12-13,2.61470008
2007-12-14,2.60789990
2007-12-17,2.59789991
2007-12-18,2.55539989
2007-12-19,2.59789991
2007-12-20,2.58949995
2007-12-21,2.60910010
2007-12-24,2.59470010
2007-12-26,2.64120007
2007-12-27,2.68030000
2007-12-28,2.63700008
2007-12-31,2.64439988
2008-01-02,2.74040008
2008-01-03,2.71910000
2008-01-04,2.68350005
2008-01-07,2.59349990
2008-01-08,2.63630009
2008-01-09,2.61339998
2008-01-10,2.55730009
2008-01-11,2.53590012
2008-01-14,2.58920002
2008-01-15,2.54719996
2008-01-16,2.51839995
2008-01-17,2.50349998
2008-01-18,2.50740004
2008-01-22,2.47259998
2008-01-23,2.42309999
2008-01-24,2.47630000
2008-01-25,2.51909995
2008-01-28,2.52649999
2008-01-29,2.54180002
2008-01-30,2.54929996
2008-01-31,2.53449988
2008-02-01,2.44889998
2008-02-04,2.48329997
2008-02-05,2.44650006
2008-02-06,2.41880012
2008-02-07,2.45849991
2008-02-08,2.55410004
2008-02-11,2.60439992
2008-02-12,2.59109998
2008-02-13,2.61560011
2008-02-14,2.66659999
2008-02-15,2.64689994
2008-02-19,2.76139998
2008-02-20,2.75460005
2008-02-21,2.73810005
2008-02-22,2.76300001
2008-02-25,2.78530002
2008-02-26,2.81500006
2008-02-27,2.77110004
2008-02-28,2.84559989
2008-02-29,2.83969998
2008-03-03,2.84080005
2008-03-04,2.79180002
2008-03-05,2.94309998
2008-03-06,2.97329998
2008-03-07,2.94700003
2008-03-10,2.97340012
2008-03-11,2.99569988
2008-03-12,3.02440000
2008-03-13,3.12479997
2008-03-14,3.14650011
2008-03-17,3.06839991
2008-03-18,3.13790011
2008-03-19,3.01670003
2008-03-20,2.97720003
2008-03-24,2.96309996
2008-03-25,2.92479992
2008-03-26,3.04380012
2008-03-27,3.14829993
2008-03-28,3.10500002
2008-03-31,3.04920006
2008-04-01,2.87969995
2008-04-02,2.95099998
2008-04-03,2.92280006
2008-04-04,2.99210000
2008-04-07,3.08430004
2008-04-08,3.11019993
2008-04-09,3.23449993
2008-04-10,3.19400001
2008-04-11,3.19749999
2008-04-14,3.20289993
2008-04-15,3.27390003
2008-04-16,3.28299999
2008-04-17,3.26740003
2008-04-18,3.29229999
2008-04-21,3.31139994
2008-04-22,3.31690001
2008-04-23,3.32500005
2008-04-24,3.25830007
2008-04-25,3.30279994
2008-04-28,3.29879999
2008-04-29,3.24650002
2008-04-30,3.17700005
2008-05-01,3.11770010
2008-05-02,3.21869993
2008-05-05,3.30649996
2008-05-06,3.35349989
2008-05-07,3.44729996
2008-05-08,3.50979996
2008-05-09,3.63599992
2008-05-12,3.55979991
2008-05-13,3.69889998
2008-05-14,3.61780000
2008-05-15,3.62240005
2008-05-16,3.70280004
2008-05-19,3.67510009
2008-05-20,3.77500010
2008-05-21,3.90840006
2008-05-22,3.95429993
2008-05-23,3.86560011
2008-05-27,3.79920006
2008-05-28,3.82430005
2008-05-29,3.68849993
2008-05-30,3.65980005
2008-06-02,3.72199988
2008-06-03,3.63960004
2008-06-04,3.54579997
2008-06-05,3.68079996
2008-06-06,3.97399998
2008-06-09,3.87700009
2008-06-10,3.81240010
2008-06-11,3.97480011
2008-06-12,3.94269991
2008-06-13,3.83680010
2008-06-16,3.82739997
2008-06-17,3.82220006
2008-06-18,3.85999990
2008-06-19,3.71350002
2008-06-20,3.77169991
2008-06-23,3.79640007
2008-06-24,3.81360006
2008-06-25,3.74920011
2008-06-26,3.88339996
2008-06-27,3.90660000
2008-06-30,3.90289998
2008-07-01,3.94350004
2008-07-02,4.07149982
2008-07-03,4.10599995
2008-07-07,3.96959996
2008-07-08,3.82019997
2008-07-09,3.85159993
2008-07-10,4.03739977
2008-07-11,4.07660007
2008-07-14,4.06489992
2008-07-15,3.91899991
2008-07-16,3.84100008
2008-07-17,3.74379992
2008-07-18,3.69149995
2008-07-21,3.74790001
2008-07-22,3.67820001
2008-07-23,3.55010009
2008-07-24,3.56710005
2008-07-25,3.52290010
2008-07-28,3.56200004
2008-07-29,3.47219992
2008-07-30,3.52029991
2008-07-31,3.43869996
2008-08-01,3.43680000
2008-08-04,3.35010004
2008-08-05,3.28200006
2008-08-06,3.23790002
2008-08-07,3.23359990
2008-08-08,3.12800002
2008-08-11,3.11949992
2008-08-12,3.07809997
2008-08-13,3.13170004
2008-08-14,3.09910011
2008-08-15,3.11910009
2008-08-18,3.08480000
2008-08-19,3.12369990
2008-08-20,3.16350007
2008-08-21,3.30060005
2008-08-22,3.13109994
2008-08-25,3.15140009
2008-08-26,3.20989990
2008-08-27,3.26169991
2008-08-28,3.18260002
2008-08-29,3.18190002
2008-09-02,3.07360005
2008-09-03,3.07879996
2008-09-04,3.02370000
2008-09-05,2.98280001
2008-09-08,3.01309991
2008-09-09,2.92470002
2008-09-10,2.90240002
2008-09-11,2.91549993
2008-09-12,2.93910003
2008-09-15,2.79119992
2008-09-16,2.71970010
2008-09-17,2.82470012
2008-09-18,2.78239989
2008-09-19,2.89779997
2008-09-22,3.04299998
2008-09-23,2.99629998
2008-09-24,3.01329994
2008-09-25,3.02579999
2008-09-26,2.99489999
2008-09-29,2.76040006
2008-09-30,2.86360002
2008-10-01,2.84689999
2008-10-02,2.70950007
2008-10-03,2.66199994
2008-10-06,2.47399998
2008-10-07,2.50570011
2008-10-08,2.49449992
2008-10-09,2.41860008
2008-10-10,2.21000004
2008-10-13,2.34100008
2008-10-14,2.25970006
2008-10-15,2.19050002
2008-10-16,2.08730006
2008-10-17,2.13290000
2008-10-20,2.20989990
2008-10-21,2.17709994
2008-10-22,2.03649998
2008-10-23,2.02970004
2008-10-24,1.94649994
2008-10-27,1.91439998
2008-10-28,1.91199994
2008-10-29,2.00099993
2008-10-30,1.98409998
2008-10-31,2.00629997
2008-11-03,1.98280001
2008-11-04,2.16160011
2008-11-05,2.05469990
2008-11-06,1.94239998
2008-11-07,1.97839999
2008-11-10,2.00559998
2008-11-11,1.92900002
2008-11-12,1.83539999
2008-11-13,1.87500000
2008-11-14,1.83179998
2008-11-17,1.79100001
2008-11-18,1.75790000
2008-11-19,1.75969994
2008-11-20,1.67589998
2008-11-21,1.69959998
2008-11-24,1.78439999
2008-11-25,1.69879997
2008-11-26,1.73670006
2008-11-28,1.67369998
2008-12-01,1.61510003
2008-12-02,1.58319998
2008-12-03,1.58399999
2008-12-04,1.50909996
2008-12-05,1.42649996
2008-12-08,1.49039996
2008-12-09,1.43690002
2008-12-10,1.40269995
2008-12-11,1.50660002
2008-12-12,1.49339998
2008-12-15,1.46010005
2008-12-16,1.46029997
2008-12-17,1.44250000
2008-12-18,1.37290001
2008-12-19,1.39199996
2008-12-22,1.34150004
2008-12-23,1.32700002
2008-12-24,1.19830000
2008-12-26,1.24500000
2008-12-29,1.28530002
2008-12-30,1.28799999
2008-12-31,1.40569997
2009-01-02,1.48029995
2009-01-05,1.57630002
2009-01-06,1.62629998
2009-01-07,1.54310000
2009-01-08,1.51960003
2009-01-09,1.48769999
2009-01-12,1.47239995
2009-01-13,1.51409996
2009-01-14,1.46309996
2009-01-15,1.48710001
2009-01-16,1.47340000
2009-01-20,1.37580001
2009-01-21,1.38600004
2009-01-22,1.34860003
2009-01-23,1.45050001
2009-01-26,1.42700005
2009-01-27,1.37450004
2009-01-28,1.42149997
2009-01-29,1.42830002
2009-01-30,1.45379996
2009-02-02,1.34239995
2009-02-03,1.32539999
2009-02-04,1.32700002
2009-02-05,1.36720002
2009-02-06,1.35979998
2009-02-09,1.35230005
2009-02-10,1.30139995
2009-02-11,1.31640005
2009-02-12,1.32179999
2009-02-13,1.29999995
2009-02-17,1.18640006
2009-02-18,1.14690006
2009-02-19,1.20449996
2009-02-20,1.19669998
2009-02-23,1.17540002
2009-02-24,1.20819998
2009-02-25,1.23769999
2009-02-26,1.29410005
2009-02-27,1.26590002
2009-03-02,1.15120006
2009-03-03,1.17960000
2009-03-04,1.21449995
2009-03-05,1.15980005
2009-03-06,1.22940004
2009-03-09,1.21539998
2009-03-10,1.19869995
2009-03-11,1.13310003
2009-03-12,1.22640002
2009-03-13,1.19719994
2009-03-16,1.21300006
2009-03-17,1.27470005
2009-03-18,1.26400006
2009-03-19,1.35630000
2009-03-20,1.38339996
2009-03-23,1.47070003
2009-03-24,1.49960005
2009-03-25,1.46469998
2009-03-26,1.48130000
2009-03-27,1.43280005
2009-03-30,1.34259999
2009-03-31,1.34379995
2009-04-01,1.34580004
2009-04-02,1.43910003
2009-04-03,1.44599998
2009-04-06,1.41910005
2009-04-07,1.39030004
2009-04-08,1.39820004
2009-04-09,1.42879999
2009-04-13,1.39800000
2009-04-14,1.40230000
2009-04-15,1.40100002
2009-04-16,1.42180002
2009-04-17,1.42250001
2009-04-20,1.33159995
2009-04-21,1.34780002
2009-04-22,1.32990003
2009-04-23,1.31789994
2009-04-24,1.36829996
2009-04-27,1.32290006
2009-04-28,1.31669998
2009-04-29,1.32910001
2009-04-30,1.31470001
2009-05-01,1.38839996
2009-05-04,1.43449998
2009-05-05,1.42620003
2009-05-06,1.47130001
2009-05-07,1.48520005
2009-05-08,1.51839995
2009-05-11,1.50090003
2009-05-12,1.50699997
2009-05-13,1.49000001
2009-05-14,1.49469995
2009-05-15,1.41880000
2009-05-18,1.47570002
2009-05-19,1.48660004
2009-05-20,1.54110003
2009-05-21,1.52939999
2009-05-22,1.53799999
2009-05-26,1.54530001
2009-05-27,1.56169999
2009-05-28,1.60140002
2009-05-29,1.64189994
2009-06-01,1.77649999
2009-06-02,1.79789996
2009-06-03,1.73839998
2009-06-04,1.78400004
2009-06-05,1.77010000
2009-06-08,1.76789999
2009-06-09,1.80760002
2009-06-10,1.83260000
2009-06-11,1.85339999
2009-06-12,1.83749998
2009-06-15,1.81560004
2009-06-16,1.82500005
2009-06-17,1.86300004
2009-06-18,1.83700001
2009-06-19,1.78670001
2009-06-22,1.72749996
2009-06-23,1.76900005
2009-06-24,1.73810005
2009-06-25,1.77629995
2009-06-26,1.73029995
2009-06-29,1.78349996
2009-06-30,1.71800005
2009-07-01,1.76569998
2009-07-02,1.70159996
2009-07-06,1.62660003
2009-07-07,1.60070002
2009-07-08,1.53789997
2009-07-09,1.53439999
2009-07-10,1.53349996
2009-07-13,1.50380003
2009-07-14,1.51189995
2009-07-15,1.58210003
2009-07-16,1.59940004
2009-07-17,1.64100003
2009-07-20,1.68939996
2009-07-21,1.69840002
2009-07-22,1.71120000
2009-07-23,1.76440001
2009-07-24,1.78129995
2009-07-27,1.79659998
2009-07-28,1.76470006
2009-07-29,1.67130005
2009-07-30,1.76870000
2009-07-31,1.79380000
2009-08-03,1.87129998
2009-08-04,1.90139997
2009-08-05,1.95690000
2009-08-06,1.93669999
2009-08-07,1.91219997
2009-08-10,1.92760003
2009-08-11,1.91170001
2009-08-12,1.89209998
2009-08-13,1.90279996
2009-08-14,1.84099996
2009-08-17,1.82650006
2009-08-18,1.86500001
2009-08-19,1.91869998
2009-08-20,1.88520002
2009-08-21,1.90489995
2009-08-24,1.92340004
2009-08-25,1.85590005
2009-08-26,1.85200000
2009-08-27,1.85920000
2009-08-28,1.86029994
2009-08-31,1.77919996
2009-09-01,1.75890005
2009-09-02,1.75049996
2009-09-03,1.73500001
2009-09-04,1.72049999
2009-09-08,1.78250003
2009-09-09,1.79439998
2009-09-10,1.78849995
2009-09-11,1.73080003
2009-09-14,1.74220002
2009-09-15,1.78009999
2009-09-16,1.82579994
2009-09-17,1.84089994
2009-09-18,1.82790005
2009-09-21,1.75170004
2009-09-22,1.81210005
2009-09-23,1.75940001
2009-09-24,1.68139994
2009-09-25,1.67709994
2009-09-28,1.69089997
2009-09-29,1.70060003
2009-09-30,1.79600000
2009-10-01,1.82739997
2009-10-02,1.79680002
2009-10-05,1.79159999
2009-10-06,1.81420004
2009-10-07,1.78110003
2009-10-08,1.84689999
2009-10-09,1.85280001
2009-10-12,1.89440000
2009-10-13,1.92340004
2009-10-14,1.94270003
2009-10-15,2.01810002
2009-10-16,2.02970004
2009-10-19,2.05220008
2009-10-20,2.04730010
2009-10-21,2.10529995
2009-10-22,2.09459996
2009-10-23,2.07559991
2009-10-26,2.03349996
2009-10-27,2.05509996
2009-10-28,1.99689996
2009-10-29,2.05419993
2009-10-30,1.98109996
2009-11-02,2.04600000
2009-11-03,2.07329988
2009-11-04,2.09019995
2009-11-05,2.05760002
2009-11-06,2.00349998
2009-11-09,2.06270003
2009-11-10,2.05229998
2009-11-11,2.05579996
2009-11-12,1.99100006
2009-11-13,1.96609998
2009-11-16,2.03200006
2009-11-17,2.05850005
2009-11-18,2.04859996
2009-11-19,1.99640000
2009-11-20,1.97560000
2009-11-23,1.97990000
2009-11-24,1.94970000
2009-11-25,1.99010003
2009-11-27,1.96220005
2009-11-30,2.01810002
2009-12-01,2.07800007
2009-12-02,2.03640008
2009-12-03,2.04949999
2009-12-04,2.02679992
2009-12-07,2.00970006
2009-12-08,1.99090004
2009-12-09,1.90929997
2009-12-10,1.90289998
2009-12-11,1.90849996
2009-12-14,1.90820003
2009-12-15,1.90330005
2009-12-16,1.96580005
2009-12-17,1.95739996
2009-12-18,1.95669997
2009-12-21,1.94519997
2009-12-22,1.94860005
2009-12-23,2.01180005
2009-12-24,2.03559995
2009-12-28,2.07349992
2009-12-29,2.10279989
2009-12-30,2.10929990
2009-12-31,2.11879992
2010-01-04,2.19050002
2010-01-05,2.19409990
2010-01-06,2.20320010
2010-01-07,2.18359995
2010-01-08,2.20029998
2010-01-11,2.18009996
2010-01-12,2.13179994
2010-01-13,2.09459996
2010-01-14,2.08290005
2010-01-15,2.04600000
2010-01-19,2.04539990
2010-01-20,2.02110004
2010-01-21,1.98559999
2010-01-22,1.94159997
2010-01-25,1.96580005
2010-01-26,1.95079994
2010-01-27,1.91680002
2010-01-28,1.91910005
2010-01-29,1.90289998
2010-02-01,1.95490003
2010-02-02,2.03169990
2010-02-03,2.01939988
2010-02-04,1.93519998
2010-02-05,1.87479997
2010-02-08,1.88549995
2010-02-09,1.93729997
2010-02-10,1.94690001
2010-02-11,1.96300006
2010-02-12,1.91890001
2010-02-16,1.99629998
2010-02-17,2.00670004
2010-02-18,2.05159998
2010-02-19,2.06990004
2010-02-22,2.07879996
2010-02-23,2.03230000
2010-02-24,2.04209995
2010-02-25,1.98619998
2010-02-26,2.02489996
2010-03-01,2.02349997
2010-03-02,2.05609989
2010-03-03,2.09369993
2010-03-04,2.06870008
2010-03-05,2.09739995
2010-03-08,2.10549998
2010-03-09,2.08979988
2010-03-10,2.11619997
2010-03-11,2.11500001
2010-03-12,2.09400010
2010-03-15,2.05760002
2010-03-16,2.11430001
2010-03-17,2.13949990
2010-03-18,2.11910009
2010-03-19,2.07669997
2010-03-22,2.08369994
2010-03-23,2.10179996
2010-03-24,2.07069993
2010-03-25,2.06929994
2010-03-26,2.06970000
2010-03-29,2.11879992
2010-03-30,2.12470007
2010-03-31,2.16459990
2010-04-01,2.21670008
2010-04-05,2.26749992
2010-04-06,2.26830006
2010-04-07,2.24390006
2010-04-08,2.22819996
2010-04-09,2.22600007
2010-04-12,2.21889997
2010-04-13,2.21420002
2010-04-14,2.24210000
2010-04-15,2.25230002
2010-04-16,2.21690011
2010-04-19,2.15680003
2010-04-20,2.18020010
2010-04-21,2.20580006
2010-04-22,2.21499991
2010-04-23,2.25049996
2010-04-26,2.23709989
2010-04-27,2.23029995
2010-04-28,2.22900009
2010-04-29,2.25119996
2010-04-30,2.28850007
2010-05-03,2.34509993
2010-05-04,2.25950003
2010-05-05,2.18449998
2010-05-06,2.11369991
2010-05-07,2.07949996
2010-05-10,2.12019992
2010-05-11,2.14010000
2010-05-12,2.15910006
2010-05-13,2.13190007
2010-05-14,2.06060004
2010-05-17,1.98520005
2010-05-18,1.96150005
2010-05-19,1.94519997
2010-05-20,1.90190005
2010-05-21,1.89670002
2010-05-24,1.89929998
2010-05-25,1.87170005
2010-05-26,1.92069995
2010-05-27,1.99940002
2010-05-28,1.98020005
2010-06-01,1.97039998
2010-06-02,2.00589991
2010-06-03,2.03909993
2010-06-04,1.95770001
2010-06-07,1.96829998
2010-06-08,1.96529996
2010-06-09,2.00959992
2010-06-10,2.03279996
2010-06-11,2.00530005
2010-06-14,2.02589989
2010-06-15,2.06850004
2010-06-16,2.11010003
2010-06-17,2.14739990
2010-06-18,2.12890005
2010-06-21,2.14590001
2010-06-22,2.11290002
2010-06-23,2.06839991
2010-06-24,2.05719995
2010-06-25,2.11220002
2010-06-28,2.09330010
2010-06-29,2.02130008
2010-06-30,1.98169994
2010-07-01,1.93850005
2010-07-02,1.91550004
2010-07-06,1.91719997
2010-07-07,1.97870004
2010-07-08,2.00530005
2010-07-09,2.02570009
2010-07-12,1.99129999
2010-07-13,2.04740000
2010-07-14,2.03609991
2010-07-15,2.01830006
2010-07-16,2.01130009
2010-07-19,2.01699996
2010-07-20,2.02469993
2010-07-21,1.98920000
2010-07-22,2.06240010
2010-07-23,2.05049992
2010-07-26,2.04259992
2010-07-27,1.99940002
2010-07-28,1.99640000
2010-07-29,2.03719997
2010-07-30,2.04270005
2010-08-02,2.15380001
2010-08-03,2.20000005
2010-08-04,2.20219994
2010-08-05,2.18680000
2010-08-06,2.14720011
2010-08-09,2.15380001
2010-08-10,2.12540007
2010-08-11,2.07520008
2010-08-12,2.00149989
2010-08-13,1.99559999
2010-08-16,1.98880005
2010-08-17,2.02589989
2010-08-18,2.02489996
2010-08-19,2.00070000
2010-08-20,1.97099996
2010-08-23,1.95539999
2010-08-24,1.93570006
2010-08-25,1.97060001
2010-08-26,2.00920010
2010-08-27,2.04430008
2010-08-30,2.02519989
2010-08-31,1.99440002
2010-09-01,2.04110003
2010-09-02,2.06229997
2010-09-03,2.05730009
2010-09-07,2.07430005
2010-09-08,2.08170009
2010-09-09,2.06839991
2010-09-10,2.10439992
2010-09-13,2.12269998
2010-09-14,2.12879992
2010-09-15,2.13260007
2010-09-16,2.09899998
2010-09-17,2.09920001
2010-09-20,2.13940001
2010-09-21,2.11989999
2010-09-22,2.10700011
2010-09-23,2.11450005
2010-09-24,2.13059998
2010-09-27,2.12280011
2010-09-28,2.12450004
2010-09-29,2.19050002
2010-09-30,2.24399996
2010-10-01,2.29380012
2010-10-04,2.28469992
2010-10-05,2.30259991
2010-10-06,2.30780005
2010-10-07,2.25180006
2010-10-08,2.28189993
2010-10-11,2.27900004
2010-10-12,2.26250005
2010-10-13,2.30069995
2010-10-14,2.28390002
2010-10-15,2.23079991
2010-10-18,2.27609992
2010-10-19,2.18930006
2010-10-20,2.25480008
2010-10-21,2.21449995
2010-10-22,2.25160003
2010-10-25,2.25500011
2010-10-26,2.25000000
2010-10-27,2.23830009
2010-10-28,2.24349999
2010-10-29,2.22009993
2010-11-01,2.27769995
2010-11-02,2.29360008
2010-11-03,2.32789993
2010-11-04,2.37310004
2010-11-05,2.38479996
2010-11-08,2.39770007
2010-11-09,2.40669990
2010-11-10,2.44190001
2010-11-11,2.42659998
2010-11-12,2.36319995
2010-11-15,2.37089992
2010-11-16,2.30900002
2010-11-17,2.25189996
2010-11-18,2.29509997
2010-11-19,2.27440000
2010-11-22,2.26859999
2010-11-23,2.24959993
2010-11-24,2.32550001
2010-11-26,2.31620002
2010-11-29,2.35809994
2010-11-30,2.31690001
2010-12-01,2.40560007
2010-12-02,2.45460010
2010-12-03,2.48740005
2010-12-06,2.47569990
2010-12-07,2.47020006
2010-12-08,2.46070004
2010-12-09,2.46679997
2010-12-10,2.45749998
2010-12-13,2.46519995
2010-12-14,2.46790004
2010-12-15,2.48350000
2010-12-16,2.47630000
2010-12-17,2.47370005
2010-12-20,2.48950005
2010-12-21,2.51640010
2010-12-22,2.52850008
2010-12-23,2.54080009
2010-12-27,2.51659989
2010-12-28,2.52430010
2010-12-29,2.52150011
2010-12-30,2.48539996
2010-12-31,2.54369998
2011-01-03,2.55279994
2011-01-04,2.50650001
2011-01-05,2.54220009
2011-01-06,2.51119995
2011-01-07,2.48629999
2011-01-10,2.55609989
2011-01-11,2.60879993
2011-01-12,2.61859989
2011-01-13,2.60910010
2011-01-14,2.64520001
2011-01-18,2.64590001
2011-01-19,2.65619993
2011-01-20,2.62319994
2011-01-21,2.65079999
2011-01-24,2.61929989
2011-01-25,2.59290004
2011-01-26,2.66980004
2011-01-27,2.65459991
2011-01-28,2.69020009
2011-01-31,2.74679995
2011-02-01,2.75699997
2011-02-02,2.78069997
2011-02-03,2.76740003
2011-02-04,2.71670008
2011-02-07,2.70609999
2011-02-08,2.73180008
2011-02-09,2.76889992
2011-02-10,2.71070004
2011-02-11,2.69580007
2011-02-14,2.75040007
2011-02-15,2.72900009
2011-02-16,2.77480006
2011-02-17,2.73239994
2011-02-18,2.71289992
2011-02-22,2.79239988
2011-02-23,2.90490007
2011-02-24,2.87730002
2011-02-25,2.93090010
2011-02-28,2.92580009
2011-03-01,3.02349997
2011-03-02,3.05769992
2011-03-03,3.04929996
2011-03-04,3.08929992
2011-03-07,3.06570005
2011-03-08,3.01110005
2011-03-09,3.07069993
2011-03-10,3.04489994
2011-03-11,3.02900004
2011-03-14,3.06380010
2011-03-15,2.95379996
2011-03-16,2.99720001
2011-03-17,3.06489992
2011-03-18,3.02430010
2011-03-21,3.05250001
2011-03-22,3.07620001
2011-03-23,3.05500007
2011-03-24,3.06200004
2011-03-25,3.05480003
2011-03-28,3.02489996
2011-03-29,3.04150009
2011-03-30,3.03959990
2011-03-31,3.08979988
2011-04-01,3.13450003
2011-04-04,3.17140007
2011-04-05,3.18499994
2011-04-06,3.19120002
2011-04-07,3.20600009
2011-04-08,3.31970000
2011-04-11,3.25250006
2011-04-12,3.17260003
2011-04-13,3.20280004
2011-04-14,3.18899989
2011-04-15,3.22420001
2011-04-18,3.18280005
2011-04-19,3.15849996
2011-04-20,3.22140002
2011-04-21,3.19919991
2011-04-25,3.18199992
2011-04-26,3.21110010
2011-04-27,3.23340011
2011-04-28,3.23160005
2011-04-29,3.25580001
2011-05-02,3.25209999
2011-05-03,3.19079995
2011-05-04,3.14299989
2011-05-05,2.88689995
2011-05-06,2.84570003
2011-05-09,2.96180010
2011-05-10,3.00119996
2011-05-11,2.89829993
2011-05-12,2.91370010
2011-05-13,2.94219995
2011-05-16,2.87439990
2011-05-17,2.84509993
2011-05-18,2.90590000
2011-05-19,2.89470005
2011-05-20,2.91829991
2011-05-23,2.84710002
2011-05-24,2.90969992
2011-05-25,2.98029995
2011-05-26,2.98289990
2011-05-27,2.99049997
2011-05-31,3.05629992
2011-06-01,3.00869989
2011-06-02,3.04390001
2011-06-03,3.05669999
2011-06-06,3.01740003
2011-06-07,3.07699990
2011-06-08,3.09369993
2011-06-09,3.13779998
2011-06-10,3.10509992
2011-06-13,3.10579991
2011-06-14,3.12579989
2011-06-15,2.98480010
2011-06-16,3.00379992
2011-06-17,2.98329997
2011-06-20,2.93199992
2011-06-21,2.89000010
2011-06-22,2.95490003
2011-06-23,2.78169990
2011-06-24,2.75029993
2011-06-27,2.76489997
2011-06-28,2.82570004
2011-06-29,2.92020011
2011-06-30,2.93269992
2011-07-01,2.92449999
2011-07-05,2.95659995
2011-07-06,2.96329999
2011-07-07,3.10200000
2011-07-08,3.09640002
2011-07-11,3.08750010
2011-07-12,3.08759999
2011-07-13,3.09969997
2011-07-14,3.08489990
2011-07-15,3.11800003
2011-07-18,3.07769990
2011-07-19,3.09800005
2011-07-20,3.11840010
2011-07-21,3.09920001
2011-07-22,3.12800002
2011-07-25,3.10780001
2011-07-26,3.11339998
2011-07-27,3.08260012
2011-07-28,3.10520005
2011-07-29,3.09619999
2011-08-01,3.09739995
2011-08-02,3.09159994
2011-08-03,3.01889992
2011-08-04,2.89389992
2011-08-05,2.94169998
2011-08-08,2.80170012
2011-08-09,2.76480007
2011-08-10,2.86529994
2011-08-11,2.89919996
2011-08-12,2.90370011
2011-08-15,2.94409990
2011-08-16,2.93260002
2011-08-17,2.96160007
2011-08-18,2.87479997
2011-08-19,2.90450001
2011-08-22,2.91070008
2011-08-23,2.94250011
2011-08-24,2.96070004
2011-08-25,2.98550010
2011-08-26,3.01009989
2011-08-29,3.01020002
2011-08-30,3.06920004
2011-08-31,3.07820010
2011-09-01,3.05180001
2011-09-02,2.99740005
2011-09-06,3.01020002
2011-09-07,3.07559991
2011-09-08,3.04430008
2011-09-09,2.98580003
2011-09-12,2.94749999
2011-09-13,2.93610001
2011-09-14,2.94499993
2011-09-15,3.02460003
2011-09-16,3.00889993
2011-09-19,2.94470000
2011-09-20,2.96160007
2011-09-21,2.93420005
2011-09-22,2.84850001
2011-09-23,2.79579997
2011-09-26,2.79150009
2011-09-27,2.87660003
2011-09-28,2.81839991
2011-09-29,2.81809998
2011-09-30,2.79480004
2011-10-03,2.75289989
2011-10-04,2.72340012
2011-10-05,2.77659988
2011-10-06,2.86109996
2011-10-07,2.85879993
2011-10-10,2.90389991
2011-10-11,2.90409994
2011-10-12,2.93470001
2011-10-13,2.97140002
2011-10-14,3.05579996
2011-10-17,3.01360011
2011-10-18,3.02769995
2011-10-19,2.98119998
2011-10-20,3.03010011
2011-10-21,3.01749992
2011-10-24,3.05460000
2011-10-25,3.05019999
2011-10-26,3.01580000
2011-10-27,3.09840012
2011-10-28,3.05920005
2011-10-31,3.04290009
2011-11-01,3.03789997
2011-11-02,3.00070000
2011-11-03,3.03810000
2011-11-04,3.07069993
2011-11-07,3.11980009
2011-11-08,3.11610007
2011-11-09,3.09859991
2011-11-10,3.15109992
2011-11-11,3.17160010
2011-11-14,3.16219997
2011-11-15,3.17129993
2011-11-16,3.13459992
2011-11-17,3.08319998
2011-11-18,3.03250003
2011-11-21,2.99429989
2011-11-22,3.03460002
2011-11-23,2.95910001
2011-11-25,2.92729998
2011-11-28,2.96989989
2011-11-29,3.02110004
2011-11-30,3.02139997
2011-12-01,2.96950006
2011-12-02,2.99000001
2011-12-05,2.99239993
2011-12-06,3.02169991
2011-12-07,2.98239994
2011-12-08,2.92980003
2011-12-09,2.91249990
2011-12-12,2.89610004
2011-12-13,2.92880011
2011-12-14,2.82990003
2011-12-15,2.82249999
2011-12-16,2.80049992
2011-12-19,2.78040004
2011-12-20,2.84940004
2011-12-21,2.90869999
2011-12-22,2.90759993
2011-12-23,2.89070010
2011-12-27,2.90849996
2011-12-28,2.89339995
2011-12-29,2.91750002
2011-12-30,2.93499994
2012-01-03,3.03819990
2012-01-04,3.08990002
2012-01-05,3.03880000
2012-01-06,3.07019997
2012-01-09,3.07299995
2012-01-10,3.10139990
2012-01-11,3.06459999
2012-01-12,3.05410004
2012-01-13,3.02719998
2012-01-17,3.03719997
2012-01-18,3.01340008
2012-01-19,3.03600001
2012-01-20,2.98839998
2012-01-23,3.00979996
2012-01-24,3.02419996
2012-01-25,3.01920009
2012-01-26,3.05349994
2012-01-27,3.07040000
2012-01-30,3.05180001
2012-01-31,3.06279993
2012-02-01,3.04550004
2012-02-02,3.05290008
2012-02-03,3.11439991
2012-02-06,3.17070007
2012-02-07,3.19090009
2012-02-08,3.18950009
2012-02-09,3.20849991
2012-02-10,3.18210006
2012-02-13,3.16000009
2012-02-14,3.16479993
2012-02-15,3.19160008
2012-02-16,3.20970011
2012-02-17,3.18889999
2012-02-21,3.23930001
2012-02-22,3.27239990
2012-02-23,3.29489994
2012-02-24,3.31590009
2012-02-27,3.28640008
2012-02-28,3.22379994
2012-02-29,3.18799996
2012-03-01,3.27530003
2012-03-02,3.20180011
2012-03-05,3.21740007
2012-03-06,3.18820000
2012-03-07,3.21939993
2012-03-08,3.26950002
2012-03-09,3.26379991
2012-03-12,3.24289989
2012-03-13,3.27119994
2012-03-14,3.26180005
2012-03-15,3.22250009
2012-03-16,3.28189993
2012-03-19,3.26130009
2012-03-20,3.23670006
2012-03-21,3.21620011
2012-03-22,3.17869997
2012-03-23,3.21009994
2012-03-26,3.22880006
2012-03-27,3.21860003
2012-03-28,3.20790005
2012-03-29,3.15890002
2012-03-30,3.16840005
2012-04-02,3.24959993
2012-04-03,3.22749996
2012-04-04,3.16090012
2012-04-05,3.16919994
2012-04-09,3.14590001
2012-04-10,3.09570003
2012-04-11,3.11490011
2012-04-12,3.16630006
2012-04-13,3.17459989
2012-04-16,3.11660004
2012-04-17,3.12660003
2012-04-18,3.11820006
2012-04-19,3.12509990
2012-04-20,3.13759995
2012-04-23,3.13980007
2012-04-24,3.12949991
2012-04-25,3.16109991
2012-04-26,3.19440007
2012-04-27,3.18070006
2012-04-30,3.18339992
2012-05-01,3.17709994
2012-05-02,3.14249992
2012-05-03,3.08690000
2012-05-04,3.00880003
2012-05-07,2.98140001
2012-05-08,2.99009991
2012-05-09,2.99909997
2012-05-10,2.98340011
2012-05-11,2.96359992
2012-05-14,2.92950010
2012-05-15,2.93300009
2012-05-16,2.89759994
2012-05-17,2.84899998
2012-05-18,2.82999992
2012-05-21,2.86030006
2012-05-22,2.86139989
2012-05-23,2.81209993
2012-05-24,2.82189989
2012-05-25,2.82879996
2012-05-29,2.80879998
2012-05-30,2.73979998
2012-05-31,2.70619988
2012-06-01,2.62789989
2012-06-04,2.62689996
2012-06-05,2.63360000
2012-06-06,2.67170000
2012-06-07,2.66709995
2012-06-08,2.67210007
2012-06-11,2.63569999
2012-06-12,2.62150002
2012-06-13,2.61089993
2012-06-14,2.62779999
2012-06-15,2.64650011
2012-06-18,2.61770010
2012-06-19,2.63509989
2012-06-20,2.58739996
2012-06-21,2.52530003
2012-06-22,2.53369999
2012-06-25,2.53850007
2012-06-26,2.57649994
2012-06-27,2.59369993
2012-06-28,2.55189991
2012-06-29,2.69600010
2012-07-02,2.67589998
2012-07-03,2.75850010
2012-07-05,2.76839995
2012-07-06,2.70989990
2012-07-09,2.74900007
2012-07-10,2.71950006
2012-07-11,2.76180005
2012-07-12,2.77329993
2012-07-13,2.78819990
2012-07-16,2.82769990
2012-07-17,2.84220004
2012-07-18,2.87759995
2012-07-19,2.94700003
2012-07-20,2.92429996
2012-07-23,2.81890011
2012-07-24,2.82439995
2012-07-25,2.84400010
2012-07-26,2.86849999
2012-07-27,2.88949990
2012-07-30,2.87910008
2012-07-31,2.84170008
2012-08-01,2.85879993
2012-08-02,2.84229994
2012-08-03,2.92610002
2012-08-06,2.94090009
2012-08-07,2.99799991
2012-08-08,3.01589990
2012-08-09,3.04500008
2012-08-10,3.02049994
2012-08-13,3.01830006
2012-08-14,3.03460002
2012-08-15,3.08520007
2012-08-16,3.12290001
2012-08-17,3.09260011
2012-08-20,3.09310007
2012-08-21,3.12430000
2012-08-22,3.12870002
2012-08-23,3.13299990
2012-08-24,3.11010003
2012-08-27,3.11179996
2012-08-28,3.12030005
2012-08-29,3.11570001
2012-08-30,3.12450004
2012-08-31,3.16960001
2012-09-04,3.14680004
2012-09-05,3.11759996
2012-09-06,3.14249992
2012-09-07,3.14890003
2012-09-10,3.16680002
2012-09-11,3.18569994
2012-09-12,3.21519995
2012-09-13,3.21129990
2012-09-14,3.23950005
2012-09-17,3.16339993
2012-09-18,3.12709999
2012-09-19,3.04399991
2012-09-20,3.09750009
2012-09-21,3.12069988
2012-09-24,3.09870005
2012-09-25,3.10859990
2012-09-26,3.10680008
2012-09-27,3.15730000
2012-09-28,3.16939998
2012-10-01,3.13579988
2012-10-02,3.12549996
2012-10-03,3.06640005
2012-10-04,3.18840003
2012-10-05,3.15590000
2012-10-08,3.14429998
2012-10-09,3.20320010
2012-10-10,3.21309996
2012-10-11,3.25710011
2012-10-12,3.22390008
2012-10-15,3.20910001
2012-10-16,3.19849992
2012-10-17,3.18939996
2012-10-18,3.18659997
2012-10-19,3.13450003
2012-10-22,3.07669997
2012-10-23,3.04340005
2012-10-24,3.03940010
2012-10-25,3.06209993
2012-10-26,3.09780002
2012-10-31,3.06820011
2012-11-01,3.03320003
2012-11-02,2.94740009
2012-11-05,2.98289990
2012-11-06,3.05290008
2012-11-07,2.96210003
2012-11-08,2.95539999
2012-11-09,3.00550008
2012-11-12,2.99920011
2012-11-13,2.96079993
2012-11-14,2.98819995
2012-11-15,2.97350001
2012-11-16,2.98679996
2012-11-19,3.07509995
2012-11-20,3.03920007
2012-11-21,3.07220006
2012-11-23,3.07710004
2012-11-26,3.04649997
2012-11-27,3.00939989
2012-11-28,3.00799990
2012-11-29,3.04060006
2012-11-30,3.04130006
2012-12-03,3.05620003
2012-12-04,3.00399995
2012-12-05,2.99070001
2012-12-06,2.94320011
2012-12-07,2.91529989
2012-12-10,2.89619994
2012-12-11,2.92700005
2012-12-12,2.96679997
2012-12-13,2.94370008
2012-12-14,2.98070002
2012-12-17,2.95630002
2012-12-18,2.99650002
2012-12-19,3.03559995
2012-12-20,3.05749989
2012-12-21,3.02239990
2012-12-24,3.00219989
2012-12-26,3.05130005
2012-12-27,3.07229996
2012-12-28,3.04480004
2012-12-31,3.04509997
2013-01-02,3.04629993
2013-01-03,3.02509999
2013-01-04,3.01769996
2013-01-07,3.03209996
2013-01-08,3.05850005
2013-01-09,3.06990004
2013-01-10,3.05430007
2013-01-11,3.00850010
2013-01-14,3.06250000
2013-01-15,3.01130009
2013-01-16,2.99909997
2013-01-17,3.02119994
2013-01-18,3.05250001
2013-01-22,3.06820011
2013-01-23,3.07809997
2013-01-24,3.08640003
2013-01-25,3.05679989
2013-01-28,3.06159997
2013-01-29,3.10920000
2013-01-30,3.11730003
2013-01-31,3.12980008
2013-02-01,3.16059995
2013-02-04,3.15400004
2013-02-05,3.19129992
2013-02-06,3.18580008
2013-02-07,3.19950008
2013-02-08,3.23839998
2013-02-11,3.23149991
2013-02-12,3.23620009
2013-02-13,3.21880007
2013-02-14,3.22370005
2013-02-15,3.21040010
2013-02-19,3.18059993
2013-02-20,3.15630007
2013-02-21,3.09570003
2013-02-22,3.10419989
2013-02-25,3.09890008
2013-02-26,3.03169990
2013-02-27,2.98790002
2013-02-28,2.97189999
2013-03-01,2.93009996
2013-03-04,2.91910005
2013-03-05,2.97300005
2013-03-06,2.97560000
2013-03-07,2.97950006
2013-03-08,2.97490001
2013-03-11,2.96910000
2013-03-12,2.94840002
2013-03-13,2.92420006
2013-03-14,2.92950010
2013-03-15,2.93899989
2013-03-18,2.92670012
2013-03-19,2.86409998
2013-03-20,2.89210010
2013-03-21,2.89630008
2013-03-22,2.88429999
2013-03-25,2.87719989
2013-03-26,2.88129997
2013-03-27,2.91540003
2013-04-01,3.06870008
2013-04-02,3.08739996
2013-04-03,3.00200009
2013-04-04,2.96359992
2013-04-05,2.90980005
2013-04-08,2.95370007
2013-04-09,2.96129990
2013-04-10,2.94790006
2013-04-11,2.89910007
2013-04-12,2.87179995
2013-04-15,2.82920003
2013-04-16,2.80649996
2013-04-17,2.73460007
2013-04-18,2.77909994
2013-04-19,2.78760004
2013-04-22,2.80940008
2013-04-23,2.81170011
2013-04-24,2.84130001
2013-04-25,2.90170002
2013-04-26,2.90120006
2013-04-29,2.90070009
2013-04-30,2.87339997
2013-05-01,2.78889990
2013-05-02,2.85549998
2013-05-03,2.88439989
2013-05-06,2.92020011
2013-05-07,2.92770004
2013-05-08,2.91470003
2013-05-09,2.93659997
2013-05-10,2.90619993
2013-05-13,2.89100003
2013-05-14,2.87299991
2013-05-15,2.88010001
2013-05-16,2.90869999
2013-05-17,2.93700004
2013-05-20,2.95079994
2013-05-21,2.92899990
2013-05-22,2.87360001
2013-05-23,2.85999990
2013-05-24,2.85689998
2013-05-28,2.90660000
2013-05-29,2.86949992
2013-05-30,2.84310007
2013-05-31,2.79229999
2013-06-03,2.83340001
2013-06-04,2.86490011
2013-06-05,2.85540009
2013-06-06,2.87140012
2013-06-07,2.89310002
2013-06-10,2.88380003
2013-06-11,2.85750008
2013-06-12,2.89520001
2013-06-13,2.93950009
2013-06-14,2.96219993
2013-06-17,2.95029998
2013-06-18,2.96169996
2013-06-19,2.97250009
2013-06-20,2.87220001
2013-06-21,2.84410000
2013-06-24,2.85470009
2013-06-25,2.85840011
2013-06-26,2.85430002
2013-06-27,2.88940001
2013-06-28,2.87980008
2013-07-01,2.87360001
2013-07-02,2.90140009
2013-07-03,2.95120001
2013-07-05,2.98970008
2013-07-08,2.98009992
2013-07-09,2.98569989
2013-07-10,3.00169992
2013-07-11,2.99499989
2013-07-12,3.02940011
2013-07-15,3.02609992
2013-07-16,3.04690003
2013-07-17,3.07119989
2013-07-18,3.10069990
2013-07-19,3.08940005
2013-07-22,3.06640005
2013-07-23,3.06929994
2013-07-24,3.04699993
2013-07-25,3.03500009
2013-07-26,3.01009989
2013-07-29,3.01620007
2013-07-30,3.00670004
2013-07-31,3.04310012
2013-08-01,3.09660006
2013-08-02,3.07139993
2013-08-05,3.05220008
2013-08-06,3.00830007
2013-08-07,2.96420002
2013-08-08,2.95740008
2013-08-09,2.99349999
2013-08-12,3.02090001
2013-08-13,3.04710007
2013-08-14,3.04780006
2013-08-15,3.07279992
2013-08-16,3.08310008
2013-08-19,3.07100010
2013-08-20,3.07839990
2013-08-21,3.07680011
2013-08-22,3.06990004
2013-08-23,3.09500003
2013-08-26,3.07900000
2013-08-27,3.16090012
2013-08-28,3.20830011
2013-08-29,3.18490005
2013-08-30,3.13960004
2013-09-03,3.14829993
2013-09-04,3.13709998
2013-09-05,3.13969994
2013-09-06,3.16370010
2013-09-09,3.11829996
2013-09-10,3.06680012
2013-09-11,3.07179999
2013-09-12,3.11640000
2013-09-13,3.11369991
2013-09-16,3.06369996
2013-09-17,2.99830008
2013-09-18,3.04049993
2013-09-19,3.00399995
2013-09-20,3.00419998
2013-09-23,2.95619988
2013-09-24,2.96099997
2013-09-25,2.97309995
2013-09-26,3.00370002
2013-09-27,2.99009991
2013-09-30,2.97099996
2013-10-01,2.95530009
2013-10-02,2.99270010
2013-10-03,3.00329995
2013-10-04,2.99900007
2013-10-07,3.00929999
2013-10-08,3.03250003
2013-10-09,3.01740003
2013-10-10,3.06999993
2013-10-11,3.03489995
2013-10-14,3.03169990
2013-10-15,3.01699996
2013-10-16,3.03929996
2013-10-17,2.99000001
2013-10-18,3.03539991
2013-10-21,3.01060009
2013-10-22,2.99729991
2013-10-23,2.92330003
2013-10-24,2.90030003
2013-10-25,2.90969992
2013-10-28,2.96440005
2013-10-29,2.96409988
2013-10-30,2.97860003
2013-10-31,2.96779990
2013-11-01,2.88220000
2013-11-04,2.87409997
2013-11-05,2.86409998
2013-11-06,2.86960006
2013-11-07,2.83920002
2013-11-08,2.87190008
2013-11-11,2.89129996
2013-11-12,2.85319996
2013-11-13,2.89770007
2013-11-14,2.93059993
2013-11-15,2.93889999
2013-11-18,2.92219996
2013-11-19,2.90580010
2013-11-20,2.95449996
2013-11-21,3.00670004
2013-11-22,3.04130006
2013-11-25,3.03209996
2013-11-26,3.04439998
2013-11-27,3.04690003
2013-11-29,3.04780006
2013-12-02,3.05010009
2013-12-03,3.06509995
2013-12-04,3.05909991
2013-12-05,3.04959989
2013-12-06,3.05649996
2013-12-09,3.01430011
2013-12-10,3.01729989
2013-12-11,3.02119994
2013-12-12,2.98009992
2013-12-13,2.97569990
2013-12-16,2.99020004
2013-12-17,2.96289992
2013-12-18,3.01009989
2013-12-19,3.03060007
2013-12-20,3.07809997
2013-12-23,3.06010008
2013-12-24,3.07830000
2013-12-26,3.09480000
2013-12-27,3.12409997
2013-12-30,3.07719994
2013-12-31,3.07719994
2014-01-02,2.98670006
2014-01-03,2.93939996
2014-01-06,2.93880010
2014-01-07,2.95930004
2014-01-08,2.94939995
2014-01-09,2.92140007
2014-01-10,2.94070005
2014-01-13,2.93330002
2014-01-14,2.93630004
2014-01-15,2.97959995
2014-01-16,2.98449993
2014-01-17,3.02370000
2014-01-21,3.01469994
2014-01-22,3.03789997
2014-01-23,3.07649994
2014-01-24,3.13739991
2014-01-27,3.09240007
2014-01-28,3.12179995
2014-01-29,3.18160009
2014-01-30,3.21700001
2014-01-31,3.27940011
2014-02-03,3.00749993
2014-02-04,2.98289990
2014-02-05,2.99679995
2014-02-06,2.99510002
2014-02-07,3.05029988
2014-02-10,2.99810004
2014-02-11,3.02810001
2014-02-12,3.01250005
2014-02-13,3.03069997
2014-02-14,3.07820010
2014-02-18,3.10170007
2014-02-19,3.14680004
2014-02-20,3.17770004
2014-02-21,3.09920001
2014-02-24,3.08719993
2014-02-25,3.10430002
2014-02-26,3.12809992
2014-02-27,3.08649993
2014-02-28,3.08929992
2014-03-03,3.08049989
2014-03-04,3.04069996
2014-03-05,2.99219990
2014-03-06,2.98300004
2014-03-07,3.01209998
2014-03-10,2.96740007
2014-03-11,2.96099997
2014-03-12,2.92549992
2014-03-13,2.91960001
2014-03-14,2.94309998
2014-03-17,2.89080000
2014-03-18,2.91549993
2014-03-19,2.90100002
2014-03-20,2.92129993
2014-03-21,2.92009997
2014-03-24,2.91160011
2014-03-25,2.92149997
2014-03-26,2.91939998
2014-03-27,2.94770002
2014-03-28,2.95790005
2014-03-31,2.93199992
2014-04-01,2.88779998
2014-04-02,2.86660004
2014-04-03,2.90619993
2014-04-04,2.90790009
2014-04-07,2.89070010
2014-04-08,2.93440008
2014-04-09,2.95400000
2014-04-10,2.93899989
2014-04-11,2.93319988
2014-04-14,2.97909999
2014-04-15,2.98699999
2014-04-16,3.01060009
2014-04-17,3.00819993
2014-04-21,3.01169991
2014-04-22,3.00259995
2014-04-23,2.98090005
2014-04-24,3.01449990
2014-04-25,2.98659992
2014-04-28,2.95190001
2014-04-29,2.97009993
2014-04-30,2.93490005
2014-05-01,2.91400003
2014-05-02,2.92230010
2014-05-05,2.90639997
2014-05-06,2.88770008
2014-05-07,2.92750001
2014-05-08,2.92020011
2014-05-09,2.90680003
2014-05-12,2.91849995
2014-05-13,2.94400001
2014-05-14,2.96259999
2014-05-15,2.95059991
2014-05-16,2.95359993
2014-05-19,2.94090009
2014-05-20,2.94919991
2014-05-21,2.95330000
2014-05-22,2.95070004
2014-05-23,2.95490003
2014-05-27,2.93989992
2014-05-28,2.93059993
2014-05-29,2.91899991
2014-05-30,2.88459992
2014-06-02,2.87730002
2014-06-03,2.86579990
2014-06-04,2.84809995
2014-06-05,2.87969995
2014-06-06,2.87120008
2014-06-09,2.89120007
2014-06-10,2.88409996
2014-06-11,2.90429997
2014-06-12,2.98930001
2014-06-13,2.98760009
2014-06-16,2.99790001
2014-06-17,3.01799989
2014-06-18,3.04010010
2014-06-19,3.05240011
2014-06-20,3.05119991
2014-06-23,3.03259993
2014-06-24,3.04159999
2014-06-25,3.02979994
2014-06-26,3.01379991
2014-06-27,2.99760008
2014-06-30,2.97079992
2014-07-01,2.97819996
2014-07-02,2.94610000
2014-07-03,2.92840004
2014-07-07,2.91450000
2014-07-08,2.87360001
2014-07-09,2.87109995
2014-07-10,2.89330006
2014-07-11,2.86089993
2014-07-14,2.87290001
2014-07-15,2.85549998
2014-07-16,2.85780001
2014-07-17,2.85920000
2014-07-18,2.84520006
2014-07-21,2.85879993
2014-07-22,2.85419989
2014-07-23,2.87540007
2014-07-24,2.87089992
2014-07-25,2.91569996
2014-07-28,2.88790011
2014-07-29,2.90669990
2014-07-30,2.89059997
2014-07-31,2.88660002
2014-08-01,2.86610007
2014-08-04,2.87120008
2014-08-05,2.84689999
2014-08-06,2.87610006
2014-08-07,2.89569998
2014-08-08,2.87689996
2014-08-11,2.87919998
2014-08-12,2.84500003
2014-08-13,2.90190005
2014-08-14,2.81949997
2014-08-15,2.84800005
2014-08-18,2.80599999
2014-08-19,2.81710005
2014-08-20,2.82579994
2014-08-21,2.83750010
2014-08-22,2.82789993
2014-08-25,2.83690000
2014-08-26,2.84419990
2014-08-27,2.86050010
2014-08-28,2.84899998
2014-08-29,2.85689998
2014-09-02,2.79670000
2014-09-03,2.86579990
2014-09-04,2.83629990
2014-09-05,2.81920004
2014-09-08,2.80940008
2014-09-09,2.79150009
2014-09-10,2.75329995
2014-09-11,2.75609994
2014-09-12,2.74049997
2014-09-15,2.73959994
2014-09-16,2.75629997
2014-09-17,2.74510002
2014-09-18,2.71230006
2014-09-19,2.71659994
2014-09-22,2.68709993
2014-09-23,2.68319988
2014-09-24,2.68889999
2014-09-25,2.69580007
2014-09-26,2.70050001
2014-09-29,2.70409989
2014-09-30,2.64720011
2014-10-01,2.65560007
2014-10-02,2.63800001
2014-10-03,2.61630011
2014-10-06,2.62129998
2014-10-07,2.60730004
2014-10-08,2.57590008
2014-10-09,2.53660011
2014-10-10,2.56019998
2014-10-13,2.55679989
2014-10-14,2.47219992
2014-10-15,2.45860004
2014-10-16,2.47029996
2014-10-17,2.49760008
2014-10-20,2.48559999
2014-10-21,2.51320004
2014-10-22,2.47340012
2014-10-23,2.49900007
2014-10-24,2.48189998
2014-10-27,2.47530007
2014-10-28,2.49309993
2014-10-29,2.53500009
2014-10-30,2.51279998
2014-10-31,2.51449990
2014-11-03,2.48990011
2014-11-04,2.44269991
2014-11-05,2.43869996
2014-11-06,2.45869994
2014-11-07,2.49950004
2014-11-10,2.46930003
2014-11-11,2.46869993
2014-11-12,2.44689989
2014-11-13,2.36209989
2014-11-14,2.41610003
2014-11-17,2.40389991
2014-11-18,2.38129997
2014-11-19,2.35899997
2014-11-20,2.38000011
2014-11-21,2.40450001
2014-11-24,2.39549994
2014-11-25,2.39479995
2014-11-26,2.39650011
2014-11-28,2.23079991
2014-12-01,2.21239996
2014-12-02,2.15440011
2014-12-03,2.13339996
2014-12-04,2.11770010
2014-12-05,2.10780001
2014-12-08,2.05489993
2014-12-09,2.08400011
2014-12-10,2.04640007
2014-12-11,2.06139994
2014-12-12,2.01600003
2014-12-15,2.00169992
2014-12-16,1.96000004
2014-12-17,2.00850010
2014-12-18,1.93869996
2014-12-19,1.96220005
2014-12-22,1.95140004
2014-12-23,1.99070001
2014-12-24,1.92359996
2014-12-26,1.90789998
2014-12-29,1.84909999
2014-12-30,1.86880004
2014-12-31,1.84660006
2015-01-02,1.79569995
2015-01-05,1.74919999
2015-01-06,1.72619998
2015-01-07,1.69990003
2015-01-08,1.71099997
2015-01-09,1.70299995
2015-01-12,1.65409994
2015-01-13,1.63300002
2015-01-14,1.65520000
2015-01-15,1.62329996
2015-01-16,1.66559994
2015-01-20,1.62660003
2015-01-21,1.64639997
2015-01-22,1.63789999
2015-01-23,1.64670002
2015-01-26,1.63979995
2015-01-27,1.66279995
2015-01-28,1.63180006
2015-01-29,1.61839998
2015-01-30,1.68630004
2015-02-02,1.75750005
2015-02-03,1.84650004
2015-02-04,1.76660001
2015-02-05,1.80589998
2015-02-06,1.83910000
2015-02-09,1.87290001
2015-02-10,1.83270001
2015-02-11,1.81410003
2015-02-12,1.91369998
2015-02-13,1.97140002
2015-02-17,1.97739995
2015-02-18,1.95940006
2015-02-19,1.99380004
2015-02-20,2.11179996
2015-02-23,2.21790004
2015-02-24,2.02889991
2015-02-25,2.10360003
2015-02-26,2.13579988
2015-02-27,2.29889989
2015-03-02,1.88730001
2015-03-03,1.93949997
2015-03-04,1.90129995
2015-03-05,1.87730002
2015-03-06,1.86899996
2015-03-09,1.83980000
2015-03-10,1.81350005
2015-03-11,1.82040000
2015-03-12,1.77909994
2015-03-13,1.71300006
2015-03-16,1.69860005
2015-03-17,1.69389999
2015-03-18,1.77250004
2015-03-19,1.72230005
2015-03-20,1.73430002
2015-03-23,1.73070002
2015-03-24,1.70650005
2015-03-25,1.72829998
2015-03-26,1.78760004
2015-03-27,1.72749996
2015-03-30,1.73119998
2015-03-31,1.71790004
2015-04-01,1.74689996
2015-04-02,1.68250000
2015-04-06,1.76429999
2015-04-07,1.78380001
2015-04-08,1.69809997
2015-04-09,1.72679996
2015-04-10,1.76610005
2015-04-13,1.78330004
2015-04-14,1.80170000
2015-04-15,1.88880002
2015-04-16,1.90799999
2015-04-17,1.88240004
2015-04-20,1.87709999
2015-04-21,1.85319996
2015-04-22,1.87080002
2015-04-23,1.92390001
2015-04-24,1.92830002
2015-04-27,1.92139995
2015-04-28,1.91659999
2015-04-29,1.94809997
2015-04-30,1.97630000
2015-05-01,1.98220003
2015-05-04,1.97870004
2015-05-05,2.01449990
2015-05-06,2.01609993
2015-05-07,1.96169996
2015-05-08,1.95369995
2015-05-11,1.94540000
2015-05-12,1.99890006
2015-05-13,2.00510001
2015-05-14,2.00559998
2015-05-15,2.00480008
2015-05-18,1.98679996
2015-05-19,1.92920005
2015-05-20,1.94599998
2015-05-21,1.98590004
2015-05-22,1.95249999
2015-05-26,1.90020001
2015-05-27,1.85660005
2015-05-28,1.87039995
2015-05-29,1.95529997
2015-06-01,1.92639995
2015-06-02,1.94550002
2015-06-03,1.89180005
2015-06-04,1.84389997
2015-06-05,1.86960006
2015-06-08,1.85479999
2015-06-09,1.91789997
2015-06-10,1.94589996
2015-06-11,1.92100000
2015-06-12,1.88919997
2015-06-15,1.87030005
2015-06-16,1.88489997
2015-06-17,1.90980005
2015-06-18,1.91520000
2015-06-19,1.86689997
2015-06-22,1.86940002
2015-06-23,1.91120005
2015-06-24,1.87609994
2015-06-25,1.86230004
2015-06-26,1.86280000
2015-06-29,1.83659995
2015-06-30,1.88660002
2015-07-01,1.83930004
2015-07-02,1.83990002
2015-07-06,1.70889997
2015-07-07,1.71130002
2015-07-08,1.71519995
2015-07-09,1.73599994
2015-07-10,1.73989999
2015-07-13,1.71870005
2015-07-14,1.72529995
2015-07-15,1.66929996
2015-07-16,1.66620004
2015-07-17,1.66410005
2015-07-20,1.65840006
2015-07-21,1.67840004
2015-07-22,1.67170000
2015-07-23,1.65460002
2015-07-24,1.63020003
2015-07-27,1.59560001
2015-07-28,1.60440004
2015-07-29,1.59829998
2015-07-30,1.59819996
2015-07-31,1.58399999
2015-08-03,1.53050005
2015-08-04,1.54750001
2015-08-05,1.53849995
2015-08-06,1.54990005
2015-08-07,1.54359996
2015-08-10,1.59210002
2015-08-11,1.56289995
2015-08-12,1.58690000
2015-08-13,1.56869996
2015-08-14,1.55789995
2015-08-17,1.55480003
2015-08-18,1.55859995
2015-08-19,1.51800001
2015-08-20,1.49559999
2015-08-21,1.46239996
2015-08-24,1.39289999
2015-08-25,1.39520001
2015-08-26,1.38090003
2015-08-27,1.49600005
2015-08-28,1.57640004
2015-08-31,1.67359996
2015-09-01,1.57790005
2015-09-02,1.60920000
2015-09-03,1.61880004
2015-09-04,1.59599996
2015-09-08,1.59379995
2015-09-09,1.53859997
2015-09-10,1.57470000
2015-09-11,1.54999995
2015-09-14,1.50349998
2015-09-15,1.50000000
2015-09-16,1.54139996
2015-09-17,1.52970004
2015-09-18,1.49070001
2015-09-21,1.51400006
2015-09-22,1.53199995
2015-09-23,1.50559998
2015-09-24,1.52370000
2015-09-25,1.52250004
2015-09-28,1.47720003
2015-09-29,1.49759996
2015-09-30,1.51259995
2015-10-01,1.51979995
2015-10-02,1.51989996
2015-10-05,1.54830003
2015-10-06,1.61150002
2015-10-07,1.57959998
2015-10-08,1.60179996
2015-10-09,1.59089994
2015-10-12,1.50240004
2015-10-13,1.47080004
2015-10-14,1.48329997
2015-10-15,1.48629999
2015-10-16,1.49660003
2015-10-19,1.44910002
2015-10-20,1.44869995
2015-10-21,1.45000005
2015-10-22,1.46500003
2015-10-23,1.45439994
2015-10-26,1.42589998
2015-10-27,1.42439997
2015-10-28,1.48389995
2015-10-29,1.47479999
2015-10-30,1.49940002
2015-11-02,1.50689995
2015-11-03,1.56599998
2015-11-04,1.50349998
2015-11-05,1.48720002
2015-11-06,1.48959994
2015-11-09,1.47739995
2015-11-10,1.48650002
2015-11-11,1.44770002
2015-11-12,1.40660000
2015-11-13,1.38129997
2015-11-16,1.38510001
2015-11-17,1.36810005
2015-11-18,1.38039994
2015-11-19,1.37179995
2015-11-20,1.37129998
2015-11-23,1.37430000
2015-11-24,1.39970005
2015-11-25,1.40269995
2015-11-27,1.35239995
2015-11-30,1.33690000
2015-12-01,1.36899996
2015-12-02,1.30490005
2015-12-03,1.35860002
2015-12-04,1.34239995
2015-12-07,1.27960002
2015-12-08,1.25919998
2015-12-09,1.23889995
2015-12-10,1.22510004
2015-12-11,1.14559996
2015-12-14,1.12769997
2015-12-15,1.14670002
2015-12-16,1.11220002
2015-12-17,1.10529995
2015-12-18,1.10710001
2015-12-21,1.10039997
2015-12-22,1.08759999
2015-12-23,1.11919999
2015-12-24,1.10090005
2015-12-28,1.09039998
2015-12-29,1.12950003
2015-12-30,1.07910001
2015-12-31,1.10070002
2016-01-04,1.12639999
2016-01-05,1.12530005
2016-01-06,1.08070004
2016-01-07,1.06560004
2016-01-08,1.05209994
2016-01-11,1.01489997
2016-01-12,0.99010003
2016-01-13,0.96939999
2016-01-14,0.98079997
2016-01-15,0.93430001
2016-01-19,0.90869999
2016-01-20,0.86570001
2016-01-21,0.89749998
2016-01-22,0.99570000
2016-01-25,0.93529999
2016-01-26,0.96770000
2016-01-27,1.02520001
2016-01-28,1.03090000
2016-01-29,1.05509996
2016-02-01,1.03649998
2016-02-02,1.01090002
2016-02-03,1.07860005
2016-02-04,1.08050001
2016-02-05,1.05900002
2016-02-08,1.04639995
2016-02-09,0.97490001
2016-02-10,0.97490001
2016-02-11,0.97909999
2016-02-12,1.06930006
2016-02-16,1.02699995
2016-02-17,1.08790004
2016-02-18,1.07920003
2016-02-19,1.02550006
2016-02-22,1.05509996
2016-02-23,1.02209997
2016-02-24,1.05939996
2016-02-25,1.07000005
2016-02-26,1.05120003
2016-02-29,1.07599998
2016-03-01,1.09949994
2016-03-02,1.10650003
2016-03-03,1.12020004
2016-03-04,1.16129994
2016-03-07,1.22249997
2016-03-08,1.20000005
2016-03-09,1.23269999
2016-03-10,1.21609998
2016-03-11,1.21800005
2016-03-14,1.19649994
2016-03-15,1.17770004
2016-03-16,1.23119998
2016-03-17,1.25450003
2016-03-18,1.23909998
2016-03-21,1.23740005
2016-03-22,1.25209999
2016-03-23,1.20400000
2016-03-24,1.19790006
2016-03-28,1.18009996
2016-03-29,1.15550005
2016-03-30,1.15970004
2016-03-31,1.18480003
2016-04-01,1.13170004
2016-04-04,1.08889997
2016-04-05,1.07459998
2016-04-06,1.14030004
2016-04-07,1.12570000
2016-04-08,1.20039999
2016-04-11,1.21469998
2016-04-12,1.27590001
2016-04-13,1.26559997
2016-04-14,1.25430000
2016-04-15,1.23220003
2016-04-18,1.23590004
2016-04-19,1.26320004
2016-04-20,1.33220005
2016-04-21,1.29980004
2016-04-22,1.30890000
2016-04-25,1.29030001
2016-04-26,1.33249998
2016-04-27,1.37950003
2016-04-28,1.40460002
2016-04-29,1.37790000
2016-05-02,1.35549998
2016-05-03,1.33340001
2016-05-04,1.32819998
2016-05-05,1.32869995
2016-05-06,1.33729994
2016-05-09,1.28629994
2016-05-10,1.33749998
2016-05-11,1.39670002
2016-05-12,1.39400005
2016-05-13,1.40310001
2016-05-16,1.44009995
2016-05-17,1.46739995
2016-05-18,1.48310006
2016-05-19,1.47880006
2016-05-20,1.49000001
2016-05-23,1.47749996
2016-05-24,1.48870003
2016-05-25,1.51269996
2016-05-26,1.50129998
2016-05-27,1.49399996
2016-05-31,1.49749994
2016-06-01,1.49890006
2016-06-02,1.50880003
2016-06-03,1.48810005
2016-06-06,1.50310004
2016-06-07,1.54149997
2016-06-08,1.57050002
2016-06-09,1.55120003
2016-06-10,1.51600003
2016-06-13,1.51450002
2016-06-14,1.50199997
2016-06-15,1.47780001
2016-06-16,1.42289996
2016-06-17,1.48169994
2016-06-20,1.52740002
2016-06-21,1.51670003
2016-06-22,1.50479996
2016-06-23,1.52059996
2016-06-24,1.45529997
2016-06-27,1.42920005
2016-06-28,1.47109997
2016-06-29,1.53349996
2016-06-30,1.48469996
2016-07-01,1.51150000
2016-07-05,1.44560003
2016-07-06,1.47109997
2016-07-07,1.41059995
2016-07-08,1.41229999
2016-07-11,1.41630006
2016-07-12,1.46319997
2016-07-13,1.38090003
2016-07-14,1.40639997
2016-07-15,1.39740002
2016-07-18,1.37779999
2016-07-19,1.38409996
2016-07-20,1.40540004
2016-07-21,1.37070000
2016-07-22,1.35699999
2016-07-25,1.32280004
2016-07-26,1.32599998
2016-07-27,1.29499996
2016-07-28,1.27040005
2016-07-29,1.27600002
2016-08-01,1.25790000
2016-08-02,1.25899994
2016-08-03,1.28750002
2016-08-04,1.32589996
2016-08-05,1.31700003
2016-08-08,1.34360003
2016-08-09,1.33070004
2016-08-10,1.31840003
2016-08-11,1.38489997
2016-08-12,1.40859997
2016-08-15,1.44990003
2016-08-16,1.46130002
2016-08-17,1.48920000
2016-08-18,1.52600002
2016-08-19,1.51960003
2016-08-22,1.48640001
2016-08-23,1.50179994
2016-08-24,1.49629998
2016-08-25,1.50940001
2016-08-26,1.49720001
2016-08-29,1.48619998
2016-08-30,1.47109997
2016-08-31,1.41020000
2016-09-01,1.38189995
2016-09-02,1.40960002
2016-09-06,1.40849996
2016-09-07,1.42649996
2016-09-08,1.48220003
2016-09-09,1.43040001
2016-09-12,1.44149995
2016-09-13,1.42289996
2016-09-14,1.38170004
2016-09-15,1.41620004
2016-09-16,1.40509999
2016-09-19,1.39440000
2016-09-20,1.40499997
2016-09-21,1.42900002
2016-09-22,1.45420003
2016-09-23,1.40730000
2016-09-26,1.44900000
2016-09-27,1.40989995
2016-09-28,1.49100006
2016-09-29,1.51020002
2016-09-30,1.52789998
2016-10-03,1.55320001
2016-10-04,1.55439997
2016-10-05,1.58229995
2016-10-06,1.59580004
2016-10-07,1.57930005
2016-10-11,1.58729994
2016-10-12,1.56680000
2016-10-13,1.57959998
2016-10-14,1.56729996
2016-10-17,1.55610001
2016-10-18,1.56860006
2016-10-19,1.58790004
2016-10-20,1.55960000
2016-10-21,1.57400000
2016-10-24,1.57980001
2016-10-25,1.56309998
2016-10-26,1.55110002
2016-10-27,1.57009995
2016-10-28,1.54219997
2016-10-31,1.49549997
2016-11-01,1.51689994
2016-11-02,1.46650004
2016-11-03,1.45819998
2016-11-04,1.43030000
2016-11-07,1.44060004
2016-11-08,1.44110000
2016-11-09,1.44110000
2016-11-10,1.43659997
2016-11-14,1.38549995
2016-11-15,1.44389999
2016-11-16,1.43499994
2016-11-17,1.44700003
2016-11-18,1.45770001
2016-11-21,1.52450001
2016-11-22,1.52629995
2016-11-23,1.51689994
2016-11-25,1.47000003
2016-11-28,1.51279998
2016-11-29,1.46270001
2016-11-30,1.57089996
2016-12-01,1.64789999
2016-12-02,1.65810001
2016-12-05,1.65709996
2016-12-06,1.63789999
2016-12-07,1.61839998
2016-12-08,1.62590003
2016-12-09,1.63740003
2016-12-12,1.67170000
2016-12-13,1.67470002
2016-12-14,1.64349997
2016-12-15,1.64199996
2016-12-16,1.67229998
2016-12-19,1.66900003
2016-12-20,1.66880000
2016-12-21,1.64010000
2016-12-22,1.66079998
2016-12-23,1.66279995
2016-12-27,1.69939995
2016-12-28,1.69930005
2016-12-29,1.70369995
2016-12-30,1.70430005
2017-01-03,1.67670000
2017-01-04,1.69299996
2017-01-05,1.69420004
2017-01-06,1.70319998
2017-01-09,1.63759995
2017-01-10,1.61140001
2017-01-11,1.65240002
2017-01-12,1.67560005
2017-01-13,1.65139997
2017-01-17,1.64859998
2017-01-18,1.60920000
2017-01-19,1.61829996
2017-01-20,1.64590001
2017-01-23,1.62650001
2017-01-24,1.64150000
2017-01-25,1.61140001
2017-01-26,1.64090002
2017-01-27,1.61889994
2017-01-30,1.60669994
2017-01-31,1.61170006
2017-02-01,1.67400002
2017-02-02,1.65180004
2017-02-03,1.66509998
2017-02-06,1.63520002
2017-02-07,1.62210000
2017-02-08,1.63600004
2017-02-09,1.64150000
2017-02-10,1.66589999
2017-02-13,1.62730002
2017-02-14,1.63820004
2017-02-15,1.63049996
2017-02-16,1.62909997
2017-02-17,1.63639998
2017-02-21,1.64250004
2017-02-22,1.62960005
2017-02-23,1.65670002
2017-02-24,1.64040005
2017-02-27,1.63989997
2017-02-28,1.62080002
2017-03-01,1.62409997
2017-03-02,1.57910001
2017-03-03,1.59360003
2017-03-06,1.60450006
2017-03-07,1.61389995
2017-03-08,1.55669999
2017-03-09,1.52950001
2017-03-10,1.50360000
2017-03-13,1.50059998
2017-03-14,1.49189997
2017-03-15,1.51240003
2017-03-16,1.50430000
2017-03-17,1.50849998
2017-03-20,1.51409996
2017-03-21,1.50329995
2017-03-22,1.49679995
2017-03-23,1.49010003
2017-03-24,1.49759996
2017-03-27,1.50250006
2017-03-28,1.51670003
2017-03-29,1.54250002
2017-03-30,1.55820000
2017-03-31,1.57360005
2017-04-03,1.56340003
2017-04-04,1.59230006
2017-04-05,1.60350001
2017-04-06,1.61290002
2017-04-07,1.62839997
2017-04-10,1.64730000
2017-04-11,1.65059996
2017-04-12,1.65199995
2017-04-13,1.64950001
2017-04-17,1.63290000
2017-04-18,1.62189996
2017-04-19,1.58130002
2017-04-20,1.57889998
2017-04-21,1.55330002
2017-04-24,1.54270005
2017-04-25,1.54519999
2017-04-26,1.53670001
2017-04-27,1.50720000
2017-04-28,1.50399995
2017-05-01,1.48780000
2017-05-02,1.46800005
2017-05-03,1.47360003
2017-05-04,1.41229999
2017-05-05,1.43659997
2017-05-08,1.45560002
2017-05-09,1.44210005
2017-05-10,1.47539997
2017-05-11,1.48989999
2017-05-12,1.49329996
2017-05-15,1.50960004
2017-05-16,1.51639998
2017-05-17,1.53349996
2017-05-18,1.54530001
2017-05-19,1.58270001
2017-05-22,1.60210001
2017-05-23,1.60669994
2017-05-24,1.60630000
2017-05-25,1.55089998
2017-05-26,1.56330001
2017-05-30,1.54939997
2017-05-31,1.51530004
2017-06-01,1.50170004
2017-06-02,1.48479998
2017-06-05,1.45930004
2017-06-06,1.46619999
2017-06-07,1.41620004
2017-06-08,1.42229998
2017-06-09,1.43120003
2017-06-12,1.42540002
2017-06-13,1.44770002
2017-06-14,1.41020000
2017-06-15,1.41460001
2017-06-16,1.42700005
2017-06-19,1.41110003
2017-06-20,1.39489996
2017-06-21,1.36479998
2017-06-22,1.37160003
2017-06-23,1.37170005
2017-06-26,1.38020003
2017-06-27,1.41369998
2017-06-28,1.43299997
2017-06-29,1.44599998
2017-06-30,1.47549999
2017-07-03,1.51279998
2017-07-05,1.47850001
2017-07-06,1.48189998
2017-07-07,1.44819999
2017-07-10,1.45360005
2017-07-11,1.47630000
2017-07-12,1.47370005
2017-07-13,1.49170005
2017-07-14,1.51499999
2017-07-17,1.49950004
2017-07-18,1.51040006
2017-07-19,1.55139995
2017-07-20,1.54359996
2017-07-21,1.51520002
2017-07-24,1.51689994
2017-07-25,1.56850004
2017-07-26,1.59529996
2017-07-27,1.60319996
2017-07-28,1.63970006
2017-07-31,1.65190005
2017-08-01,1.64129996
2017-08-02,1.65880001
2017-08-03,1.63890004
2017-08-04,1.64859998
2017-08-07,1.63979995
2017-08-08,1.62919998
2017-08-09,1.65330005
2017-08-10,1.63129997
2017-08-11,1.63460004
2017-08-14,1.60570002
2017-08-15,1.59959996
2017-08-16,1.57439995
2017-08-17,1.58200002
2017-08-18,1.62039995
2017-08-21,1.57120001
2017-08-22,1.59119999
2017-08-23,1.62440002
2017-08-24,1.62100005
2017-08-25,1.62230003
2017-08-28,1.63520002
2017-08-29,1.66550004
2017-08-30,1.67379999
2017-08-31,1.75750005
2017-09-01,1.74679995
2017-09-05,1.74800003
2017-09-06,1.75950003
2017-09-07,1.78610003
2017-09-08,1.76569998
2017-09-11,1.74269998
2017-09-12,1.74059999
2017-09-13,1.76849997
2017-09-14,1.77750003
2017-09-15,1.79879999
2017-09-18,1.77960002
2017-09-19,1.77260005
2017-09-20,1.80700004
2017-09-21,1.81529999
2017-09-22,1.81630003
2017-09-25,1.85630000
2017-09-26,1.84529996
2017-09-27,1.84630001
2017-09-28,1.83200002
2017-09-29,1.81169999
2017-10-02,1.76650000
2017-10-03,1.75049996
2017-10-04,1.77390003
2017-10-05,1.78629994
2017-10-06,1.74389994
2017-10-09,1.73520005
2017-10-10,1.76489997
2017-10-11,1.78610003
2017-10-12,1.76549995
2017-10-13,1.79700005
2017-10-16,1.81289995
2017-10-17,1.80980003
2017-10-18,1.80280006
2017-10-19,1.77670002
2017-10-20,1.80519998
2017-10-23,1.78779995
2017-10-24,1.82210004
2017-10-25,1.81819999
2017-10-26,1.84189999
2017-10-27,1.86689997
2017-10-30,1.87769997
2017-10-31,1.88450003
2017-11-01,1.86249995
2017-11-02,1.85389996
2017-11-03,1.88660002
2017-11-06,1.94219995
2017-11-07,1.92190003
2017-11-08,1.92159998
2017-11-09,1.94690001
2017-11-10,1.93490005
2017-11-13,1.93210006
2017-11-14,1.90699995
2017-11-15,1.90869999
2017-11-16,1.90209997
2017-11-17,1.94659996
2017-11-20,1.93210006
2017-11-21,1.93589997
2017-11-22,1.93260002
2017-11-24,1.95290005
2017-11-27,1.94780004
2017-11-28,1.95070004
2017-11-29,1.92209995
2017-11-30,1.89269996
2017-12-01,1.94130003
2017-12-04,1.89450002
2017-12-05,1.91390002
2017-12-06,1.86129999
2017-12-07,1.89699996
2017-12-08,1.92879999
2017-12-11,1.95060003
2017-12-12,1.93359995
2017-12-13,1.90439999
2017-12-14,1.90989995
2017-12-15,1.90349996
2017-12-18,1.92519999
2017-12-19,1.93990004
2017-12-20,1.94420004
2017-12-21,1.95019996
2017-12-22,1.96940005
2017-12-26,2.03850007
2017-12-27,2.04020000
2017-12-28,2.05209994
2017-12-29,2.07550001
2018-01-02,2.05839992
2018-01-03,2.08800006
2018-01-04,2.07699990
2018-01-05,2.05870008
2018-01-08,2.04539990
2018-01-09,2.06620002
2018-01-10,2.08069992
2018-01-11,2.07669997
2018-01-12,2.08500004
2018-01-16,2.06340003
2018-01-17,2.06909990
2018-01-18,2.06170011
2018-01-19,2.05839992
2018-01-22,2.05690002
2018-01-23,2.08610010
2018-01-24,2.10610008
2018-01-25,2.11540008
2018-01-26,2.13599992
2018-01-29,2.10479999
2018-01-30,2.07170010
2018-01-31,2.06920004
2018-02-01,2.09039998
2018-02-02,2.05349994
2018-02-05,2.01959991
2018-02-06,1.98510003
2018-02-07,1.93130004
2018-02-08,1.92130005
2018-02-09,1.85510004
2018-02-12,1.83889997
2018-02-13,1.83690000
2018-02-14,1.88440001
2018-02-15,1.89160001
2018-02-16,1.91040003
2018-02-20,1.92770004
2018-02-21,1.93229997
2018-02-22,1.95270002
2018-02-23,1.96940005
2018-02-26,1.98590004
2018-02-27,1.96300006
2018-02-28,1.91359997
2018-03-01,1.88549995
2018-03-02,1.87960005
2018-03-05,1.89670002
2018-03-06,1.90330005
2018-03-07,1.87460005
2018-03-08,1.85909998
2018-03-09,1.88660002
2018-03-12,1.86469996
2018-03-13,1.87390006
2018-03-14,1.88709998
2018-03-15,1.89289999
2018-03-16,1.91180003
2018-03-19,1.90699995
2018-03-20,1.94949996
2018-03-21,2.00370002
2018-03-22,1.99230003
2018-03-23,2.01839995
2018-03-26,2.01500010
2018-03-27,2.02239990
2018-03-28,2.01480007
2018-03-29,2.02839994
2018-04-02,1.98020005
2018-04-03,1.99500000
2018-04-04,1.97730005
2018-04-05,1.97650003
2018-04-06,1.95780003
2018-04-09,1.99660003
2018-04-10,2.06480002
2018-04-11,2.09270000
2018-04-12,2.08380008
2018-04-13,2.10019994
2018-04-16,2.07030010
2018-04-17,2.05710006
2018-04-18,2.09109998
2018-04-19,2.10940003
2018-04-20,2.12299991
2018-04-23,2.14089990
2018-04-24,2.12759995
2018-04-25,2.13599992
2018-04-26,2.16000009
2018-04-27,2.15089989
2018-04-30,2.16739988
2018-05-01,2.09969997
2018-05-02,2.12150002
2018-05-03,2.11269999
2018-05-04,2.15400004
2018-05-07,2.18499994
2018-05-08,2.15770006
2018-05-09,2.21799994
2018-05-10,2.22280002
2018-05-11,2.22199988
2018-05-14,2.24959993
2018-05-15,2.24900007
2018-05-16,2.26920009
2018-05-17,2.28080010
2018-05-18,2.26550007
2018-05-21,2.27379990
2018-05-22,2.27999997
2018-05-23,2.28959990
2018-05-24,2.26670003
2018-05-25,2.20980000
2018-05-29,2.18589997
2018-05-30,2.23169994
2018-05-31,2.19140005
2018-06-01,2.17630005
2018-06-04,2.15249991
2018-06-05,2.14159989
2018-06-06,2.12660003
2018-06-07,2.17989993
2018-06-08,2.16429996
2018-06-11,2.16070008
2018-06-12,2.16179991
2018-06-13,2.18510008
2018-06-14,2.15869999
2018-06-15,2.08699989
2018-06-18,2.13159990
2018-06-19,2.12179995
2018-06-20,2.10710001
2018-06-21,2.07010007
2018-06-22,2.12540007
2018-06-25,2.10039997
2018-06-26,2.12899995
2018-06-27,2.17720008
2018-06-28,2.17820001
2018-06-29,2.20930004
2018-07-02,2.15580010
2018-07-03,2.16420007
2018-07-05,2.17869997
2018-07-06,2.16840005
2018-07-09,2.19569993
2018-07-10,2.22180009
2018-07-11,2.10080004
2018-07-12,2.12310004
2018-07-13,2.13339996
2018-07-16,2.05430007
2018-07-17,2.07010007
2018-07-18,2.09030008
2018-07-19,2.09010005
2018-07-20,2.10439992
2018-07-23,2.11800003
2018-07-24,2.13260007
2018-07-25,2.15120006
2018-07-26,2.17689991
2018-07-27,2.15520000
2018-07-30,2.17100000
2018-07-31,2.13190007
2018-08-01,2.09739995
2018-08-02,2.13179994
2018-08-03,2.12689996
2018-08-06,2.13930011
2018-08-07,2.16910005
2018-08-08,2.11570001
2018-08-09,2.11190009
2018-08-10,2.13969994
2018-08-13,2.13700008
2018-08-14,2.12870002
2018-08-15,2.09039998
2018-08-16,2.09640002
2018-08-17,2.09820008
2018-08-20,2.11380005
2018-08-21,2.12360001
2018-08-22,2.16829991
2018-08-23,2.17540002
2018-08-24,2.20219994
2018-08-27,2.21490002
2018-08-28,2.21140003
2018-08-29,2.24210000
2018-08-30,2.24830008
2018-08-31,2.24130011
2018-09-04,2.25469995
2018-09-05,2.23449993
2018-09-06,2.20910001
2018-09-07,2.21819997
2018-09-10,2.21779990
2018-09-11,2.25200009
2018-09-12,2.25769997
2018-09-13,2.22350001
2018-09-14,2.20919991
2018-09-17,2.20639992
2018-09-18,2.23569989
2018-09-19,2.24659991
2018-09-20,2.22799993
2018-09-21,2.22600007
2018-09-24,2.28590012
2018-09-25,2.30530000
2018-09-26,2.29979992
2018-09-27,2.32310009
2018-09-28,2.35179996
2018-10-01,2.40790009
2018-10-02,2.40759993
2018-10-03,2.43720007
2018-10-04,2.39969993
2018-10-05,2.39229989
2018-10-08,2.39420009
2018-10-09,2.42379999
2018-10-10,2.39490008
2018-10-11,2.33220005
2018-10-12,2.32130003
2018-10-15,2.32570004
2018-10-16,2.34019995
2018-10-17,2.31110001
2018-10-18,2.29489994
2018-10-19,2.30200005
2018-10-22,2.31809998
2018-10-23,2.24839997
2018-10-24,2.25209999
2018-10-25,2.27810001
2018-10-26,2.30299997
2018-10-29,2.28430009
2018-10-30,2.25979996
2018-10-31,2.26180005
2018-11-01,2.20079994
2018-11-02,2.17280006
2018-11-05,2.19630003
2018-11-06,2.18829989
2018-11-07,2.23709989
2018-11-08,2.16829991
2018-11-09,2.17280006
2018-11-12,2.15560007
2018-11-13,2.06250000
2018-11-14,2.09590006
2018-11-15,2.07410002
2018-11-16,2.07369995
2018-11-19,2.08640003
2018-11-20,1.99020004
2018-11-21,1.97019994
2018-11-23,1.87619996
2018-11-26,1.89300001
2018-11-27,1.88600004
2018-11-28,1.83840001
2018-11-29,1.84360003
2018-11-30,1.84549999
2018-12-03,1.88750005
2018-12-04,1.90090001
2018-12-06,1.85819995
2018-12-07,1.88619995
2018-12-10,1.84410000
2018-12-11,1.84710002
2018-12-12,1.85090005
2018-12-13,1.87650001
2018-12-14,1.84529996
2018-12-17,1.82669997
2018-12-18,1.75390005
2018-12-19,1.80540001
2018-12-20,1.74969995
2018-12-21,1.73269999
2018-12-24,1.66219997
2018-12-26,1.73360002
2018-12-27,1.67830002
2018-12-28,1.66470003
2018-12-31,1.68079996
2019-01-02,1.70060003
2019-01-03,1.74199998
2019-01-04,1.76919997
2019-01-07,1.77839994
2019-01-08,1.82700002
2019-01-09,1.88080001
2019-01-10,1.90610003
2019-01-11,1.87969995
2019-01-14,1.85249996
2019-01-15,1.87220001
2019-01-16,1.89460003
2019-01-17,1.88429999
2019-01-18,1.91600001
2019-01-22,1.90110004
2019-01-23,1.88859999
2019-01-24,1.88559997
2019-01-25,1.89189994
2019-01-28,1.83770001
2019-01-29,1.89750004
2019-01-30,1.89839995
2019-01-31,1.87880003
2019-02-01,1.91270006
2019-02-04,1.90740001
2019-02-05,1.89750004
2019-02-06,1.91219997
2019-02-07,1.90050006
2019-02-08,1.90849996
2019-02-11,1.89219999
2019-02-12,1.90719998
2019-02-13,1.93879998
2019-02-14,1.97160006
2019-02-15,2.02029991
2019-02-19,1.99460006
2019-02-20,2.01830006
2019-02-21,2.03629994
2019-02-22,2.03110003
2019-02-25,1.97459996
2019-02-26,1.99849999
2019-02-27,2.02160001
2019-02-28,2.02349997
2019-03-01,2.00099993
2019-03-04,2.01430011
2019-03-05,2.01640010
2019-03-06,2.01620007
2019-03-07,2.01270008
2019-03-08,1.99979997
2019-03-11,1.99419999
2019-03-12,1.98570001
2019-03-13,1.99210000
2019-03-14,1.98490000
2019-03-15,1.96770000
2019-03-18,1.96899998
2019-03-19,1.99039996
2019-03-20,2.00810003
2019-03-21,1.98710001
2019-03-22,1.96589994
2019-03-25,1.98039997
2019-03-26,1.98989999
2019-03-27,1.98060000
2019-03-28,1.97200000
2019-03-29,1.97340000
2019-04-01,1.98810005
2019-04-02,2.00889993
2019-04-03,2.00679994
2019-04-04,2.01340008
2019-04-05,2.04239988
2019-04-08,2.05710006
2019-04-09,2.04489994
2019-04-10,2.08759999
2019-04-11,2.06719995
2019-04-12,2.07069993
2019-04-15,2.06100011
2019-04-16,2.08220005
2019-04-17,2.06920004
2019-04-18,2.07089996
2019-04-22,2.10400009
2019-04-23,2.11800003
2019-04-24,2.09870005
2019-04-25,2.09809995
2019-04-26,2.05119991
2019-04-29,2.05489993
2019-04-30,2.08119988
2019-05-01,2.09419990
2019-05-02,2.07780004
2019-05-03,2.07019997
2019-05-06,2.06760001
2019-05-07,2.03760004
2019-05-08,2.05620003
2019-05-09,2.04360008
2019-05-10,2.05040002
2019-05-13,2.03839993
2019-05-14,2.05890012
2019-05-15,2.08629990
2019-05-16,2.12319994
2019-05-17,2.09549999
2019-05-20,2.07360005
2019-05-21,2.07940006
2019-05-22,2.04909992
2019-05-23,1.96239996
2019-05-24,1.97130001
2019-05-28,1.99249995
2019-05-29,1.96749997
2019-05-30,1.91499996
2019-05-31,1.84179997
2019-06-03,1.80649996
2019-06-04,1.82149994
2019-06-05,1.77999997
2019-06-06,1.78830004
2019-06-07,1.82480001
2019-06-10,1.80630004
2019-06-11,1.82210004
2019-06-12,1.77989995
2019-06-13,1.80659997
2019-06-14,1.82939994
2019-06-17,1.79949999
2019-06-18,1.82780004
2019-06-19,1.82939994
2019-06-20,1.88429999
2019-06-21,1.91579998
2019-06-24,1.90890002
2019-06-25,1.92340004
2019-06-26,1.97130001
2019-06-27,1.95249999
2019-06-28,1.94459999
2019-07-01,1.95379996
2019-07-02,1.88629997
2019-07-03,1.89870000
2019-07-05,1.90499997
2019-07-08,1.89530003
2019-07-09,1.91059995
2019-07-10,1.99100006
2019-07-11,1.97860003
2019-07-12,1.98010004
2019-07-15,1.95159996
2019-07-16,1.90489995
2019-07-17,1.89260006
2019-07-18,1.86249995
2019-07-19,1.88960004
2019-07-22,1.89950001
2019-07-23,1.92170000
2019-07-24,1.90869999
2019-07-25,1.91429996
2019-07-26,1.90439999
2019-07-29,1.91059995
2019-07-30,1.94400001
2019-07-31,1.95500004
2019-08-01,1.85290003
2019-08-02,1.89020002
2019-08-05,1.83560002
2019-08-06,1.82400000
2019-08-07,1.75320005
2019-08-08,1.77660000
2019-08-09,1.80799997
2019-08-12,1.80579996
2019-08-13,1.87730002
2019-08-14,1.84370005
2019-08-15,1.81070006
2019-08-16,1.81280005
2019-08-19,1.83309996
2019-08-20,1.85430002
2019-08-21,1.85730004
2019-08-22,1.84130001
2019-08-23,1.81560004
2019-08-26,1.79240000
2019-08-27,1.81589997
2019-08-28,1.85099995
2019-08-29,1.86399996
2019-08-30,1.82819998
2019-09-03,1.80330002
2019-09-04,1.88020003
2019-09-05,1.88849998
2019-09-06,1.90030003
2019-09-09,1.92770004
2019-09-10,1.93120003
2019-09-11,1.90320003
2019-09-12,1.88510001
2019-09-13,1.87779999
2019-09-16,2.08380008
2019-09-17,1.98959994
2019-09-18,1.97329998
2019-09-19,2.00489998
2019-09-20,1.98629999
2019-09-23,1.99699998
2019-09-24,1.96759999
2019-09-25,1.95389998
2019-09-26,1.95510006
2019-09-27,1.94159997
2019-09-30,1.90559995
2019-10-01,1.89849997
2019-10-02,1.87300003
2019-10-03,1.87600005
2019-10-04,1.89450002
2019-10-07,1.90330005
2019-10-08,1.91009998
2019-10-09,1.91929996
2019-10-10,1.92079997
2019-10-11,1.95760000
2019-10-14,1.91509998
2019-10-15,1.90999997
2019-10-16,1.94260001
2019-10-17,1.94809997
2019-10-18,1.94710004
2019-10-21,1.94060004
2019-10-22,1.94369996
2019-10-23,1.96430004
2019-10-24,1.98629999
2019-10-25,1.97959995
2019-10-28,1.96179998
2019-10-29,1.95630002
2019-10-30,1.91359997
2019-10-31,1.87800002
2019-11-01,1.93309999
2019-11-04,1.94050002
2019-11-05,1.95659995
2019-11-06,1.92780006
2019-11-07,1.92030001
2019-11-08,1.91810000
2019-11-11,1.91419995
2019-11-12,1.89760005
2019-11-13,1.91250002
2019-11-14,1.91789997
2019-11-15,1.94799995
2019-11-18,1.90470004
2019-11-19,1.85739994
2019-11-20,1.89209998
2019-11-21,1.94470000
2019-11-22,1.92939997
2019-11-25,1.94430006
2019-11-26,1.96060002
2019-11-27,1.94649994
2019-11-29,1.87890005
2019-12-02,1.88600004
2019-12-03,1.87989998
2019-12-04,1.92289996
2019-12-05,1.93299997
2019-12-06,1.95210004
2019-12-09,1.94420004
2019-12-10,1.96550000
2019-12-11,1.92879999
2019-12-12,1.95079994
2019-12-13,1.98640001
2019-12-16,2.00449991
2019-12-17,2.03340006
2019-12-18,2.02029991
2019-12-19,2.02950001
2019-12-20,2.02180004
2019-12-23,2.02220011
2019-12-24,2.03629994
2019-12-26,2.05209994
2019-12-27,2.04959989
2019-12-30,2.04060006
2019-12-31,2.02830005
2020-01-02,2.02410007
2020-01-03,2.06139994
2020-01-06,2.03390002
2020-01-07,2.03239989
2020-01-08,1.95819998
2020-01-09,1.95009995
2020-01-10,1.92840004
2020-01-13,1.89800000
2020-01-14,1.91030002
2020-01-15,1.87790000
2020-01-16,1.86000001
2020-01-17,1.85920000
2020-01-21,1.82920003
2020-01-22,1.80019999
2020-01-23,1.79159999
2020-01-24,1.73399997
2020-01-27,1.67949998
2020-01-28,1.71589994
2020-01-29,1.70350003
2020-01-30,1.63960004
2020-01-31,1.62450004
2020-02-03,1.57790005
2020-02-04,1.58389997
2020-02-05,1.64540005
2020-02-06,1.66540003
2020-02-07,1.64330006
2020-02-10,1.61249995
2020-02-11,1.62670004
2020-02-12,1.67569995
2020-02-13,1.68050003
2020-02-14,1.69819999
2020-02-18,1.67240000
2020-02-19,1.70679998
2020-02-20,1.69760001
2020-02-21,1.68659997
2020-02-24,1.61319995
2020-02-25,1.56850004
2020-02-26,1.49940002
2020-02-27,1.48920000
2020-02-28,1.49059999
2020-03-02,1.52869999
2020-03-03,1.53299999
2020-03-04,1.53320003
2020-03-05,1.48850000
2020-03-06,1.38520002
2020-03-09,1.16289997
2020-03-10,1.24989998
2020-03-11,1.23800004
2020-03-12,1.15980005
2020-03-13,1.13740003
2020-03-16,1.04659998
2020-03-17,1.03569996
2020-03-18,0.95420003
2020-03-19,1.04170001
2020-03-20,1.00629997
2020-03-23,1.01610005
2020-03-24,1.08029997
2020-03-25,1.09780002
2020-03-26,1.05030000
2020-03-27,1.06850004
2020-03-30,1.01940000
2020-03-31,1.01209998
2020-04-01,0.93229997
2020-04-02,0.99510002
2020-04-03,1.07060003
2020-04-06,1.04569995
2020-04-07,1.02750003
2020-04-08,1.01069999
2020-04-09,0.97259998
2020-04-13,0.99460000
2020-04-14,0.94419998
2020-04-15,0.91380000
2020-04-16,0.94630003
2020-04-17,0.95630002
2020-04-20,0.88779998
2020-04-21,0.72689998
2020-04-22,0.73110002
2020-04-23,0.73449999
2020-04-24,0.64670002
2020-04-27,0.61040002
2020-04-28,0.63080001
2020-04-29,0.69450003
2020-04-30,0.73189998
2020-05-01,0.79610002
2020-05-04,0.80309999
2020-05-05,0.89600003
2020-05-06,0.82400000
2020-05-07,0.83710003
2020-05-08,0.89929998
2020-05-11,0.86870003
2020-05-12,0.83840001
2020-05-13,0.83139998
2020-05-14,0.89480001
2020-05-15,0.92040002
2020-05-18,1.00639999
2020-05-19,0.97359997
2020-05-20,0.99059999
2020-05-21,0.98900002
2020-05-22,0.98199999
2020-05-26,0.99080002
2020-05-27,0.97210002
2020-05-28,0.92559999
2020-05-29,0.96469998
2020-06-01,1.02900004
2020-06-02,1.09210002
2020-06-03,1.06459999
2020-06-04,1.07410002
2020-06-05,1.15059996
2020-06-08,1.12129998
2020-06-09,1.15470004
2020-06-10,1.17299998
2020-06-11,1.08800006
2020-06-12,1.10140002
2020-06-15,1.13699996
2020-06-16,1.18219995
2020-06-17,1.18200004
2020-06-18,1.19860005
2020-06-19,1.21140003
2020-06-22,1.21860003
2020-06-23,1.20299995
2020-06-24,1.15079999
2020-06-25,1.15559995
2020-06-26,1.13629997
2020-06-29,1.16540003
2020-06-30,1.17809999
2020-07-01,1.19959998
2020-07-02,1.23109996
2020-07-06,1.24170005
2020-07-07,1.24329996
2020-07-08,1.23440003
2020-07-09,1.22389996
2020-07-10,1.24119997
2020-07-13,1.22350001
2020-07-14,1.22080004
2020-07-15,1.24479997
2020-07-16,1.22790003
2020-07-17,1.21910000
2020-07-20,1.23549998
2020-07-21,1.27999997
2020-07-22,1.27069998
2020-07-23,1.25409997
2020-07-24,1.25629997
2020-07-27,1.25409997
2020-07-28,1.24210000
2020-07-29,1.25329995
2020-07-30,1.21190000
2020-07-31,1.21710002
2020-08-03,1.24090004
2020-08-04,1.25839996
2020-08-05,1.26310003
2020-08-06,1.24989998
2020-08-07,1.21990001
2020-08-10,1.23689997
2020-08-11,1.23839998
2020-08-12,1.25720000
2020-08-13,1.23810005
2020-08-14,1.23670006
2020-08-17,1.23909998
2020-08-18,1.26040006
2020-08-19,1.25100005
2020-08-20,1.24670005
2020-08-21,1.20799994
2020-08-24,1.24759996
2020-08-25,1.26010001
2020-08-26,1.24469995
2020-08-27,1.21070004
2020-08-28,1.21619999
2020-08-31,1.19610000
2020-09-01,1.23080003
2020-09-02,1.18850005
2020-09-03,1.16770005
2020-09-04,1.15149999
2020-09-08,1.07679999
2020-09-09,1.10609996
2020-09-10,1.08239996
2020-09-11,1.08959997
2020-09-14,1.09340000
2020-09-15,1.09930003
2020-09-16,1.11629999
2020-09-17,1.15980005
2020-09-18,1.15900004
2020-09-21,1.10730004
2020-09-22,1.09609997
2020-09-23,1.10749996
2020-09-24,1.11670005
2020-09-25,1.12619996
2020-09-28,1.13950002
2020-09-29,1.10899997
2020-09-30,1.14540005
2020-10-01,1.12500000
2020-10-02,1.08500004
2020-10-05,1.13329995
2020-10-06,1.18859994
2020-10-07,1.16079998
2020-10-08,1.19229996
2020-10-09,1.19330001
2020-10-12,1.15709996
2020-10-13,1.16900003
2020-10-14,1.19250000
2020-10-15,1.18869996
2020-10-16,1.17910004
2020-10-19,1.15810001
2020-10-20,1.17349994
2020-10-21,1.13989997
2020-10-22,1.16069996
2020-10-23,1.15129995
2020-10-26,1.12179995
2020-10-27,1.15769994
2020-10-28,1.11420000
2020-10-29,1.08840001
2020-10-30,1.08130002
2020-11-02,1.11230004
2020-11-03,1.12709999
2020-11-04,1.17349994
2020-11-05,1.16960001
2020-11-06,1.14260006
2020-11-09,1.21669996
2020-11-10,1.25250006
2020-11-11,1.24580002
2020-11-12,1.23329997
2020-11-13,1.20420003
2020-11-16,1.22889996
2020-11-17,1.23909998
2020-11-18,1.26400006
2020-11-19,1.27069998
2020-11-20,1.28629994
2020-11-23,1.31050003
2020-11-24,1.35950005
2020-11-25,1.38660002
2020-11-27,1.38049996
2020-11-30,1.35590005
2020-12-01,1.34730005
2020-12-02,1.36619997
2020-12-03,1.39330006
2020-12-04,1.40300000
2020-12-07,1.39919996
2020-12-08,1.40670002
2020-12-09,1.39890003
2020-12-10,1.43570006
2020-12-11,1.43690002
2020-12-14,1.45439994
2020-12-15,1.46440005
2020-12-16,1.47790003
2020-12-17,1.49520004
2020-12-18,1.51300001
2020-12-21,1.47739995
2020-12-22,1.46159995
2020-12-23,1.49749994
2020-12-24,1.49000001
2020-12-28,1.47899997
2020-12-29,1.48679996
2020-12-30,1.48979998
2020-12-31,1.47630000
2021-01-04,1.46200001
2021-01-05,1.51890004
2021-01-06,1.52869999
2021-01-07,1.53810000
2021-01-08,1.57949996
2021-01-11,1.57350004
2021-01-12,1.59669995
2021-01-13,1.59889996
2021-01-14,1.61940002
2021-01-15,1.59290004
2021-01-19,1.59870005
2021-01-20,1.60039997
2021-01-21,1.60060000
2021-01-22,1.57599998
2021-01-25,1.59389997
2021-01-26,1.59840000
2021-01-27,1.60889995
2021-01-28,1.60169995
2021-01-29,1.60039997
2021-02-01,1.64690006
2021-02-02,1.67460001
2021-02-03,1.69050002
2021-02-04,1.70050001
2021-02-05,1.71370006
2021-02-08,1.74779999
2021-02-09,1.75670004
2021-02-10,1.76100004
2021-02-11,1.74460006
2021-02-12,1.77139997
2021-02-16,1.81439996
2021-02-17,1.83770001
2021-02-18,1.83640003
2021-02-19,1.82290006
2021-02-22,1.85860002
2021-02-23,1.86800003
2021-02-24,1.90830004
2021-02-25,1.90660000
2021-02-26,1.85650003
2021-03-01,1.81920004
2021-03-02,1.80809999
2021-03-03,1.83570004
2021-03-04,1.89600003
2021-03-05,1.94400001
2021-03-08,1.90849996
2021-03-09,1.90730000
2021-03-10,1.91729999
2021-03-11,1.95940006
2021-03-12,1.96749997
2021-03-15,1.94889998
2021-03-16,1.93270004
2021-03-17,1.90610003
2021-03-18,1.78419995
2021-03-19,1.82229996
2021-03-22,1.82930005
2021-03-23,1.74890006
2021-03-24,1.82560003
2021-03-25,1.74779999
2021-03-26,1.80999994
2021-03-29,1.80980003
2021-03-30,1.78919995
2021-03-31,1.77129996
2021-04-01,1.83159995
2021-04-05,1.77240002
2021-04-06,1.79410005
2021-04-07,1.80789995
2021-04-08,1.80980003
2021-04-09,1.80760002
2021-04-12,1.80799997
2021-04-13,1.81449997
2021-04-14,1.88999999
2021-04-15,1.89890003
2021-04-16,1.89569998
2021-04-19,1.89250004
2021-04-20,1.88010001
2021-04-21,1.85370004
2021-04-22,1.86080003
2021-04-23,1.87349999
2021-04-26,1.87849998
2021-04-27,1.90569997
2021-04-28,1.93859994
2021-04-29,1.96140003
2021-04-30,1.92110002
2021-05-03,1.95190001
2021-05-04,1.99880004
2021-05-05,2.00250006
2021-05-06,1.98950005
2021-05-07,2.01060009
2021-05-10,2.01659989
2021-05-11,2.04169989
2021-05-12,2.06949997
2021-05-13,2.00090003
2021-05-14,2.03620005
2021-05-17,2.06040001
2021-05-18,2.05640006
2021-05-19,2.00710011
2021-05-20,1.96440005
2021-05-21,1.98819995
2021-05-24,2.04200006
2021-05-25,2.03539991
2021-05-26,2.04520011
2021-05-27,2.05640006
2021-05-28,2.04450011
2021-06-01,2.07150006
2021-06-02,2.10710001
2021-06-03,2.10170007
2021-06-04,2.11989999
2021-06-07,2.11560011
2021-06-08,2.13499999
2021-06-09,2.12949991
2021-06-10,2.14339995
2021-06-11,2.12069988
2021-06-14,2.11159992
2021-06-15,2.11229992
2021-06-16,2.10339999
2021-06-17,2.06680012
2021-06-18,2.09319997
2021-06-21,2.12680006
2021-06-22,2.15100002
2021-06-23,2.15939999
2021-06-24,2.16230011
2021-06-25,2.14930010
2021-06-28,2.11820006
2021-06-29,2.12190008
2021-06-30,2.12870002
2021-07-01,2.15619993
2021-07-02,2.17910004
2021-07-06,2.10489988
2021-07-07,2.08909988
2021-07-08,2.12039995
2021-07-09,2.15520000
2021-07-12,2.14980006
2021-07-13,2.18440008
2021-07-14,2.14350009
2021-07-15,2.11260009
2021-07-16,2.11330009
2021-07-19,1.98520005
2021-07-20,2.01270008
2021-07-21,2.08699989
2021-07-22,2.13260007
2021-07-23,2.13389993
2021-07-26,2.15100002
2021-07-27,2.14389992
2021-07-28,2.15599990
2021-07-29,2.18939996
2021-07-30,2.19939995
2021-08-02,2.13579988
2021-08-03,2.12639999
2021-08-04,2.07410002
2021-08-05,2.10599995
2021-08-06,2.08450007
2021-08-09,2.04209995
2021-08-10,2.08019996
2021-08-11,2.10579991
2021-08-12,2.10389996
2021-08-13,2.07789993
2021-08-16,2.04830003
2021-08-17,2.03609991
2021-08-18,2.02119994
2021-08-19,1.96899998
2021-08-20,1.90820003
2021-08-23,2.00510001
2021-08-24,2.06680012
2021-08-25,2.11820006
2021-08-26,2.08319998
2021-08-27,2.10920000
2021-08-30,2.14030004
2021-08-31,2.13100004
2021-09-01,2.12890005
2021-09-02,2.16770005
2021-09-03,2.15939999
2021-09-07,2.12159991
2021-09-08,2.13639998
2021-09-09,2.11369991
2021-09-10,2.14599991
2021-09-13,2.15829992
2021-09-14,2.16129994
2021-09-15,2.20530009
2021-09-16,2.21099997
2021-09-17,2.20910001
2021-09-20,2.15899992
2021-09-21,2.17379999
2021-09-22,2.21160007
2021-09-23,2.24909997
2021-09-24,2.26710010
2021-09-27,2.29600000
2021-09-28,2.28900003
2021-09-29,2.30749989
2021-09-30,2.34170008
2021-10-01,2.38269997
2021-10-04,2.43659997
2021-10-05,2.49359989
2021-10-06,2.44199991
2021-10-07,2.45959997
2021-10-08,2.47370005
2021-10-11,2.51500010
2021-10-12,2.50999999
2021-10-13,2.52110004
2021-10-14,2.56139994
2021-10-15,2.57369995
2021-10-18,2.54920006
2021-10-19,2.56069994
2021-10-20,2.59229994
2021-10-21,2.54909992
2021-10-22,2.53889990
2021-10-25,2.56469989
2021-10-26,2.57730007
2021-10-27,2.51480007
2021-10-28,2.51650000
2021-10-29,2.49640012
2021-11-01,2.50309992
2021-11-02,2.50819993
2021-11-03,2.43449998
2021-11-04,2.40660000
2021-11-05,2.45560002
2021-11-08,2.46709991
2021-11-09,2.50810003
2021-11-10,2.45210004
2021-11-11,2.44709992
2021-11-12,2.40370011
2021-11-15,2.39809990
2021-11-16,2.43090010
2021-11-17,2.36439991
2021-11-18,2.38400006
2021-11-19,2.29340005
2021-11-22,2.32540011
2021-11-23,2.38429999
2021-11-24,2.38299990
2021-11-26,2.09450006
2021-11-29,2.15210009
2021-11-30,2.06380010
2021-12-01,2.07710004
2021-12-02,2.10339999
2021-12-03,2.09840012
2021-12-06,2.17120004
2021-12-07,2.22460008
2021-12-08,2.26130009
2021-12-09,2.25029993
2021-12-10,2.25160003
2021-12-13,2.23280001
2021-12-14,2.21840000
2021-12-15,2.22040009
2021-12-16,2.26629996
2021-12-17,2.21989989
2021-12-20,2.17300010
2021-12-21,2.25780010
2021-12-22,2.30780005
2021-12-23,2.33139992
2021-12-27,2.35349989
2021-12-28,2.37140012
2021-12-29,2.37779999
2021-12-30,2.39590001
2021-12-31,2.33010006
2022-01-03,2.35739994
2022-01-04,2.40949988
2022-01-05,2.44610000
2022-01-06,2.47770000
2022-01-07,2.48180008
2022-01-10,2.48760009
2022-01-11,2.56360006
2022-01-12,2.59419990
2022-01-13,2.60850000
2022-01-14,2.63429999
2022-01-18,2.67400002
2022-01-19,2.69230008
2022-01-20,2.67179990
2022-01-21,2.69120002
2022-01-24,2.62739992
2022-01-25,2.66910005
2022-01-26,2.74399996
2022-01-27,2.79450011
2022-01-28,2.78550005
2022-01-31,2.75920010
2022-02-01,2.74119997
2022-02-02,2.76889992
2022-02-03,2.83949995
2022-02-04,2.87509990
2022-02-07,2.85540009
2022-02-08,2.79259992
2022-02-09,2.82489991
2022-02-10,2.82719994
2022-02-11,2.91090012
2022-02-14,2.96180010
2022-02-15,2.85949993
2022-02-16,2.85750008
2022-02-17,2.78620005
2022-02-18,2.78150010
2022-02-22,2.81879997
2022-02-23,2.82920003
2022-02-24,2.89689994
2022-02-25,2.84949994
2022-02-28,3.01340008
2022-03-01,3.15109992
2022-03-02,3.49469995
2022-03-03,3.50340009
2022-03-04,3.77629995
2022-03-07,3.92149997
2022-03-08,4.43730021
2022-03-09,3.46429992
2022-03-10,3.29620004
2022-03-11,3.41759992
2022-03-14,3.27629995
2022-03-15,3.02970004
2022-03-16,3.10010004
2022-03-17,3.48740005
2022-03-18,3.59809995
2022-03-21,3.80089998
2022-03-22,3.86420012
2022-03-23,4.11479998
2022-03-24,4.15339994
2022-03-25,4.11460018
2022-03-28,3.78340006
2022-03-29,3.71609998
2022-03-30,3.80850005
2022-03-31,3.69120002
2022-04-01,3.42400002
2022-04-04,3.54609990
2022-04-05,3.46819997
2022-04-06,3.34520006
2022-04-07,3.26780009
2022-04-08,3.31760001
2022-04-11,3.26769996
2022-04-12,3.46440005
2022-04-13,3.71840000
2022-04-14,3.85479999
2022-04-18,3.89080000
2022-04-19,3.86190009
2022-04-20,3.97309995
2022-04-21,3.90079999
2022-04-22,3.93860006
2022-04-25,4.09089994
2022-04-26,4.46789980
2022-04-27,4.67430019
2022-04-28,5.13539982
2022-04-29,4.78170013
2022-05-02,4.20489979
2022-05-03,4.08269978
2022-05-04,4.19700003
2022-05-05,4.04129982
2022-05-06,3.95429993
2022-05-09,3.83489990
2022-05-10,3.93219995
2022-05-11,3.95120001
2022-05-12,3.91610003
2022-05-13,3.92120004
2022-05-16,3.90750003
2022-05-17,3.79929996
2022-05-18,3.66810012
2022-05-19,3.79200006
2022-05-20,3.73909998
2022-05-23,3.76880002
2022-05-24,3.78180003
2022-05-25,3.86640000
2022-05-26,3.96799994
2022-05-27,4.00290012
2022-05-31,4.09089994
2022-06-01,4.14330006
2022-06-02,4.20839977
2022-06-03,4.28030014
2022-06-06,4.36009979
2022-06-07,4.32060003
2022-06-08,4.31430006
2022-06-09,4.40369987
2022-06-10,4.36670017
2022-06-13,4.28340006
2022-06-14,4.39400005
2022-06-15,4.54699993
2022-06-16,4.57130003
2022-06-17,4.33979988
2022-06-21,4.35839987
2022-06-22,4.40460014
2022-06-23,4.33790016
2022-06-24,4.36289978
2022-06-27,4.23019981
2022-06-28,4.19939995
2022-06-29,4.03669977
2022-06-30,3.89820004
2022-07-01,3.93889999
2022-07-05,3.60159993
2022-07-06,3.41059995
2022-07-07,3.67389989
2022-07-08,3.67289996
2022-07-11,3.76810002
2022-07-12,3.66260004
2022-07-13,3.66589999
2022-07-14,3.64940000
2022-07-15,3.69899988
2022-07-18,3.65549994
2022-07-19,3.62680006
2022-07-20,3.60430002
2022-07-21,3.59030008
2022-07-22,3.45560002
2022-07-25,3.51659989
2022-07-26,3.58389997
2022-07-27,3.71729994
2022-07-28,3.68630004
2022-07-29,3.62470007
2022-08-01,3.44000006
2022-08-02,3.38039994
2022-08-03,3.41479993
2022-08-04,3.33719993
2022-08-05,3.21589994
2022-08-08,3.17910004
2022-08-09,3.33380008
2022-08-10,3.41030002
2022-08-11,3.48399997
2022-08-12,3.51780009
2022-08-15,3.44029999
2022-08-16,3.48020005
2022-08-17,3.61739993
2022-08-18,3.64969993
2022-08-19,3.70050001
2022-08-22,3.77620006
2022-08-23,3.84190011
2022-08-24,4.01319981
2022-08-25,3.94910002
2022-08-26,4.00759983
2022-08-29,3.90989995
2022-08-30,3.81710005
2022-08-31,3.71539998
2022-09-01,3.56119990
2022-09-02,3.57800007
2022-09-06,3.57380009
2022-09-07,3.58599997
2022-09-08,3.54010010
2022-09-09,3.57870007
2022-09-12,3.60310006
2022-09-13,3.54130006
2022-09-14,3.37890005
2022-09-15,3.20519996
2022-09-16,3.17249990
2022-09-19,3.31080008
2022-09-20,3.37220001
2022-09-21,3.33380008
2022-09-22,3.41149998
2022-09-23,3.23709989
2022-09-26,3.12910008
2022-09-27,3.25990009
2022-09-28,3.44939995
2022-09-29,3.41459990
2022-09-30,3.36899996
2022-10-03,3.36910009
2022-10-04,3.53579998
2022-10-05,3.68689990
2022-10-06,3.86490011
2022-10-07,4.01870012
2022-10-10,3.91470003
2022-10-11,3.93079996
2022-10-12,3.93280005
2022-10-13,4.09480000
2022-10-14,3.98020005
2022-10-17,4.08519983
2022-10-18,3.99349999
2022-10-19,3.90429997
2022-10-20,3.75679994
2022-10-21,3.83229995
2022-10-24,3.92009997
2022-10-25,3.96720004
2022-10-26,4.12010002
2022-10-27,4.33389997
2022-10-28,4.54979992
2022-10-31,4.19089985
2022-11-01,3.62109995
2022-11-02,3.67740011
2022-11-03,3.86529994
2022-11-04,3.91479993
2022-11-07,3.78110003
2022-11-08,3.77069998
2022-11-09,3.65630007
2022-11-10,3.56940007
2022-11-11,3.55530000
2022-11-14,3.54399991
2022-11-15,3.64129996
2022-11-16,3.61360002
2022-11-17,3.52480006
2022-11-18,3.51810002
2022-11-21,3.49729991
2022-11-22,3.47129989
2022-11-23,3.35929990
2022-11-25,3.23909998
2022-11-28,3.21539998
2022-11-29,3.29590011
2022-11-30,3.36290002
2022-12-01,3.26239991
2022-12-02,3.16849995
2022-12-05,2.99979997
2022-12-06,2.91549993
2022-12-07,2.78049994
2022-12-08,2.87980008
2022-12-09,2.79369998
2022-12-12,2.96849990
2022-12-13,3.09220004
2022-12-14,3.27679992
2022-12-15,3.28340006
2022-12-16,3.11989999
2022-12-19,3.05349994
2022-12-20,3.05890012
2022-12-21,3.13949990
2022-12-22,3.13140011
2022-12-23,3.26609993
2022-12-27,3.35369992
2022-12-28,3.37779999
2022-12-29,3.31299996
2022-12-30,3.36220002
2023-01-03,3.08649993
2023-01-04,2.97189999
2023-01-05,2.97230005
2023-01-06,3.00449991
2023-01-09,3.03600001
2023-01-10,3.13569999
2023-01-11,3.21790004
2023-01-12,3.21900010
2023-01-13,3.25589991
2023-01-17,3.25099993
2023-01-18,3.26300001
2023-01-19,3.37590003
2023-01-20,3.46679997
2023-01-23,3.55089998
2023-01-24,3.42720008
2023-01-25,3.36129999
2023-01-26,3.39650011
2023-01-27,3.26550007
2023-01-30,3.11080003
2023-01-31,3.18230009
2023-02-01,2.95110011
2023-02-02,2.89669991
2023-02-03,2.77530003
2023-02-06,2.76869988
2023-02-07,2.90440011
2023-02-08,2.89330006
2023-02-09,2.81539989
2023-02-10,2.86459994
2023-02-13,2.90569997
2023-02-14,2.94009995
2023-02-15,2.84439993
2023-02-16,2.81080008
2023-02-17,2.71210003
2023-02-21,2.79189992
2023-02-22,2.71479988
2023-02-23,2.70810008
2023-02-24,2.79620004
2023-02-27,2.81979990
2023-02-28,2.82089996
2023-03-01,2.87380004
2023-03-02,2.86619997
2023-03-03,2.91310000
2023-03-06,2.88660002
2023-03-07,2.79749990
2023-03-08,2.74189997
2023-03-09,2.66890001
2023-03-10,2.77290010
2023-03-13,2.76149988
2023-03-14,2.71440005
2023-03-15,2.60489988
2023-03-16,2.64350009
2023-03-17,2.67869997
2023-03-20,2.68709993
2023-03-21,2.69020009
2023-03-22,2.74029994
2023-03-23,2.68470001
2023-03-24,2.69519997
2023-03-27,2.77040005
2023-03-28,2.76959991
2023-03-29,2.65809989
2023-03-30,2.62369990
2023-03-31,2.67630005
2023-04-03,2.66260004
2023-04-04,2.66669989
2023-04-05,2.73099995
2023-04-06,2.66050005
2023-04-10,2.68140006
2023-04-11,2.66820002
2023-04-12,2.70309997
2023-04-13,2.67280006
2023-04-14,2.63919997
2023-04-17,2.61470008
2023-04-18,2.59990001
2023-04-19,2.55769992
2023-04-20,2.49489999
2023-04-21,2.48860002
2023-04-24,2.53099990
2023-04-25,2.45110011
2023-04-26,2.37299991
2023-04-27,2.35419989
2023-04-28,2.37870002
2023-05-01,2.38229990
2023-05-02,2.28920007
2023-05-03,2.23230004
2023-05-04,2.23869991
2023-05-05,2.31469989
2023-05-08,2.37770009
2023-05-09,2.39019990
2023-05-10,2.39339995
2023-05-11,2.34949994
2023-05-12,2.30550003
2023-05-15,2.37800002
2023-05-16,2.36389995
2023-05-17,2.42260003
2023-05-18,2.40260005
2023-05-19,2.36220002
2023-05-22,2.36640000
2023-05-23,2.36170006
2023-05-24,2.41370010
2023-05-25,2.34619999
2023-05-26,2.36929989
2023-05-30,2.28080010
2023-05-31,2.25959992
2023-06-01,2.31469989
2023-06-02,2.35689998
2023-06-05,2.37750006
2023-06-06,2.36780000
2023-06-07,2.40179992
2023-06-08,2.38980007
2023-06-09,2.36100006
2023-06-12,2.30909991
2023-06-13,2.39549994
2023-06-14,2.35770011
2023-06-15,2.47959995
2023-06-16,2.55139995
2023-06-20,2.47539997
2023-06-21,2.56419992
2023-06-22,2.46550012
2023-06-23,2.40709996
2023-06-26,2.43880010
2023-06-27,2.39899993
2023-06-28,2.40669990
2023-06-29,2.41560006
2023-06-30,2.44819999
2023-07-03,2.37730002
2023-07-05,2.49329996
2023-07-06,2.47939992
2023-07-07,2.55909991
2023-07-10,2.55320001
2023-07-11,2.58369994
2023-07-12,2.59960008
2023-07-13,2.61039996
2023-07-14,2.59789991
2023-07-17,2.56419992
2023-07-18,2.59940004
2023-07-19,2.64179993
2023-07-20,2.66440010
2023-07-21,2.74569988
2023-07-24,2.77049994
2023-07-25,2.77760005
2023-07-26,2.84290004
2023-07-27,2.91689992
2023-07-28,2.95860004
2023-07-31,2.99090004
2023-08-01,3.02340007
2023-08-02,3.00430012
2023-08-03,3.07489991
2023-08-04,3.06220007
2023-08-07,3.01550007
2023-08-08,3.08559990
2023-08-09,3.20700002
2023-08-10,3.15330005
2023-08-11,3.12150002
2023-08-14,3.08829999
2023-08-15,3.02800012
2023-08-16,3.02090001
2023-08-17,3.09380007
2023-08-18,3.15969992
2023-08-21,3.11619997
2023-08-22,3.13879991
2023-08-23,3.12910008
2023-08-24,3.15639997
2023-08-25,3.30749989
2023-08-28,3.20370007
2023-08-29,3.20950007
2023-08-30,3.09619999
2023-08-31,3.14260006
2023-09-01,3.10500002
2023-09-05,3.21959996
2023-09-06,3.19269991
2023-09-07,3.21230006
2023-09-08,3.29909992
2023-09-11,3.36220002
2023-09-12,3.32830000
2023-09-13,3.43540001
2023-09-14,3.48149991
2023-09-15,3.38339996
2023-09-18,3.28830004
2023-09-19,3.37389994
2023-09-20,3.32680011
2023-09-21,3.36800003
2023-09-22,3.30620003
2023-09-25,3.26220012
2023-09-26,3.22379994
2023-09-27,3.31469989
2023-09-28,3.31800008
2023-09-29,3.36220002
2023-10-02,3.22250009
2023-10-03,3.19540000
2023-10-04,3.01780009
2023-10-05,2.86870003
2023-10-06,2.90079999
2023-10-09,2.96659994
2023-10-10,3.02010012
2023-10-11,2.99850011
2023-10-12,3.04489994
2023-10-13,3.21169996
2023-10-16,3.14919996
2023-10-17,3.17670012
2023-10-18,3.13930011
2023-10-19,3.17300010
2023-10-20,3.15660000
2023-10-23,3.09549999
2023-10-24,3.04489994
2023-10-25,3.03049994
2023-10-26,3.04390001
2023-10-27,3.05189991
2023-10-30,2.96630001
2023-10-31,2.99099994
2023-11-01,2.96149993
2023-11-02,3.02550006
2023-11-03,2.92379999
2023-11-06,2.95239997
2023-11-07,2.83839989
2023-11-08,2.74920011
2023-11-09,2.71910000
2023-11-10,2.74309993
2023-11-13,2.83929992
2023-11-14,2.83710003
2023-11-15,2.86870003
2023-11-16,2.75020003
2023-11-17,2.77250004
2023-11-20,2.84949994
2023-11-21,2.92490005
2023-11-22,2.88910007
2023-11-23,2.87120008
2023-11-24,2.83570004
2023-11-27,2.83789992
2023-11-28,2.90700006
2023-11-29,2.88849998
2023-11-30,2.83049989
2023-12-01,2.66149998
2023-12-04,2.65969992
2023-12-05,2.64109993
2023-12-06,2.57620001
2023-12-07,2.54920006
2023-12-08,2.58100009
2023-12-11,2.60870004
2023-12-12,2.50740004
2023-12-13,2.54809999
2023-12-14,2.59130001
2023-12-15,2.62080002
2023-12-18,2.67280006
2023-12-19,2.71679997
2023-12-20,2.70849991
2023-12-21,2.69679999
2023-12-22,2.66120005
2023-12-26,2.66880012
2023-12-27,2.62389994
2023-12-28,2.55629992
2023-12-29,2.55310011
2024-01-02,2.52579999
2024-01-03,2.60439992
2024-01-04,2.58839989
2024-01-05,2.60850000
2024-01-08,2.57690001
2024-01-09,2.65039992
2024-01-10,2.60060000
2024-01-11,2.67379999
2024-01-12,2.66930008
2024-01-16,2.66059995
2024-01-17,2.65359998
2024-01-18,2.69359994
2024-01-19,2.66210008
2024-01-22,2.69350004
2024-01-23,2.69129992
2024-01-24,2.68179989
2024-01-25,2.79539990
2024-01-26,2.84340000
2024-01-29,2.83389997
2024-01-30,2.80679989
2024-01-31,2.80819988
2024-02-01,2.71289992
2024-02-02,2.66000009
2024-02-05,2.72480011
2024-02-06,2.74270010
2024-02-07,2.81520009
2024-02-08,2.89080000
2024-02-09,2.96420002
2024-02-12,2.91960001
2024-02-13,2.89590001
2024-02-14,2.81010008
2024-02-15,2.82369995
2024-02-16,2.80660009
2024-02-20,2.73149991
2024-02-21,2.70519996
2024-02-22,2.75200009
2024-02-23,2.68969989
2024-02-26,2.76270008
2024-02-27,2.74600005
2024-02-28,2.65829992
2024-02-29,2.68379998
2024-03-01,2.70420003
2024-03-04,2.64720011
2024-03-05,2.60649991
2024-03-06,2.66330004
2024-03-07,2.69470000
2024-03-08,2.64089990
2024-03-11,2.65179992
2024-03-12,2.61649990
2024-03-13,2.68510008
2024-03-14,2.70880008
2024-03-15,2.72700000
2024-03-18,2.78819990
2024-03-19,2.76069999
2024-03-20,2.69569993
2024-03-21,2.66880012
2024-03-22,2.65339994
2024-03-25,2.67860007
2024-03-26,2.62179995
2024-03-27,2.59859991
2024-03-28,2.61560011
2024-04-01,2.62709999
2024-04-02,2.71190000
2024-04-03,2.73239994
2024-04-04,2.74130011
2024-04-05,2.77300000
2024-04-08,2.72869992
2024-04-09,2.67700005
2024-04-10,2.70760012
2024-04-11,2.65980005
2024-04-12,2.68510008
2024-04-15,2.65420008
2024-04-16,2.65129995
2024-04-17,2.57470012
2024-04-18,2.53390002
2024-04-19,2.54130006
2024-04-22,2.56040001
2024-04-23,2.57920003
2024-04-24,2.54990005
2024-04-25,2.55040002
2024-04-26,2.54819989
2024-04-29,2.53130007
2024-04-30,2.51340008
2024-05-01,2.45190001
2024-05-02,2.44309998
2024-05-03,2.44339991
2024-05-06,2.46140003
2024-05-07,2.46560001
2024-05-08,2.47609997
2024-05-09,2.47760010
2024-05-10,2.43440008
2024-05-13,2.43680000
2024-05-14,2.42000008
2024-05-15,2.42309999
2024-05-16,2.44370008
2024-05-17,2.48629999
2024-05-20,2.48709989
2024-05-21,2.46230006
2024-05-22,2.43179989
2024-05-23,2.41179991
2024-05-24,2.41359997
2024-05-28,2.46499991
2024-05-29,2.43700004
2024-05-30,2.36940002
2024-05-31,2.36360002
2024-06-03,2.29620004
2024-06-04,2.28590012
2024-06-05,2.30110002
2024-06-06,2.35759997
2024-06-07,2.35170007
2024-06-10,2.41470003
2024-06-11,2.42129993
2024-06-12,2.44079995
2024-06-13,2.48679996
2024-06-14,2.47059989
2024-06-17,2.48250008
2024-06-18,2.52080011
2024-06-20,2.52449989
2024-06-21,2.49149990
2024-06-24,2.52139997
2024-06-25,2.50939989
2024-06-26,2.53749990
2024-06-27,2.54760003
2024-06-28,2.51690006
2024-07-01,2.61470008
2024-07-02,2.62969995
2024-07-03,2.63429999
2024-07-05,2.60240006
2024-07-08,2.57909989
2024-07-09,2.52360010
2024-07-10,2.51839995
2024-07-11,2.51819992
2024-07-12,2.50959992
2024-07-15,2.51360011
2024-07-16,2.46880007
2024-07-17,2.49399996
2024-07-18,2.48679996
2024-07-19,2.41910005
2024-07-22,2.43479991
2024-07-23,2.40989995
2024-07-24,2.45239997
2024-07-25,2.47119999
2024-07-26,2.41969991
2024-07-29,2.37500000
2024-07-30,2.33680010
2024-07-31,2.41549993
2024-08-01,2.40639997
2024-08-02,2.31850004
2024-08-05,2.29859996
2024-08-06,2.29579997
2024-08-07,2.35560012
2024-08-08,2.35780001
2024-08-09,2.33969998
2024-08-12,2.40650010
2024-08-13,2.38919997
2024-08-14,2.36820006
2024-08-15,2.37789989
2024-08-16,2.32870007
2024-08-19,2.26349998
2024-08-20,2.26320004
2024-08-21,2.24970007
2024-08-22,2.26349998
2024-08-23,2.29970002
2024-08-26,2.34800005
2024-08-27,2.28620005
2024-08-28,2.22909999
2024-08-29,2.28399992
2024-08-30,2.25149989
2024-09-03,2.20600009
2024-09-04,2.15750003
2024-09-05,2.16890001
2024-09-06,2.11500001
2024-09-09,2.13940001
2024-09-10,2.05800009
2024-09-11,2.09170008
2024-09-12,2.11879992
2024-09-13,2.08430004
2024-09-16,2.09680009
2024-09-17,2.13669991
2024-09-18,2.14750004
2024-09-19,2.17199993
2024-09-20,2.16149998
2024-09-23,2.14510012
2024-09-24,2.18050003
2024-09-25,2.16020012
2024-09-26,2.13610005
2024-09-27,2.13269997
2024-09-30,2.13179994
2024-10-01,2.17420006
2024-10-02,2.18210006
2024-10-03,2.29469991
2024-10-04,2.31270003
2024-10-07,2.39619994
2024-10-08,2.29719996
2024-10-09,2.27690005
2024-10-10,2.35089993
2024-10-11,2.34389997
2024-10-14,2.27419996
2024-10-15,2.18770003
2024-10-16,2.17470002
2024-10-17,2.19449997
2024-10-18,2.15219998
2024-10-21,2.18330002
2024-10-22,2.23699999
2024-10-23,2.22160006
2024-10-24,2.20230007
2024-10-25,2.23810005
2024-10-28,2.12859988
2024-10-29,2.13369989
2024-10-30,2.18759990
2024-10-31,2.21950006
2024-11-01,2.23420000
2024-11-04,2.28410006
2024-11-05,2.30419993
2024-11-06,2.26999998
2024-11-07,2.28640008
2024-11-08,2.23889995
2024-11-11,2.19759989
2024-11-12,2.21079993
2024-11-13,2.21930003
2024-11-14,2.21230006
2024-11-15,2.17090011
2024-11-18,2.25139999
2024-11-19,2.24020004
2024-11-20,2.22630000
2024-11-21,2.27440000
2024-11-22,2.27489996
2024-11-25,2.23530006
2024-11-26,2.24040008
2024-11-27,2.20359993
2024-11-29,2.19300008
2024-12-02,2.17770004
2024-12-03,2.21770000
2024-12-04,2.16739988
2024-12-05,2.15569997
2024-12-06,2.13260007
2024-12-09,2.18350005
2024-12-10,2.18610001
2024-12-11,2.22329998
2024-12-12,2.23659992
2024-12-13,2.26999998
2024-12-16,2.26399994
2024-12-17,2.22790003
2024-12-18,2.25500011
2024-12-19,2.23769999
2024-12-20,2.23169994
2024-12-23,2.22630000
2024-12-24,2.22149992
2024-12-26,2.20530009
2024-12-27,2.24480009
2024-12-30,2.29949999
2024-12-31,2.32060003
2025-01-02,2.35400009
2025-01-03,2.34780002
2025-01-06,2.35520005
2025-01-07,2.36630011
2025-01-08,2.35069990
2025-01-09,2.37820005
2025-01-10,2.50169992
2025-01-13,2.53329992
2025-01-14,2.52530003
2025-01-15,2.61350012
2025-01-16,2.61719990
2025-01-17,2.62100005
2025-01-21,2.55809999
2025-01-22,2.48420000
2025-01-23,2.47149992
2025-01-24,2.51620007
2025-01-27,2.46000004
2025-01-28,2.45009995
2025-01-29,2.45400000
2025-01-30,2.47539997
2025-01-31,2.48449993
2025-02-03,2.46309996
2025-02-04,2.42980003
2025-02-05,2.38420010
2025-02-06,2.39800000
2025-02-07,2.43079996
2025-02-10,2.45090008
2025-02-11,2.51460004
2025-02-12,2.45199990
2025-02-13,2.44869995
2025-02-14,2.46180010
2025-02-18,2.44059992
2025-02-19,2.45650005
2025-02-20,2.50340009
2025-02-21,2.43230009
2025-02-24,2.43580008
2025-02-25,2.39030004
2025-02-26,2.34430003
2025-02-27,2.39590001
2025-02-28,2.35489988
2025-03-03,2.26040006
2025-03-04,2.28719997
2025-03-05,2.24079990
2025-03-06,2.22379994
2025-03-07,2.21600008
2025-03-10,2.17989993
2025-03-11,2.19679999
2025-03-12,2.20630002
2025-03-13,2.16219997
2025-03-14,2.16659999
2025-03-17,2.20379996
2025-03-18,2.19449997
2025-03-19,2.23189998
2025-03-20,2.25430012
2025-03-21,2.24959993
2025-03-24,2.25710011
2025-03-25,2.28590012
2025-03-26,2.28870010
2025-03-27,2.28469992
2025-03-28,2.26090002
2025-03-31,2.31399989
2025-04-01,2.28889990
2025-04-02,2.32200003
2025-04-03,2.18889999
2025-04-04,2.08189988
2025-04-07,2.06990004
2025-04-08,2.05699992
2025-04-09,2.11360002
2025-04-10,2.04640007
2025-04-11,2.06529999
2025-04-14,2.09170008
2025-04-15,2.07839990
2025-04-16,2.11540008
2025-04-17,2.15229988
2025-04-21,2.10890007
2025-04-22,2.14860010
2025-04-23,2.12689996
2025-04-24,2.14369988
2025-04-25,2.16729999
2025-04-28,2.17549992
2025-04-29,2.12039995
2025-04-30,2.03670001
2025-05-01,2.01200008
2025-05-02,1.99319994
2025-05-05,1.97449994
2025-05-06,2.00880003
2025-05-07,1.97660005
2025-05-08,2.03999996
2025-05-09,2.06640005
2025-05-12,2.11109996
2025-05-13,2.17129993
2025-05-14,2.20609999
2025-05-15,2.16599989
2025-05-16,2.14059997
2025-05-19,2.12770009
2025-05-20,2.12890005
2025-05-21,2.13910007
2025-05-22,2.11750007
2025-05-23,2.10479999
2025-05-27,2.07940006
2025-05-28,2.08809996
2025-05-29,2.04819989
2025-05-30,2.01719999
2025-06-02,2.04450011
2025-06-03,2.09990001
2025-06-04,2.07010007
2025-06-05,2.09450006
2025-06-06,2.12529993
2025-06-09,2.14639997
2025-06-10,2.14159989
2025-06-11,2.20530009
2025-06-12,2.18869996
2025-06-13,2.35870004
2025-06-16,2.39330006
2025-06-17,2.50510001
2025-06-18,2.53340006
2025-06-20,2.54180002
2025-06-23,2.36310005
2025-06-24,2.28509998
2025-06-25,2.29640007
2025-06-26,2.36010003
2025-06-27,2.30719995
2025-06-30,2.34579992
2025-07-01,2.32690001
2025-07-02,2.41170001
2025-07-03,2.36980009
2025-07-04,2.40899992
2025-07-07,2.42109990
2025-07-08,2.44129992
2025-07-09,2.40919995
2025-07-10,2.38350010
2025-07-11,2.44740009
2025-07-14,2.38980007
2025-07-15,2.40520000
2025-07-16,2.39150000
2025-07-17,2.46460009
2025-07-18,2.45300007
2025-07-21,2.50920010
2025-07-22,2.45180011
2025-07-23,2.44899988
2025-07-24,2.41289997
2025-07-25,2.40619993
2025-07-28,2.42659998
2025-07-29,2.46379995
2025-07-30,2.41849995
2025-07-31,2.39949989
2025-08-01,2.29990005
2025-08-04,2.31760001
2025-08-05,2.25020003
2025-08-06,2.26279998
2025-08-07,2.26679993
2025-08-08,2.27929997
2025-08-11,2.29099989
2025-08-12,2.24410009
2025-08-13,2.24280000
2025-08-14,2.23449993
2025-08-15,2.22499990
2025-08-18,2.24029994
2025-08-19,2.25110006
2025-08-20,2.27959991
2025-08-21,2.32509995
2025-08-22,2.30809999
2025-08-25,2.34750009
2025-08-26,2.28049994
2025-08-27,2.29530001
2025-08-28,2.30979991
2025-08-29,2.26670003
2025-09-02,2.37439990
2025-09-03,2.36089993
2025-09-04,2.33069992
2025-09-05,2.28699994
2025-09-08,2.31189990
2025-09-09,2.31990004
2025-09-10,2.33369994
2025-09-11,2.28189993
2025-09-12,2.28999996
2025-09-15,2.33109999
2025-09-16,2.39350009
2025-09-17,2.35479999
2025-09-18,2.33999991
2025-09-19,2.29889989
2025-09-22,2.29229999
2025-09-23,2.32800007
2025-09-24,2.37719989
2025-09-25,2.42650008
2025-09-26,2.42890000
2025-09-29,2.35660005
2025-09-30,2.33249998
2025-10-01,2.30189991
2025-10-02,2.24349999
2025-10-03,2.23629999
2025-10-06,2.24429989
2025-10-07,2.26530004
2025-10-08,2.29130006
2025-10-09,2.28029990
2025-10-10,2.20440006
2025-10-13,2.24970007
2025-10-14,2.19759989
2025-10-15,2.17479992
2025-10-16,2.15350008
2025-10-17,2.18000007
2025-10-20,2.19210005
2025-10-21,2.20580006
2025-10-22,2.24959993
2025-10-23,2.40300012
2025-10-24,2.40310001
2025-10-27,2.43610001
2025-10-28,2.38720012
2025-10-29,2.42429996
2025-10-30,2.46000004
2025-10-31,2.43120003
2025-11-03,2.40529990
2025-11-04,2.44460011
2025-11-05,2.43249989
2025-11-06,2.49609995
2025-11-07,2.48210001
2025-11-10,2.51040006
2025-11-11,2.57570004
2025-11-12,2.48160005
2025-11-13,2.46469998
2025-11-14,2.53110003
2025-11-17,2.54699993
2025-11-18,2.70110011
2025-11-19,2.63569999
2025-11-20,2.53329992
2025-11-21,2.45639992
2025-11-24,2.40610003
2025-11-25,2.35380006
2025-11-26,2.32550001
2025-11-28,2.33299994
2025-12-01,2.33999991
2025-12-02,2.31270003
2025-12-03,2.30080009
2025-12-04,2.30369997
2025-12-05,2.36290002
2025-12-08,2.29819989
2025-12-09,2.26009989
2025-12-10,2.27300000
2025-12-11,2.22889996
2025-12-12,2.19799995
2025-12-15,2.18059993
2025-12-16,2.12859988
2025-12-17,2.14949989
2025-12-18,2.13159990
2025-12-19,2.12190008
2025-12-22,2.15809989
2025-12-23,2.19059992
2025-12-24,2.15759993
2025-12-26,2.10700011
2025-12-29,2.12750006
2025-12-30,2.15050006
2025-12-31,2.12059999
2026-01-02,2.11509991
2026-01-05,2.14280009
2026-01-06,2.08299994
2026-01-07,2.05669999
2026-01-08,2.11949992
2026-01-09,2.13499999
2026-01-12,2.15440011
2026-01-13,2.23839998
2026-01-14,2.28189993
2026-01-15,2.20830011
2026-01-16,2.23760009
2026-01-20,2.33850002
2026-01-21,2.43050003
2026-01-22,2.36680007
2026-01-23,2.42849994
2026-01-26,2.56800008
2026-01-27,2.64619994
2026-01-28,2.66610003
2026-01-29,2.58540010
2026-01-30,2.73559999
2026-02-02,2.35980010
2026-02-03,2.40930009
2026-02-04,2.47000003
2026-02-05,2.39319992
2026-02-06,2.41330004
2026-02-09,2.41689992
2026-02-10,2.39879990
2026-02-11,2.44039989
2026-02-12,2.39269996
2026-02-13,2.38790011
2026-02-17,2.39059997
2026-02-18,2.51869988
2026-02-19,2.61470008
2026-02-20,2.58579993
2026-02-23,2.67820001
2026-02-24,2.68689990
2026-02-25,2.67400002
2026-02-26,2.61249995
2026-02-27,2.67090011
2026-03-02,2.90039992
2026-03-03,3.18689990
2026-03-04,3.29380012
2026-03-05,3.61430001
2026-03-06,3.62240005
2026-03-09,3.58660007
2026-03-10,3.34660006
2026-03-11,3.67880011
2026-03-12,3.89890003
2026-03-13,4.01469994
2026-03-16,3.83750010
2026-03-17,4.01580000
2026-03-18,4.19780016
2026-03-19,4.34200001
2026-03-20,4.60839987
2026-03-23,4.05600023
2026-03-24,4.29090023
2026-03-25,4.00629997
2026-03-26,4.27339983
2026-03-27,4.49550009
2026-03-30,4.36429977
2026-03-31,4.16340017
2026-04-01,4.05679989
2026-04-02,4.36110020
2026-04-06,4.32840014
2026-04-07,4.47739983
2026-04-08,3.80839992
2026-04-09,3.93700004
2026-04-10,3.76160002
2026-04-13,3.83410001
2026-04-14,3.62430000
2026-04-15,3.75320005
2026-04-16,3.83290005
2026-04-17,3.39739990
2026-04-20,3.54089999
2026-04-21,3.72880006
2026-04-22,3.93790007
2026-04-23,3.98819995
2026-04-24,3.88739991
2026-04-27,3.97469997
2026-04-28,3.97119999
2026-04-29,4.19869995
2026-04-30,4.13840008
2026-05-01,3.94639993
2026-05-04,4.07320023
2026-05-05,4.03020000
2026-05-06,3.78559995
2026-05-07,3.81660008
2026-05-08,3.89910007
2026-05-11,3.96860003
2026-05-12,4.15880013
2026-05-13,3.96670008
2026-05-14,3.90560007
2026-05-15,4.05340004
2026-05-18,4.11450005
2026-05-19,4.16249990
2026-05-20,3.94709992
2026-05-21,3.83159995
2026-05-22,3.88779998
2026-05-26,3.71460009
2026-05-27,3.59750009
2026-05-28,3.61870003
2026-05-29,3.53730011
2026-06-01,3.63940001
2026-06-02,3.69869995
2026-06-03,3.84809995
2026-06-04,3.67379999
2026-06-05,3.58739996
2026-06-08,3.59990001
2026-06-09,3.54180002
2026-06-10,3.61260009
2026-06-11,3.51309991
2026-06-12,3.40440011
2026-06-15,3.26650000
2026-06-16,3.17020011
2026-06-17,3.19460011
2026-06-18,3.12730002
2026-06-22,3.09310007
2026-06-23,3.15459991
2026-06-24,3.17619991
2026-06-25,3.29819989
2026-06-26,3.20819998
2026-06-29,3.33170009
2026-06-30,3.31680012
2026-07-01,3.21790004
2026-07-02,3.18219995
2026-07-06,3.29839993
2026-07-07,3.30170012
2026-07-08,3.65750003
2026-07-09,3.57159996
2026-07-10,3.55329990
2026-07-13,3.82360005
2026-07-14,4.01429987
2026-07-15,3.94829988
2026-07-16,4.03070021
2026-07-17,4.06459999
2026-07-20,4.11899996
2026-07-21,4.12659979
2026-07-22,4.14879990
2026-07-23,4.34159994
2026-07-24,4.18060017
2026-07-27,4.11159992
2026-07-28,4.15089989
2026-07-29,4.37010002
2026-07-30,4.20940018
2026-07-31,4.12150002
2026-08-03,3.87719989
2026-08-04,3.77049994
2026-08-05,3.79620004
2026-08-06,3.88199997
2026-08-07,3.90240002
2026-08-10,4.18979979
2026-08-11,4.25250006
2026-08-12,4.30399990
2026-08-13,4.25059986
2026-08-14,4.28289986
2026-08-17,4.31110001
