date,close
2000-11-01,0.88400000
2000-11-02,0.86879998
2000-11-03,0.86949998
2000-11-06,0.88249999
2000-11-07,0.89099997
2000-11-08,0.87419999
2000-11-09,0.87660003
2000-11-10,0.87199998
2000-11-13,0.88499999
2000-11-14,0.89230001
2000-11-15,0.92299998
2000-11-16,0.92299998
2000-11-17,0.91700000
2000-11-20,0.91970003
2000-11-21,0.91600001
2000-11-22,0.92009997
2000-11-27,0.90600002
2000-11-28,0.87949997
2000-11-29,0.91000003
2000-11-30,0.88000000
2000-12-01,0.82200003
2000-12-04,0.80250001
2000-12-05,0.76249999
2000-12-06,0.78299999
2000-12-07,0.76670003
2000-12-08,0.73799998
2000-12-11,0.76450002
2000-12-12,0.76400000
2000-12-13,0.75449997
2000-12-14,0.74500000
2000-12-15,0.75900000
2000-12-18,0.77600002
2000-12-19,0.76999998
2000-12-20,0.73000002
2000-12-21,0.74100000
2000-12-22,0.74089998
2000-12-26,0.75999999
2000-12-27,0.75300002
2000-12-28,0.75000000
2000-12-29,0.78579998
2001-01-02,0.79500002
2001-01-03,0.81000000
2001-01-04,0.81860000
2001-01-05,0.82050002
2001-01-08,0.83499998
2001-01-09,0.82900000
2001-01-10,0.88499999
2001-01-11,0.88849998
2001-01-12,0.90079999
2001-01-16,0.87900001
2001-01-17,0.85790002
2001-01-18,0.85799998
2001-01-19,0.88499999
2001-01-22,0.87599999
2001-01-23,0.87599999
2001-01-24,0.87400001
2001-01-25,0.87900001
2001-01-26,0.88499999
2001-01-29,0.87699997
2001-01-30,0.88000000
2001-01-31,0.86000001
2001-02-01,0.85009998
2001-02-02,0.89099997
2001-02-05,0.88580000
2001-02-06,0.88700002
2001-02-07,0.92250001
2001-02-08,0.92900002
2001-02-09,0.90120000
2001-02-12,0.89200002
2001-02-13,0.88700002
2001-02-14,0.88099998
2001-02-15,0.85399997
2001-02-16,0.86449999
2001-02-20,0.84899998
2001-02-21,0.83249998
2001-02-22,0.82700002
2001-02-23,0.84399998
2001-02-26,0.83800000
2001-02-27,0.83850002
2001-02-28,0.78899997
2001-03-01,0.86849999
2001-03-02,0.87250000
2001-03-05,0.88169998
2001-03-06,0.89499998
2001-03-07,0.91700000
2001-03-08,0.90499997
2001-03-09,0.88789999
2001-03-12,0.89399999
2001-03-13,0.88499999
2001-03-14,0.86400002
2001-03-15,0.86750001
2001-03-16,0.87250000
2001-03-19,0.85799998
2001-03-20,0.85699999
2001-03-21,0.90100002
2001-03-22,0.90950000
2001-03-23,0.92500001
2001-03-26,0.93300003
2001-03-27,0.94050002
2001-03-28,0.90899998
2001-03-29,0.91900003
2001-03-30,0.92299998
2001-04-02,0.89800000
2001-04-03,0.93169999
2001-04-04,0.97149998
2001-04-05,0.97219998
2001-04-06,0.96920002
2001-04-09,0.99100000
2001-04-10,1.02499998
2001-04-11,1.02409995
2001-04-12,1.02310002
2001-04-16,1.04310000
2001-04-17,1.05019999
2001-04-18,1.06050003
2001-04-19,1.06860006
2001-04-20,1.06099999
2001-04-23,1.06930006
2001-04-24,1.06910002
2001-04-25,1.08029997
2001-04-26,1.10420001
2001-04-27,1.12500000
2001-04-30,1.12969995
2001-05-01,1.05999994
2001-05-02,1.03009999
2001-05-03,1.07000005
2001-05-04,1.08430004
2001-05-07,1.06159997
2001-05-08,1.04149997
2001-05-09,1.07669997
2001-05-10,1.07410002
2001-05-11,1.05009997
2001-05-14,1.00979996
2001-05-15,1.00360000
2001-05-16,0.98760003
2001-05-17,1.02119994
2001-05-18,1.06900001
2001-05-21,1.10500002
2001-05-22,1.10780001
2001-05-23,1.15890002
2001-05-24,1.11689997
2001-05-25,1.10640001
2001-05-29,1.07579994
2001-05-30,1.04120004
2001-05-31,1.06320000
2001-06-01,0.93300003
2001-06-04,0.90770000
2001-06-05,0.90539998
2001-06-06,0.88040000
2001-06-07,0.88849998
2001-06-08,0.88830000
2001-06-11,0.88340002
2001-06-12,0.89510000
2001-06-13,0.87330002
2001-06-14,0.87180001
2001-06-15,0.87290001
2001-06-18,0.85149997
2001-06-19,0.85369998
2001-06-20,0.79030001
2001-06-21,0.77090001
2001-06-22,0.77499998
2001-06-25,0.79020000
2001-06-26,0.77789998
2001-06-27,0.71439999
2001-06-28,0.71820003
2001-06-29,0.72109997
2001-07-02,0.71480000
2001-07-03,0.72189999
2001-07-05,0.72899997
2001-07-06,0.75669998
2001-07-09,0.74940002
2001-07-10,0.72710001
2001-07-11,0.73079997
2001-07-12,0.75330001
2001-07-13,0.73409998
2001-07-16,0.74370003
2001-07-17,0.74239999
2001-07-18,0.71829998
2001-07-19,0.70209998
2001-07-20,0.72380000
2001-07-23,0.71319997
2001-07-24,0.72049999
2001-07-25,0.75099999
2001-07-26,0.76359999
2001-07-27,0.75749999
2001-07-30,0.75110000
2001-07-31,0.73210001
2001-08-01,0.74510002
2001-08-02,0.77600002
2001-08-03,0.77649999
2001-08-06,0.77539998
2001-08-07,0.77850002
2001-08-08,0.76889998
2001-08-09,0.77929997
2001-08-10,0.79900002
2001-08-13,0.80159998
2001-08-14,0.81269997
2001-08-15,0.79229999
2001-08-16,0.77450001
2001-08-17,0.73900002
2001-08-20,0.74309999
2001-08-21,0.78410000
2001-08-22,0.78250003
2001-08-23,0.78939998
2001-08-24,0.83569998
2001-08-27,0.83819997
2001-08-28,0.84509999
2001-08-29,0.83020002
2001-08-30,0.79729998
2001-08-31,0.80570000
2001-09-04,0.76840001
2001-09-05,0.78829998
2001-09-06,0.80790001
2001-09-07,0.82539999
2001-09-10,0.81870002
2001-09-11,0.81500000
2001-09-14,0.85869998
2001-09-17,0.83170003
2001-09-18,0.79320002
2001-09-19,0.75250000
2001-09-20,0.74260002
2001-09-21,0.72149998
2001-09-24,0.63599998
2001-09-25,0.62089998
2001-09-26,0.62390000
2001-09-27,0.63760000
2001-09-28,0.67989999
2001-10-01,0.65259999
2001-10-02,0.64050001
2001-10-03,0.62930000
2001-10-04,0.63290000
2001-10-05,0.61870003
2001-10-08,0.61470002
2001-10-09,0.61369997
2001-10-10,0.61369997
2001-10-11,0.62730002
2001-10-12,0.60100001
2001-10-15,0.59710002
2001-10-16,0.59020001
2001-10-17,0.58020002
2001-10-18,0.56730002
2001-10-19,0.59520000
2001-10-22,0.59789997
2001-10-23,0.59009999
2001-10-24,0.60399997
2001-10-25,0.58569998
2001-10-26,0.58319998
2001-10-29,0.58380002
2001-10-30,0.56900001
2001-10-31,0.55229998
2001-11-01,0.54130000
2001-11-02,0.54400003
2001-11-05,0.53789997
2001-11-06,0.53920001
2001-11-07,0.54629999
2001-11-08,0.57639998
2001-11-09,0.60710001
2001-11-12,0.57569999
2001-11-13,0.58010000
2001-11-14,0.53369999
2001-11-15,0.48840001
2001-11-16,0.50220001
2001-11-19,0.50790000
2001-11-20,0.52810001
2001-11-21,0.52730000
2001-11-26,0.52170002
2001-11-27,0.53810000
2001-11-28,0.52780002
2001-11-29,0.51999998
2001-11-30,0.53430003
2001-12-03,0.56019998
2001-12-04,0.55030000
2001-12-05,0.54200000
2001-12-06,0.51749998
2001-12-07,0.52499998
2001-12-10,0.51090002
2001-12-11,0.50610000
2001-12-12,0.51719999
2001-12-13,0.52079999
2001-12-14,0.55030000
2001-12-17,0.54549998
2001-12-18,0.55040002
2001-12-19,0.55809999
2001-12-20,0.55030000
2001-12-21,0.55860001
2001-12-26,0.60130000
2001-12-27,0.59270000
2001-12-28,0.58560002
2001-12-31,0.57249999
2002-01-02,0.61059999
2002-01-03,0.60450000
2002-01-04,0.62840003
2002-01-07,0.62339997
2002-01-08,0.60990000
2002-01-09,0.58060002
2002-01-10,0.58960003
2002-01-11,0.57309997
2002-01-14,0.55049998
2002-01-15,0.55199999
2002-01-16,0.55849999
2002-01-17,0.53799999
2002-01-18,0.53920001
2002-01-22,0.55000001
2002-01-23,0.56199998
2002-01-24,0.56849998
2002-01-25,0.58099997
2002-01-28,0.57700002
2002-01-29,0.56599998
2002-01-30,0.55199999
2002-01-31,0.56599998
2002-02-01,0.60299999
2002-02-04,0.59299999
2002-02-05,0.58450001
2002-02-06,0.57099998
2002-02-07,0.57099998
2002-02-08,0.58700001
2002-02-11,0.61900002
2002-02-12,0.60149997
2002-02-13,0.60900003
2002-02-14,0.60350001
2002-02-15,0.61089998
2002-02-19,0.59149998
2002-02-20,0.57599998
2002-02-21,0.58600003
2002-02-22,0.58600003
2002-02-25,0.56099999
2002-02-26,0.57150000
2002-02-27,0.58399999
2002-02-28,0.58800000
2002-03-01,0.70599997
2002-03-04,0.70800000
2002-03-05,0.73000002
2002-03-06,0.73949999
2002-03-07,0.76599997
2002-03-08,0.76800001
2002-03-11,0.79100001
2002-03-12,0.78850001
2002-03-13,0.79100001
2002-03-14,0.79750001
2002-03-15,0.80900002
2002-03-18,0.83300000
2002-03-19,0.83200002
2002-03-20,0.81599998
2002-03-21,0.82900000
2002-03-22,0.79900002
2002-03-25,0.78799999
2002-03-26,0.80199999
2002-03-27,0.81550002
2002-03-28,0.82800001
2002-04-01,0.84799999
2002-04-02,0.86900002
2002-04-03,0.84899998
2002-04-04,0.82499999
2002-04-05,0.81800002
2002-04-08,0.83999997
2002-04-09,0.83350003
2002-04-10,0.83249998
2002-04-11,0.79000002
2002-04-12,0.73250002
2002-04-15,0.78500003
2002-04-16,0.79250002
2002-04-17,0.80699998
2002-04-18,0.80849999
2002-04-19,0.80449998
2002-04-22,0.79100001
2002-04-23,0.80100000
2002-04-24,0.78649998
2002-04-25,0.79299998
2002-04-26,0.81300002
2002-04-29,0.83300000
2002-04-30,0.81099999
2002-05-01,0.80500001
2002-05-02,0.78649998
2002-05-03,0.78899997
2002-05-06,0.77350003
2002-05-07,0.78100002
2002-05-08,0.78600001
2002-05-09,0.77300000
2002-05-10,0.79049999
2002-05-13,0.79900002
2002-05-14,0.82599998
2002-05-15,0.79000002
2002-05-16,0.79850000
2002-05-17,0.80500001
2002-05-20,0.80500001
2002-05-21,0.78399998
2002-05-22,0.79799998
2002-05-23,0.78829998
2002-05-24,0.79009998
2002-05-28,0.75749999
2002-05-29,0.77200001
2002-05-30,0.73500001
2002-05-31,0.75000000
2002-06-03,0.74620003
2002-06-04,0.75349998
2002-06-05,0.75199997
2002-06-06,0.75700003
2002-06-07,0.75300002
2002-06-10,0.73790002
2002-06-11,0.73199999
2002-06-12,0.75099999
2002-06-13,0.77800000
2002-06-14,0.78799999
2002-06-17,0.79100001
2002-06-18,0.77399999
2002-06-19,0.76800001
2002-06-20,0.76950002
2002-06-21,0.75569999
2002-06-24,0.77770001
2002-06-25,0.77319998
2002-06-26,0.78509998
2002-06-27,0.79369998
2002-06-28,0.79380000
2002-07-01,0.79189998
2002-07-02,0.78979999
2002-07-03,0.78600001
2002-07-08,0.76139998
2002-07-09,0.76959997
2002-07-10,0.78990000
2002-07-11,0.79830003
2002-07-12,0.82440001
2002-07-15,0.80849999
2002-07-16,0.84530002
2002-07-17,0.84840000
2002-07-18,0.83350003
2002-07-19,0.83859998
2002-07-22,0.81140000
2002-07-23,0.79519999
2002-07-24,0.82330000
2002-07-25,0.82239997
2002-07-26,0.82209998
2002-07-29,0.83160001
2002-07-30,0.85610002
2002-07-31,0.83029997
2002-08-01,0.76220000
2002-08-02,0.77480000
2002-08-05,0.76819998
2002-08-06,0.77469999
2002-08-07,0.75459999
2002-08-08,0.75540000
2002-08-09,0.75500000
2002-08-12,0.77749997
2002-08-13,0.77380002
2002-08-14,0.77640003
2002-08-15,0.79759997
2002-08-16,0.79189998
2002-08-19,0.79089999
2002-08-20,0.80030000
2002-08-21,0.80659997
2002-08-22,0.79659998
2002-08-23,0.79519999
2002-08-26,0.82110000
2002-08-27,0.81800002
2002-08-28,0.80180001
2002-08-29,0.81320000
2002-08-30,0.81419998
2002-09-03,0.74519998
2002-09-04,0.76220000
2002-09-05,0.77660000
2002-09-06,0.78630000
2002-09-09,0.79000002
2002-09-10,0.79939997
2002-09-11,0.80549997
2002-09-12,0.78539997
2002-09-13,0.80559999
2002-09-16,0.79360002
2002-09-17,0.77630001
2002-09-18,0.79820001
2002-09-19,0.80080003
2002-09-20,0.81410003
2002-09-23,0.84270000
2002-09-24,0.82920003
2002-09-25,0.81690001
2002-09-26,0.80809999
2002-09-27,0.81430000
2002-09-30,0.80599999
2002-10-01,0.82709998
2002-10-02,0.82499999
2002-10-03,0.80250001
2002-10-04,0.79720002
2002-10-07,0.80470002
2002-10-08,0.82349998
2002-10-09,0.82040000
2002-10-10,0.80460000
2002-10-11,0.82010001
2002-10-14,0.84960002
2002-10-15,0.83990002
2002-10-16,0.83929998
2002-10-17,0.83980000
2002-10-18,0.85170001
2002-10-21,0.81029999
2002-10-22,0.79850000
2002-10-23,0.81400001
2002-10-24,0.84170002
2002-10-25,0.86089998
2002-10-28,0.85299999
2002-10-29,0.82270002
2002-10-30,0.82830000
2002-10-31,0.91000003
2002-11-01,0.76450002
2002-11-04,0.77429998
2002-11-05,0.74070001
2002-11-06,0.71780002
2002-11-07,0.70139998
2002-11-08,0.71280003
2002-11-11,0.71039999
2002-11-12,0.69840002
2002-11-13,0.68540001
2002-11-14,0.69760001
2002-11-15,0.69730002
2002-11-18,0.71939999
2002-11-19,0.70160002
2002-11-20,0.71289998
2002-11-21,0.72420001
2002-11-22,0.74870002
2002-11-25,0.71550000
2002-11-26,0.72530001
2002-11-27,0.73430002
2002-12-02,0.74390000
2002-12-03,0.75319999
2002-12-04,0.72930002
2002-12-05,0.75269997
2002-12-06,0.74030000
2002-12-09,0.76209998
2002-12-10,0.78869998
2002-12-11,0.77389997
2002-12-12,0.80710000
2002-12-13,0.83950001
2002-12-16,0.87849998
2002-12-17,0.85390002
2002-12-18,0.87540001
2002-12-19,0.87809998
2002-12-20,0.87919998
2002-12-23,0.91860002
2002-12-24,0.92769998
2002-12-26,0.92970002
2002-12-27,0.93250000
2002-12-30,0.87919998
2002-12-31,0.86479998
2003-01-02,0.88300002
2003-01-03,0.91900003
2003-01-06,0.88200003
2003-01-07,0.84179997
2003-01-08,0.83510000
2003-01-09,0.89249998
2003-01-10,0.87190002
2003-01-13,0.89899999
2003-01-14,0.89160001
2003-01-15,0.90429997
2003-01-16,0.90759999
2003-01-17,0.91109997
2003-01-21,0.90100002
2003-01-22,0.89929998
2003-01-23,0.89810002
2003-01-24,0.92250001
2003-01-27,0.90149999
2003-01-28,0.92720002
2003-01-29,0.97130001
2003-01-30,0.98689997
2003-01-31,0.97560000
2003-02-03,0.95679998
2003-02-04,1.00059998
2003-02-05,1.03149998
2003-02-06,1.02830005
2003-02-07,1.06700003
2003-02-10,1.02750003
2003-02-11,1.05589998
2003-02-12,1.03359997
2003-02-13,1.03139997
2003-02-14,1.02230000
2003-02-18,0.99449998
2003-02-19,1.00220001
2003-02-20,0.96579999
2003-02-21,1.01279998
2003-02-24,1.04750001
2003-02-25,1.00779998
2003-02-26,1.01830006
2003-02-27,1.01800001
2003-02-28,1.03770006
2003-03-03,1.09480000
2003-03-04,1.11220002
2003-03-05,1.10090005
2003-03-06,1.10599995
2003-03-07,1.14900005
2003-03-10,1.12820005
2003-03-11,1.10000002
2003-03-12,1.11389995
2003-03-13,1.05770004
2003-03-14,1.04040003
2003-03-17,1.02709997
2003-03-18,0.96190000
2003-03-19,0.94250000
2003-03-20,0.90990001
2003-03-21,0.85250002
2003-03-24,0.89789999
2003-03-25,0.88489997
2003-03-26,0.92420000
2003-03-27,0.97469997
2003-03-28,0.95300001
2003-03-31,0.94440001
2003-04-01,0.91420001
2003-04-02,0.86390001
2003-04-03,0.87159997
2003-04-04,0.87029999
2003-04-07,0.84249997
2003-04-08,0.83840001
2003-04-09,0.87570000
2003-04-10,0.83459997
2003-04-11,0.85039997
2003-04-14,0.84909999
2003-04-15,0.85879999
2003-04-16,0.87269998
2003-04-17,0.90660000
2003-04-21,0.90979999
2003-04-22,0.87739998
2003-04-23,0.84810001
2003-04-24,0.87930000
2003-04-25,0.88360000
2003-04-28,0.84240001
2003-04-29,0.82940000
2003-04-30,0.84280002
2003-05-01,0.79020000
2003-05-02,0.76779997
2003-05-05,0.79200000
2003-05-06,0.76849997
2003-05-07,0.77960002
2003-05-08,0.80839998
2003-05-09,0.83389997
2003-05-12,0.81400001
2003-05-13,0.84450001
2003-05-14,0.87370002
2003-05-15,0.86729997
2003-05-16,0.87900001
2003-05-19,0.85390002
2003-05-20,0.85020000
2003-05-21,0.86830002
2003-05-22,0.89319998
2003-05-23,0.90649998
2003-05-27,0.89520001
2003-05-28,0.87599999
2003-05-29,0.86150002
2003-05-30,0.86769998
2003-06-02,0.88669997
2003-06-03,0.88789999
2003-06-04,0.86430001
2003-06-05,0.88520002
2003-06-06,0.89600003
2003-06-09,0.89800000
2003-06-10,0.91710001
2003-06-11,0.93409997
2003-06-12,0.89050001
2003-06-13,0.85869998
2003-06-16,0.84920001
2003-06-17,0.85020000
2003-06-18,0.83730000
2003-06-19,0.82370001
2003-06-20,0.85149997
2003-06-23,0.84090000
2003-06-24,0.82590002
2003-06-25,0.85600001
2003-06-26,0.83319998
2003-06-27,0.84829998
2003-06-30,0.86989999
2003-07-01,0.88169998
2003-07-02,0.87989998
2003-07-03,0.88400000
2003-07-07,0.88630003
2003-07-08,0.90460002
2003-07-09,0.94010001
2003-07-10,0.93030000
2003-07-11,0.94470000
2003-07-14,0.94150001
2003-07-15,0.93229997
2003-07-16,0.89020002
2003-07-17,0.89069998
2003-07-18,0.92129999
2003-07-21,0.93180001
2003-07-22,0.88830000
2003-07-23,0.89579999
2003-07-24,0.89829999
2003-07-25,0.89929998
2003-07-28,0.89370000
2003-07-29,0.88840002
2003-07-30,0.90890002
2003-07-31,0.90160000
2003-08-01,0.94340003
2003-08-04,0.92670000
2003-08-05,0.95389998
2003-08-06,0.94720000
2003-08-07,0.96350002
2003-08-08,0.95499998
2003-08-11,0.94050002
2003-08-12,0.95639998
2003-08-13,0.94840002
2003-08-14,0.97630000
2003-08-15,0.99940002
2003-08-18,0.98809999
2003-08-19,0.98769999
2003-08-20,1.00360000
2003-08-21,1.09930003
2003-08-22,1.09249997
2003-08-25,1.11629999
2003-08-26,1.08010006
2003-08-27,1.03069997
2003-08-28,1.05139995
2003-08-29,1.09300005
2003-09-02,0.84740001
2003-09-03,0.84090000
2003-09-04,0.85280001
2003-09-05,0.86150002
2003-09-08,0.86330003
2003-09-09,0.88330001
2003-09-10,0.87919998
2003-09-11,0.84640002
2003-09-12,0.84520000
2003-09-15,0.85930002
2003-09-16,0.83459997
2003-09-17,0.79479998
2003-09-18,0.80170000
2003-09-19,0.78700000
2003-09-22,0.80000001
2003-09-23,0.80949998
2003-09-24,0.86540002
2003-09-25,0.87589997
2003-09-26,0.88739997
2003-09-29,0.84490001
2003-09-30,0.88279998
2003-10-01,0.80510002
2003-10-02,0.82050002
2003-10-03,0.85110003
2003-10-06,0.84270000
2003-10-07,0.83609998
2003-10-08,0.83120000
2003-10-09,0.88150001
2003-10-10,0.89069998
2003-10-13,0.87709999
2003-10-14,0.88959998
2003-10-15,0.88410002
2003-10-16,0.87589997
2003-10-17,0.84939998
2003-10-20,0.85869998
2003-10-21,0.84880000
2003-10-22,0.82130003
2003-10-23,0.83569998
2003-10-24,0.83710003
2003-10-27,0.82840002
2003-10-28,0.83010000
2003-10-29,0.83130002
2003-10-30,0.80040002
2003-10-31,0.80339998
2003-11-03,0.78719997
2003-11-04,0.78399998
2003-11-05,0.82389998
2003-11-06,0.81419998
2003-11-07,0.83310002
2003-11-10,0.82440001
2003-11-11,0.84380001
2003-11-12,0.85420001
2003-11-13,0.86909997
2003-11-14,0.89160001
2003-11-17,0.87000000
2003-11-18,0.91570002
2003-11-19,0.90439999
2003-11-20,0.88080001
2003-11-21,0.87919998
2003-11-24,0.83539999
2003-11-25,0.82359999
2003-11-26,0.83660001
2003-12-01,0.82169998
2003-12-02,0.84179997
2003-12-03,0.85640001
2003-12-04,0.85960001
2003-12-05,0.85130000
2003-12-08,0.87339997
2003-12-09,0.86460000
2003-12-10,0.86729997
2003-12-11,0.86379999
2003-12-12,0.90039998
2003-12-15,0.90280002
2003-12-16,0.90329999
2003-12-17,0.91939998
2003-12-18,0.92720002
2003-12-19,0.90499997
2003-12-22,0.87169999
2003-12-23,0.89080000
2003-12-24,0.91430002
2003-12-29,0.91100001
2003-12-30,0.94970000
2003-12-31,0.94919997
2004-01-05,0.97689998
2004-01-06,0.96550000
2004-01-07,0.96090001
2004-01-08,0.99010003
2004-01-09,1.02370000
2004-01-12,1.01619995
2004-01-13,0.99769998
2004-01-14,0.99089998
2004-01-15,0.93290001
2004-01-16,0.99519998
2004-01-20,1.01619995
2004-01-21,1.01970005
2004-01-22,1.05490005
2004-01-23,1.03649998
2004-01-26,1.00250006
2004-01-27,0.98839998
2004-01-28,0.98680001
2004-01-29,0.99140000
2004-01-30,0.99000001
2004-02-02,1.01730001
2004-02-03,1.00150001
2004-02-04,0.98570001
2004-02-05,1.00580001
2004-02-06,0.96149999
2004-02-09,0.96749997
2004-02-10,1.01049995
2004-02-11,1.00820005
2004-02-12,1.00559998
2004-02-13,1.03240001
2004-02-17,1.05200005
2004-02-18,1.04980004
2004-02-19,1.05690002
2004-02-20,1.03059995
2004-02-23,1.02769995
2004-02-24,1.02440000
2004-02-25,1.05890000
2004-02-26,1.07729995
2004-02-27,1.09500003
2004-03-01,1.14660001
2004-03-02,1.14279997
2004-03-03,1.09570003
2004-03-04,1.10520005
2004-03-05,1.12460005
2004-03-08,1.08350003
2004-03-09,1.05929995
2004-03-10,1.07019997
2004-03-11,1.12030005
2004-03-12,1.09730005
2004-03-15,1.13189995
2004-03-16,1.12639999
2004-03-17,1.15769994
2004-03-18,1.15269995
2004-03-19,1.15550005
2004-03-22,1.12909997
2004-03-23,1.14680004
2004-03-24,1.14639997
2004-03-25,1.10490000
2004-03-26,1.12899995
2004-03-29,1.11839998
2004-03-30,1.15620005
2004-03-31,1.14999998
2004-04-01,1.07589996
2004-04-02,1.07219994
2004-04-05,1.05850005
2004-04-06,1.07340002
2004-04-07,1.11249995
2004-04-08,1.15079999
2004-04-12,1.18030000
2004-04-13,1.15600002
2004-04-14,1.15530002
2004-04-15,1.17879999
2004-04-16,1.17110002
2004-04-19,1.16499996
2004-04-20,1.15840006
2004-04-21,1.13429999
2004-04-22,1.18200004
2004-04-23,1.16460001
2004-04-26,1.18219995
2004-04-27,1.20669997
2004-04-28,1.22679996
2004-04-29,1.24199998
2004-04-30,1.25000000
2004-05-03,1.26199996
2004-05-04,1.30579996
2004-05-05,1.31250000
2004-05-06,1.31200004
2004-05-07,1.33860004
2004-05-10,1.29630005
2004-05-11,1.32229996
2004-05-12,1.37349999
2004-05-13,1.40050006
2004-05-14,1.41009998
2004-05-17,1.41700006
2004-05-18,1.38689995
2004-05-19,1.45029998
2004-05-20,1.45019996
2004-05-21,1.41680002
2004-05-24,1.45780003
2004-05-25,1.41649997
2004-05-26,1.41919994
2004-05-27,1.38520002
2004-05-28,1.43669999
2004-06-01,1.35300004
2004-06-02,1.28230000
2004-06-03,1.23539996
2004-06-04,1.17789996
2004-06-07,1.20140004
2004-06-08,1.16630006
2004-06-09,1.16729999
2004-06-10,1.18809998
2004-06-14,1.15250003
2004-06-15,1.15030003
2004-06-16,1.14619994
2004-06-17,1.18710005
2004-06-18,1.19700003
2004-06-21,1.16149998
2004-06-22,1.19889998
2004-06-23,1.20150006
2004-06-24,1.22189999
2004-06-25,1.20570004
2004-06-28,1.14479995
2004-06-29,1.12430000
2004-06-30,1.15999997
2004-07-01,1.22560000
2004-07-02,1.24440002
2004-07-06,1.27209997
2004-07-07,1.27349997
2004-07-08,1.32780004
2004-07-09,1.32149994
2004-07-12,1.30019999
2004-07-13,1.28530002
2004-07-14,1.31599998
2004-07-15,1.32019997
2004-07-16,1.30050004
2004-07-19,1.29170001
2004-07-20,1.24619997
2004-07-21,1.24280000
2004-07-22,1.25720000
2004-07-23,1.27880001
2004-07-26,1.24670005
2004-07-27,1.24430001
2004-07-28,1.29540002
2004-07-29,1.27520001
2004-07-30,1.29949999
2004-08-02,1.28620005
2004-08-03,1.28659999
2004-08-04,1.20340002
2004-08-05,1.24440002
2004-08-06,1.23469996
2004-08-09,1.24010003
2004-08-10,1.23490000
2004-08-11,1.26100004
2004-08-12,1.29809999
2004-08-13,1.34679997
2004-08-16,1.30449998
2004-08-17,1.30550003
2004-08-18,1.29719996
2004-08-19,1.32360005
2004-08-20,1.26730001
2004-08-23,1.25750005
2004-08-24,1.26030004
2004-08-25,1.19459999
2004-08-26,1.16320002
2004-08-27,1.17690003
2004-08-30,1.14040005
2004-08-31,1.13499999
2004-09-01,1.18900001
2004-09-02,1.19319999
2004-09-03,1.20650005
2004-09-07,1.17920005
2004-09-08,1.18169999
2004-09-09,1.22539997
2004-09-10,1.16999996
2004-09-13,1.20140004
2004-09-14,1.24010003
2004-09-15,1.21420002
2004-09-16,1.22630000
2004-09-17,1.27030003
2004-09-20,1.27450001
2004-09-21,1.28960001
2004-09-22,1.34300005
2004-09-23,1.34319997
2004-09-24,1.34819996
2004-09-27,1.34630001
2004-09-28,1.35790002
2004-09-29,1.33599997
2004-09-30,1.34440005
2004-10-01,1.35220003
2004-10-04,1.33690000
2004-10-05,1.36660004
2004-10-06,1.38750005
2004-10-07,1.40190005
2004-10-08,1.41199994
2004-10-11,1.40499997
2004-10-12,1.38030005
2004-10-13,1.40830004
2004-10-14,1.41960001
2004-10-15,1.40939999
2004-10-18,1.35039997
2004-10-19,1.35730004
2004-10-20,1.40320003
2004-10-21,1.41219997
2004-10-22,1.43760002
2004-10-25,1.39750004
2004-10-26,1.41250002
2004-10-27,1.33609998
2004-10-28,1.28499997
2004-10-29,1.33249998
2004-11-01,1.29079998
2004-11-02,1.28770006
2004-11-03,1.32770002
2004-11-04,1.27740002
2004-11-05,1.28680003
2004-11-08,1.27530003
2004-11-09,1.23389995
2004-11-10,1.28520000
2004-11-11,1.24440002
2004-11-12,1.25689995
2004-11-15,1.23790002
2004-11-16,1.22200000
2004-11-17,1.25600004
2004-11-18,1.23829997
2004-11-19,1.31089997
2004-11-22,1.28939998
2004-11-23,1.30630004
2004-11-24,1.29569995
2004-11-29,1.30289996
2004-11-30,1.26400006
2004-12-01,1.20120001
2004-12-02,1.14139998
2004-12-03,1.13489997
2004-12-06,1.12960005
2004-12-07,1.08669996
2004-12-08,1.08749998
2004-12-09,1.11129999
2004-12-10,1.07799995
2004-12-13,1.10119998
2004-12-14,1.10990000
2004-12-15,1.16170001
2004-12-16,1.13779998
2004-12-17,1.19009995
2004-12-20,1.15219998
2004-12-21,1.16690004
2004-12-22,1.14559996
2004-12-23,1.12930000
2004-12-27,1.04120004
2004-12-28,1.04569995
2004-12-29,1.08430004
2004-12-30,1.08870006
2005-01-03,1.13170004
2005-01-04,1.17209995
2005-01-05,1.17100000
2005-01-06,1.22290003
2005-01-07,1.21420002
2005-01-10,1.20840001
2005-01-11,1.21039999
2005-01-12,1.21850002
2005-01-13,1.25460005
2005-01-14,1.27610004
2005-01-18,1.26189995
2005-01-19,1.26320004
2005-01-20,1.25759995
2005-01-21,1.29960001
2005-01-24,1.29900002
2005-01-25,1.34449995
2005-01-26,1.35930002
2005-01-27,1.35189998
2005-01-28,1.30820000
2005-01-31,1.31770003
2005-02-01,1.31449997
2005-02-02,1.29349995
2005-02-03,1.26839995
2005-02-04,1.26049995
2005-02-07,1.21220005
2005-02-08,1.21619999
2005-02-09,1.23740005
2005-02-10,1.29489994
2005-02-11,1.28369999
2005-02-14,1.27800000
2005-02-15,1.25639999
2005-02-16,1.28279996
2005-02-17,1.23650002
2005-02-18,1.26339996
2005-02-22,1.30890000
2005-02-23,1.31140006
2005-02-24,1.28380001
2005-02-25,1.25450003
2005-02-28,1.24559999
2005-03-01,1.40269995
2005-03-02,1.48380005
2005-03-03,1.50750005
2005-03-04,1.50890005
2005-03-07,1.50530005
2005-03-08,1.53530002
2005-03-09,1.53289998
2005-03-10,1.48310006
2005-03-11,1.51750004
2005-03-14,1.50650001
2005-03-15,1.50730002
2005-03-16,1.54830003
2005-03-17,1.56159997
2005-03-18,1.57550001
2005-03-21,1.59560001
2005-03-22,1.57490003
2005-03-23,1.57490003
2005-03-24,1.59920001
2005-03-28,1.57270002
2005-03-29,1.57299995
2005-03-30,1.59609997
2005-03-31,1.65489995
2005-04-01,1.73099995
2005-04-04,1.72160006
2005-04-05,1.68799996
2005-04-06,1.65919995
2005-04-07,1.56799996
2005-04-08,1.53659999
2005-04-11,1.54980004
2005-04-12,1.53380001
2005-04-13,1.48430002
2005-04-14,1.50409997
2005-04-15,1.48380005
2005-04-18,1.49440002
2005-04-19,1.57009995
2005-04-20,1.58130002
2005-04-21,1.62000000
2005-04-22,1.65230000
2005-04-25,1.65069997
2005-04-26,1.62510002
2005-04-27,1.54190004
2005-04-28,1.54900002
2005-04-29,1.49329996
2005-05-02,1.51450002
2005-05-03,1.45940006
2005-05-04,1.46640003
2005-05-05,1.47920001
2005-05-06,1.47599995
2005-05-09,1.48730004
2005-05-10,1.51030004
2005-05-11,1.48199999
2005-05-12,1.43200004
2005-05-13,1.41219997
2005-05-16,1.40520000
2005-05-17,1.43519998
2005-05-18,1.41439998
2005-05-19,1.43640006
2005-05-20,1.41910005
2005-05-23,1.39849997
2005-05-24,1.42670000
2005-05-25,1.45169997
2005-05-26,1.44780004
2005-05-27,1.47529995
2005-05-31,1.46940005
2005-06-01,1.54419994
2005-06-02,1.51540005
2005-06-03,1.55710006
2005-06-06,1.52950001
2005-06-07,1.51569998
2005-06-08,1.49749994
2005-06-09,1.57140005
2005-06-10,1.54359996
2005-06-13,1.55850005
2005-06-14,1.54089999
2005-06-15,1.56250000
2005-06-16,1.59780002
2005-06-17,1.64709997
2005-06-20,1.64559996
2005-06-21,1.62740004
2005-06-22,1.61249995
2005-06-23,1.65670002
2005-06-24,1.65569997
2005-06-27,1.67499995
2005-06-28,1.62479997
2005-06-29,1.58449996
2005-06-30,1.57210004
2005-07-01,1.64849997
2005-07-05,1.68180001
2005-07-06,1.78999996
2005-07-07,1.80560005
2005-07-08,1.76339996
2005-07-11,1.73210001
2005-07-12,1.77540004
2005-07-13,1.75419998
2005-07-14,1.69350004
2005-07-15,1.68830001
2005-07-18,1.64730000
2005-07-19,1.67349994
2005-07-20,1.67600000
2005-07-21,1.68099999
2005-07-22,1.72800004
2005-07-25,1.70640004
2005-07-26,1.69579995
2005-07-27,1.71580005
2005-07-28,1.72200000
2005-07-29,1.73870003
2005-08-01,1.74710000
2005-08-02,1.78160000
2005-08-03,1.77090001
2005-08-04,1.80229998
2005-08-05,1.83220005
2005-08-08,1.85699999
2005-08-09,1.82239997
2005-08-10,1.89629996
2005-08-11,1.94980001
2005-08-12,2.00480008
2005-08-15,1.96210003
2005-08-16,1.98360002
2005-08-17,1.89100003
2005-08-18,1.86290002
2005-08-19,1.90390003
2005-08-22,1.86160004
2005-08-23,1.85800004
2005-08-24,1.92499995
2005-08-25,1.96370006
2005-08-26,1.92659998
2005-08-29,2.06060004
2005-08-30,2.47449994
2005-08-31,2.61450005
2005-09-01,2.40899992
2005-09-02,2.18370008
2005-09-06,2.05500007
2005-09-07,2.02220011
2005-09-08,2.03550005
2005-09-09,1.95969999
2005-09-12,1.87370002
2005-09-13,1.89160001
2005-09-14,1.93739998
2005-09-15,1.89870000
2005-09-16,1.78509998
2005-09-19,2.04270005
2005-09-20,1.97660005
2005-09-21,2.05310011
2005-09-22,2.13940001
2005-09-23,2.08559990
2005-09-26,2.12919998
2005-09-27,2.16639996
2005-09-28,2.32500005
2005-09-29,2.25160003
2005-09-30,2.13809991
2005-10-03,2.06220007
2005-10-04,2.01570010
2005-10-05,1.90779996
2005-10-06,1.84050000
2005-10-07,1.82920003
2005-10-10,1.80060005
2005-10-11,1.83319998
2005-10-12,1.82760000
2005-10-13,1.75790000
2005-10-14,1.74860001
2005-10-17,1.81529999
2005-10-18,1.73520005
2005-10-19,1.67630005
2005-10-20,1.61310005
2005-10-21,1.63989997
2005-10-24,1.58159995
2005-10-25,1.65380001
2005-10-26,1.58449996
2005-10-27,1.59259999
2005-10-28,1.62419999
2005-10-31,1.52610004
2005-11-01,1.60360003
2005-11-02,1.56910002
2005-11-03,1.62679994
2005-11-04,1.60800004
2005-11-07,1.55610001
2005-11-08,1.56229997
2005-11-09,1.55130005
2005-11-10,1.50680006
2005-11-11,1.48500001
2005-11-14,1.49609995
2005-11-15,1.45640004
2005-11-16,1.48300004
2005-11-17,1.45949996
2005-11-18,1.46200001
2005-11-21,1.45729995
2005-11-22,1.48749995
2005-11-23,1.45760000
2005-11-28,1.41820002
2005-11-29,1.39510000
2005-11-30,1.42490005
2005-12-01,1.59249997
2005-12-02,1.63129997
2005-12-05,1.61500001
2005-12-06,1.61000001
2005-12-07,1.59759998
2005-12-08,1.66659999
2005-12-09,1.63989997
2005-12-12,1.68680000
2005-12-13,1.69089997
2005-12-14,1.68570006
2005-12-15,1.67999995
2005-12-16,1.61889994
2005-12-19,1.57519996
2005-12-20,1.55879998
2005-12-21,1.57640004
2005-12-22,1.59060001
2005-12-23,1.60049999
2005-12-27,1.57340002
2005-12-28,1.62109995
2005-12-29,1.68239999
2005-12-30,1.74000001
2006-01-03,1.78620005
2006-01-04,1.82449996
2006-01-05,1.81700003
2006-01-06,1.84549999
2006-01-09,1.79750001
2006-01-10,1.77999997
2006-01-11,1.76310003
2006-01-12,1.76849997
2006-01-13,1.77110004
2006-01-17,1.84000003
2006-01-18,1.79999995
2006-01-19,1.79999995
2006-01-20,1.83000004
2006-01-23,1.80999994
2006-01-24,1.77440000
2006-01-25,1.70459998
2006-01-26,1.72430003
2006-01-27,1.77139997
2006-01-30,1.80490005
2006-01-31,1.75580001
2006-02-01,1.74349999
2006-02-02,1.68929994
2006-02-03,1.70169997
2006-02-06,1.66219997
2006-02-07,1.61399996
2006-02-08,1.58309996
2006-02-09,1.58010006
2006-02-10,1.51049995
2006-02-13,1.47800004
2006-02-14,1.44610000
2006-02-15,1.43099999
2006-02-16,1.48829997
2006-02-17,1.52869999
2006-02-21,1.53069997
2006-02-22,1.49790001
2006-02-23,1.52010000
2006-02-24,1.55970001
2006-02-27,1.48699999
2006-02-28,1.54429996
2006-03-01,1.79990005
2006-03-02,1.86249995
2006-03-03,1.89810002
2006-03-06,1.84099996
2006-03-07,1.85350001
2006-03-08,1.83229995
2006-03-09,1.84000003
2006-03-10,1.81850004
2006-03-13,1.87000000
2006-03-14,1.94889998
2006-03-15,1.91050005
2006-03-16,1.94900000
2006-03-17,1.93250000
2006-03-20,1.87479997
2006-03-21,1.89750004
2006-03-22,1.84800005
2006-03-23,1.91499996
2006-03-24,1.95749998
2006-03-27,1.97200000
2006-03-28,2.03850007
2006-03-29,2.07550001
2006-03-30,2.08049989
2006-03-31,2.06450009
2006-04-03,2.05119991
2006-04-04,2.06250000
2006-04-05,2.10599995
2006-04-06,2.14389992
2006-04-07,2.12509990
2006-04-10,2.15140009
2006-04-11,2.19210005
2006-04-12,2.21550012
2006-04-13,2.22970009
2006-04-17,2.28469992
2006-04-18,2.32139993
2006-04-19,2.34689999
2006-04-20,2.32200003
2006-04-21,2.35949993
2006-04-24,2.30399990
2006-04-25,2.24499989
2006-04-26,2.25099993
2006-04-27,2.16689992
2006-04-28,2.21000004
2006-05-01,2.27559996
2006-05-02,2.32500005
2006-05-03,2.28250003
2006-05-04,2.17359996
2006-05-05,2.26729989
2006-05-08,2.24860001
2006-05-09,2.35100007
2006-05-10,2.45939994
2006-05-11,2.48950005
2006-05-12,2.42560005
2006-05-15,2.26799989
2006-05-16,2.22580004
2006-05-17,2.16000009
2006-05-18,2.17499995
2006-05-19,2.18499994
2006-05-22,2.17219996
2006-05-23,2.25000000
2006-05-24,2.15669990
2006-05-25,2.24000001
2006-05-26,2.30999994
2006-05-30,2.33470011
2006-05-31,2.28730011
2006-06-01,2.27460003
2006-06-02,2.36249995
2006-06-05,2.33669996
2006-06-06,2.34640002
2006-06-07,2.26250005
2006-06-08,2.27870011
2006-06-09,2.30530000
2006-06-12,2.25990009
2006-06-13,2.17100000
2006-06-14,2.18219995
2006-06-15,2.20190001
2006-06-16,2.20479989
2006-06-19,2.16370010
2006-06-20,2.16680002
2006-06-21,2.23020005
2006-06-22,2.27519989
2006-06-23,2.29469991
2006-06-26,2.34330010
2006-06-27,2.32890010
2006-06-28,2.31850004
2006-06-29,2.36649990
2006-06-30,2.39310002
2006-07-03,2.38459992
2006-07-05,2.41420007
2006-07-06,2.40549994
2006-07-07,2.38759995
2006-07-10,2.30489993
2006-07-11,2.31220007
2006-07-12,2.36750007
2006-07-13,2.38560009
2006-07-14,2.43079996
2006-07-17,2.39899993
2006-07-18,2.36689997
2006-07-19,2.33270001
2006-07-20,2.35859990
2006-07-21,2.42459989
2006-07-24,2.41930008
2006-07-25,2.39000010
2006-07-26,2.37500000
2006-07-27,2.35290003
2006-07-28,2.33800006
2006-07-31,2.34960008
2006-08-01,2.37240005
2006-08-02,2.41240001
2006-08-03,2.36540008
2006-08-04,2.32049990
2006-08-07,2.31999993
2006-08-08,2.27200007
2006-08-09,2.19869995
2006-08-10,2.06780005
2006-08-11,2.13240004
2006-08-14,2.04979992
2006-08-15,2.06920004
2006-08-16,2.02579999
2006-08-17,1.96500003
2006-08-18,2.00519991
2006-08-21,1.97829998
2006-08-22,1.98070002
2006-08-23,1.88549995
2006-08-24,1.86080003
2006-08-25,1.90579998
2006-08-28,1.82830000
2006-08-29,1.82500005
2006-08-30,1.83350003
2006-08-31,1.82070005
2006-09-01,1.78419995
2006-09-04,1.75150001
2006-09-05,1.68260002
2006-09-06,1.67900002
2006-09-07,1.68410003
2006-09-08,1.64230001
2006-09-11,1.62150002
2006-09-12,1.60829997
2006-09-13,1.60049999
2006-09-14,1.60160005
2006-09-15,1.63709998
2006-09-18,1.62660003
2006-09-19,1.54830003
2006-09-20,1.49500000
2006-09-21,1.53380001
2006-09-22,1.51989996
2006-09-25,1.50080001
2006-09-26,1.51999998
2006-09-27,1.55599999
2006-09-28,1.56019998
2006-09-29,1.56320000
2006-10-02,1.54250002
2006-10-03,1.49810004
2006-10-04,1.53750002
2006-10-05,1.54349995
2006-10-06,1.53020000
2006-10-09,1.52069998
2006-10-10,1.49290001
2006-10-11,1.47870004
2006-10-12,1.48720002
2006-10-13,1.51810002
2006-10-16,1.53219998
2006-10-17,1.51709998
2006-10-18,1.50030005
2006-10-19,1.53279996
2006-10-20,1.50940001
2006-10-23,1.50440001
2006-10-24,1.53219998
2006-10-25,1.58749998
2006-10-26,1.54219997
2006-10-27,1.55630004
2006-10-30,1.46000004
2006-10-31,1.44659996
2006-11-01,1.49479997
2006-11-02,1.47650003
2006-11-03,1.52569997
2006-11-06,1.54330003
2006-11-07,1.53559995
2006-11-08,1.57770002
2006-11-09,1.60520005
2006-11-10,1.56560004
2006-11-13,1.54709995
2006-11-14,1.55770004
2006-11-15,1.59469998
2006-11-16,1.54110003
2006-11-17,1.54929996
2006-11-20,1.56050003
2006-11-21,1.64269996
2006-11-22,1.59669995
2006-11-23,1.58550000
2006-11-24,1.58550000
2006-11-27,1.59749997
2006-11-28,1.63709998
2006-11-29,1.70840001
2006-11-30,1.70239997
2006-12-01,1.70799994
2006-12-04,1.66310000
2006-12-05,1.64300001
2006-12-06,1.62129998
2006-12-07,1.62320006
2006-12-08,1.61710000
2006-12-11,1.59580004
2006-12-12,1.59700000
2006-12-13,1.62210000
2006-12-14,1.67009997
2006-12-15,1.70389998
2006-12-18,1.67490005
2006-12-19,1.71060002
2006-12-20,1.69299996
2006-12-21,1.64890003
2006-12-22,1.63349998
2006-12-26,1.57159996
2006-12-27,1.58889997
2006-12-28,1.59800005
2006-12-29,1.60210001
2007-01-02,1.61629999
2007-01-03,1.54890001
2007-01-04,1.48699999
2007-01-05,1.49310005
2007-01-08,1.46850002
2007-01-09,1.46959996
2007-01-10,1.42920005
2007-01-11,1.39049995
2007-01-12,1.43200004
2007-01-16,1.36930001
2007-01-17,1.37860000
2007-01-18,1.35529995
2007-01-19,1.39800000
2007-01-22,1.37539995
2007-01-23,1.44729996
2007-01-24,1.46159995
2007-01-25,1.44410002
2007-01-26,1.48339999
2007-01-29,1.44099998
2007-01-30,1.52129996
2007-01-31,1.50090003
2007-02-01,1.52530003
2007-02-02,1.57290006
2007-02-05,1.55990005
2007-02-06,1.57249999
2007-02-07,1.54149997
2007-02-08,1.59329998
2007-02-09,1.61479998
2007-02-12,1.55270004
2007-02-13,1.60909998
2007-02-14,1.61619997
2007-02-15,1.59720004
2007-02-16,1.64530003
2007-02-20,1.64909995
2007-02-21,1.70469999
2007-02-22,1.75479996
2007-02-23,1.76310003
2007-02-26,1.77769995
2007-02-27,1.81610000
2007-02-28,1.84759998
2007-03-01,1.91009998
2007-03-02,1.90180004
2007-03-05,1.84469998
2007-03-06,1.85329998
2007-03-07,1.89549994
2007-03-08,1.92610002
2007-03-09,1.90209997
2007-03-12,1.91050005
2007-03-13,1.93180001
2007-03-14,1.92830002
2007-03-15,1.88160002
2007-03-16,1.90709996
2007-03-19,1.95809996
2007-03-20,1.94210005
2007-03-21,1.93490005
2007-03-22,1.95749998
2007-03-23,1.99829996
2007-03-26,2.06769991
2007-03-27,2.07299995
2007-03-28,2.05719995
2007-03-29,2.13549995
2007-03-30,2.11150002
2007-04-02,2.04279995
2007-04-03,2.01769996
2007-04-04,2.10540009
2007-04-05,2.12879992
2007-04-09,2.09459996
2007-04-10,2.12299991
2007-04-11,2.15869999
2007-04-12,2.19180012
2007-04-13,2.17969990
2007-04-16,2.11570001
2007-04-17,2.05579996
2007-04-18,2.08330011
2007-04-19,2.08879995
2007-04-20,2.13739991
2007-04-23,2.19070005
2007-04-24,2.20889997
2007-04-25,2.28259993
2007-04-26,2.29029989
2007-04-27,2.36129999
2007-04-30,2.44050002
2007-05-01,2.24469995
2007-05-02,2.23259997
2007-05-03,2.24760008
2007-05-04,2.21639991
2007-05-07,2.18959999
2007-05-08,2.20449996
2007-05-09,2.23090005
2007-05-10,2.32610011
2007-05-11,2.35209990
2007-05-14,2.30119991
2007-05-15,2.30159998
2007-05-16,2.33699989
2007-05-17,2.43659997
2007-05-18,2.40770006
2007-05-21,2.40129995
2007-05-22,2.30629992
2007-05-23,2.31040001
2007-05-24,2.35689998
2007-05-25,2.40370011
2007-05-29,2.29789996
2007-05-30,2.27250004
2007-05-31,2.25119996
2007-06-01,2.24460006
2007-06-04,2.23799992
2007-06-05,2.20729995
2007-06-06,2.19039989
2007-06-07,2.19269991
2007-06-08,2.12709999
2007-06-11,2.15129995
2007-06-12,2.13499999
2007-06-13,2.15529990
2007-06-14,2.22469997
2007-06-15,2.26009989
2007-06-18,2.26430011
2007-06-19,2.23460007
2007-06-20,2.22810006
2007-06-21,2.24670005
2007-06-22,2.28660011
2007-06-25,2.30250001
2007-06-26,2.24690008
2007-06-27,2.25460005
2007-06-28,2.26670003
2007-06-29,2.29419994
2007-07-02,2.24869990
2007-07-03,2.26440001
2007-07-05,2.28430009
2007-07-06,2.30960011
2007-07-09,2.34459996
2007-07-10,2.36940002
2007-07-11,2.30629992
2007-07-12,2.26629996
2007-07-13,2.22480011
2007-07-16,2.12619996
2007-07-17,2.10069990
2007-07-18,2.19530010
2007-07-19,2.19140005
2007-07-20,2.16459990
2007-07-23,2.10409999
2007-07-24,2.04769993
2007-07-25,2.08789992
2007-07-26,2.07590008
2007-07-27,2.10170007
2007-07-30,2.08559990
2007-07-31,2.14080000
2007-08-01,2.02959991
2007-08-02,2.03620005
2007-08-03,2.02900004
2007-08-06,1.92589998
2007-08-07,1.94420004
2007-08-08,1.93770003
2007-08-09,1.93400002
2007-08-10,1.95480001
2007-08-13,1.93750000
2007-08-14,1.97379994
2007-08-15,2.00880003
2007-08-16,1.97829998
2007-08-17,2.03880000
2007-08-20,1.93649995
2007-08-21,1.86370003
2007-08-22,1.88900006
2007-08-23,1.92320001
2007-08-24,1.98140001
2007-08-27,2.03929996
2007-08-28,2.01539993
2007-08-29,2.10080004
2007-08-30,2.08010006
2007-08-31,2.05189991
2007-09-04,1.99100006
2007-09-05,1.99650002
2007-09-06,1.97169995
2007-09-07,1.98640001
2007-09-10,1.97860003
2007-09-11,1.98109996
2007-09-12,2.01600003
2007-09-13,2.04640007
2007-09-14,2.03640008
2007-09-17,2.04419994
2007-09-18,2.06030011
2007-09-19,2.09340000
2007-09-20,2.13509989
2007-09-21,2.11450005
2007-09-24,2.08340001
2007-09-25,2.03789997
2007-09-26,2.02740002
2007-09-27,2.09389997
2007-09-28,2.06830001
2007-10-01,1.98130000
2007-10-02,1.98280001
2007-10-03,1.99590003
2007-10-04,2.05220008
2007-10-05,2.04929996
2007-10-08,2.00020003
2007-10-09,2.02020001
2007-10-10,2.03360009
2007-10-11,2.06660008
2007-10-12,2.08509994
2007-10-15,2.15750003
2007-10-16,2.17370009
2007-10-17,2.14660001
2007-10-18,2.18510008
2007-10-19,2.16869998
2007-10-22,2.13339996
2007-10-23,2.10890007
2007-10-24,2.14750004
2007-10-25,2.23580003
2007-10-26,2.27399993
2007-10-29,2.32739997
2007-10-30,2.25710011
2007-10-31,2.33999991
2007-11-01,2.34319997
2007-11-02,2.43950009
2007-11-05,2.38109994
2007-11-06,2.43499994
2007-11-07,2.44059992
2007-11-08,2.43759990
2007-11-09,2.45600009
2007-11-12,2.41650009
2007-11-13,2.31669998
2007-11-14,2.37039995
2007-11-15,2.33620000
2007-11-16,2.37540007
2007-11-19,2.38159990
2007-11-20,2.45149994
2007-11-21,2.43709993
2007-11-23,2.46700001
2007-11-26,2.44140005
2007-11-27,2.37299991
2007-11-28,2.27570009
2007-11-29,2.26480007
2007-11-30,2.25909996
2007-12-03,2.25009990
2007-12-04,2.25169992
2007-12-05,2.21700001
2007-12-06,2.30130005
2007-12-07,2.26900005
2007-12-10,2.25009990
2007-12-11,2.29139996
2007-12-12,2.41280007
2007-12-13,2.37439990
2007-12-14,2.34170008
2007-12-17,2.33540010
2007-12-18,2.30430007
2007-12-19,2.33189988
2007-12-20,2.32760000
2007-12-21,2.37949991
2007-12-24,2.38400006
2007-12-26,2.45260000
2007-12-27,2.49620008
2007-12-28,2.45970011
2007-12-31,2.47580004
2008-01-02,2.56890011
2008-01-03,2.54139996
2008-01-04,2.51099992
2008-01-07,2.42980003
2008-01-08,2.47390008
2008-01-09,2.43549991
2008-01-10,2.36010003
2008-01-11,2.32030010
2008-01-14,2.37280011
2008-01-15,2.30920005
2008-01-16,2.27830005
2008-01-17,2.26679993
2008-01-18,2.30340004
2008-01-22,2.28060007
2008-01-23,2.25079989
2008-01-24,2.28279996
2008-01-25,2.31820011
2008-01-28,2.32529998
2008-01-29,2.32949996
2008-01-30,2.33400011
2008-01-31,2.30909991
2008-02-01,2.28340006
2008-02-04,2.31170011
2008-02-05,2.26469994
2008-02-06,2.23990011
2008-02-07,2.26780009
2008-02-08,2.35719991
2008-02-11,2.39619994
2008-02-12,2.36800003
2008-02-13,2.38989997
2008-02-14,2.47609997
2008-02-15,2.49379992
2008-02-19,2.60310006
2008-02-20,2.58520007
2008-02-21,2.52200007
2008-02-22,2.53369999
2008-02-25,2.54189992
2008-02-26,2.55049992
2008-02-27,2.47770000
2008-02-28,2.49569988
2008-02-29,2.51230001
2008-03-03,2.67199993
2008-03-04,2.52909994
2008-03-05,2.64210010
2008-03-06,2.65319991
2008-03-07,2.69429994
2008-03-10,2.71490002
2008-03-11,2.72609997
2008-03-12,2.72860003
2008-03-13,2.68280005
2008-03-14,2.68939996
2008-03-17,2.50419998
2008-03-18,2.66000009
2008-03-19,2.56030011
2008-03-20,2.60509992
2008-03-24,2.64120007
2008-03-25,2.68020010
2008-03-26,2.74289989
2008-03-27,2.71630001
2008-03-28,2.71700001
2008-03-31,2.61630011
2008-04-01,2.63919997
2008-04-02,2.77360010
2008-04-03,2.72429991
2008-04-04,2.75670004
2008-04-07,2.78349996
2008-04-08,2.75040007
2008-04-09,2.77419996
2008-04-10,2.79209995
2008-04-11,2.80730009
2008-04-14,2.82179999
2008-04-15,2.88100004
2008-04-16,2.93899989
2008-04-17,2.95779991
2008-04-18,2.98930001
2008-04-21,2.97909999
2008-04-22,3.01640010
2008-04-23,3.05069995
2008-04-24,3.01859999
2008-04-25,3.05369997
2008-04-28,3.03069997
2008-04-29,2.93919992
2008-04-30,2.93120003
2008-05-01,2.87820005
2008-05-02,2.96639991
2008-05-05,3.05290008
2008-05-06,3.10549998
2008-05-07,3.11820006
2008-05-08,3.13779998
2008-05-09,3.20120001
2008-05-12,3.16420007
2008-05-13,3.20000005
2008-05-14,3.18039989
2008-05-15,3.16580009
2008-05-16,3.22350001
2008-05-19,3.23659992
2008-05-20,3.30439997
2008-05-21,3.39650011
2008-05-22,3.32969999
2008-05-23,3.39599991
2008-05-27,3.38299990
2008-05-28,3.44759989
2008-05-29,3.40420008
2008-05-30,3.40890002
2008-06-02,3.39070010
2008-06-03,3.35249996
2008-06-04,3.19510007
2008-06-05,3.33450007
2008-06-06,3.54800010
2008-06-09,3.39400005
2008-06-10,3.31929994
2008-06-11,3.46580005
2008-06-12,3.52600002
2008-06-13,3.46259999
2008-06-16,3.43790007
2008-06-17,3.41790009
2008-06-18,3.46670008
2008-06-19,3.35260010
2008-06-20,3.43919992
2008-06-23,3.45510006
2008-06-24,3.46350002
2008-06-25,3.39409995
2008-06-26,3.51130009
2008-06-27,3.50119996
2008-06-30,3.50149989
2008-07-01,3.51340008
2008-07-02,3.54940009
2008-07-03,3.57100010
2008-07-07,3.48270011
2008-07-08,3.36310005
2008-07-09,3.38080001
2008-07-10,3.51090002
2008-07-11,3.56320000
2008-07-14,3.55769992
2008-07-15,3.38479996
2008-07-16,3.27940011
2008-07-17,3.16330004
2008-07-18,3.17090011
2008-07-21,3.21709991
2008-07-22,3.14700007
2008-07-23,3.03439999
2008-07-24,3.05940008
2008-07-25,3.03230000
2008-07-28,3.06999993
2008-07-29,3.00769997
2008-07-30,3.13509989
2008-07-31,3.04800010
2008-08-01,3.08430004
2008-08-04,3.00020003
2008-08-05,2.95639992
2008-08-06,2.94930005
2008-08-07,3.00270009
2008-08-08,2.88739991
2008-08-11,2.86660004
2008-08-12,2.84319997
2008-08-13,2.93230009
2008-08-14,2.91199994
2008-08-15,2.86019993
2008-08-18,2.81520009
2008-08-19,2.86389995
2008-08-20,2.91030002
2008-08-21,3.04520011
2008-08-22,2.86859989
2008-08-25,2.88229990
2008-08-26,2.96970010
2008-08-27,3.06719995
2008-08-28,3.02139997
2008-08-29,3.00990009
2008-09-02,2.73370004
2008-09-03,2.76679993
2008-09-04,2.74040008
2008-09-05,2.68610001
2008-09-08,2.75029993
2008-09-09,2.65260005
2008-09-10,2.66160011
2008-09-11,2.74880004
2008-09-12,2.76959991
2008-09-15,2.56139994
2008-09-16,2.40079999
2008-09-17,2.46300006
2008-09-18,2.48239994
2008-09-19,2.59969997
2008-09-22,2.70379996
2008-09-23,2.59500003
2008-09-24,2.59470010
2008-09-25,2.69729996
2008-09-26,2.66510010
2008-09-29,2.39700007
2008-09-30,2.48469996
2008-10-01,2.35999990
2008-10-02,2.25500011
2008-10-03,2.22830009
2008-10-06,2.05909991
2008-10-07,2.06279993
2008-10-08,2.02979994
2008-10-09,2.02729988
2008-10-10,1.80700004
2008-10-13,1.91760004
2008-10-14,1.88479996
2008-10-15,1.78219998
2008-10-16,1.62199998
2008-10-17,1.66610003
2008-10-20,1.72010005
2008-10-21,1.69190001
2008-10-22,1.57089996
2008-10-23,1.57780004
2008-10-24,1.47790003
2008-10-27,1.47689998
2008-10-28,1.45550001
2008-10-29,1.53299999
2008-10-30,1.46700001
2008-10-31,1.44130003
2008-11-03,1.36249995
2008-11-04,1.53269994
2008-11-05,1.42439997
2008-11-06,1.33599997
2008-11-07,1.34949994
2008-11-10,1.36790001
2008-11-11,1.30589998
2008-11-12,1.24810004
2008-11-13,1.30239999
2008-11-14,1.23909998
2008-11-17,1.17460001
2008-11-18,1.13680005
2008-11-19,1.10699999
2008-11-20,1.00699997
2008-11-21,1.06429994
2008-11-24,1.14250004
2008-11-25,1.09490001
2008-11-26,1.17980003
2008-11-28,1.14619994
2008-12-01,1.11119998
2008-12-02,1.05830002
2008-12-03,1.04149997
2008-12-04,0.96950001
2008-12-05,0.90120000
2008-12-08,0.96179998
2008-12-09,0.93640000
2008-12-10,0.96869999
2008-12-11,1.07860005
2008-12-12,1.07770002
2008-12-15,1.03690004
2008-12-16,1.03999996
2008-12-17,1.00549996
2008-12-18,0.96289998
2008-12-19,0.96929997
2008-12-22,0.88620001
2008-12-23,0.85600001
2008-12-24,0.79269999
2008-12-26,0.84399998
2008-12-29,0.87449998
2008-12-30,0.88529998
2008-12-31,1.00820005
2009-01-02,1.11049998
2009-01-05,1.18239999
2009-01-06,1.18920004
2009-01-07,1.07640004
2009-01-08,1.08819997
2009-01-09,1.11119998
2009-01-12,1.08410001
2009-01-13,1.14890003
2009-01-14,1.16770005
2009-01-15,1.17420006
2009-01-16,1.16719997
2009-01-20,1.14310002
2009-01-21,1.17379999
2009-01-22,1.09340000
2009-01-23,1.15439999
2009-01-26,1.15310001
2009-01-27,1.10850000
2009-01-28,1.18350005
2009-01-29,1.23090005
2009-01-30,1.26890004
2009-02-02,1.14919996
2009-02-03,1.16700006
2009-02-04,1.21840000
2009-02-05,1.27479994
2009-02-06,1.25070000
2009-02-09,1.24710000
2009-02-10,1.24389994
2009-02-11,1.26979995
2009-02-12,1.25829995
2009-02-13,1.20630002
2009-02-17,1.11179996
2009-02-18,1.06519997
2009-02-19,1.09860003
2009-02-20,1.07459998
2009-02-23,1.04330003
2009-02-24,1.08369994
2009-02-25,1.16670001
2009-02-26,1.30040002
2009-02-27,1.28069997
2009-03-02,1.28620005
2009-03-03,1.31939995
2009-03-04,1.38160002
2009-03-05,1.31270003
2009-03-06,1.33220005
2009-03-09,1.33510005
2009-03-10,1.29719996
2009-03-11,1.25119996
2009-03-12,1.34570003
2009-03-13,1.35290003
2009-03-16,1.36730003
2009-03-17,1.42379999
2009-03-18,1.36570001
2009-03-19,1.43729997
2009-03-20,1.45700002
2009-03-23,1.48810005
2009-03-24,1.50259995
2009-03-25,1.49500000
2009-03-26,1.53110003
2009-03-27,1.48790002
2009-03-30,1.37989998
2009-03-31,1.39999998
2009-04-01,1.37170005
2009-04-02,1.46980000
2009-04-03,1.49240005
2009-04-06,1.47549999
2009-04-07,1.46039999
2009-04-08,1.43959999
2009-04-09,1.48099995
2009-04-13,1.46319997
2009-04-14,1.45760000
2009-04-15,1.44679999
2009-04-16,1.47430003
2009-04-17,1.49269998
2009-04-20,1.41190004
2009-04-21,1.41439998
2009-04-22,1.39059997
2009-04-23,1.39440000
2009-04-24,1.44200003
2009-04-27,1.40320003
2009-04-28,1.39769995
2009-04-29,1.44840002
2009-04-30,1.47420001
2009-05-01,1.51740003
2009-05-04,1.58599997
2009-05-05,1.57219994
2009-05-06,1.62800002
2009-05-07,1.66550004
2009-05-08,1.70550001
2009-05-11,1.68019998
2009-05-12,1.66789997
2009-05-13,1.68879998
2009-05-14,1.72370005
2009-05-15,1.68060005
2009-05-18,1.75810003
2009-05-19,1.81250000
2009-05-20,1.80949998
2009-05-21,1.79970002
2009-05-22,1.84080005
2009-05-26,1.85239995
2009-05-27,1.89170003
2009-05-28,1.91050005
2009-05-29,1.93099999
2009-06-01,1.92429996
2009-06-02,1.92519999
2009-06-03,1.90160000
2009-06-04,1.96210003
2009-06-05,1.95459998
2009-06-08,1.93599999
2009-06-09,1.96669996
2009-06-10,2.01530004
2009-06-11,2.06489992
2009-06-12,2.04310012
2009-06-15,2.05299997
2009-06-16,2.07110000
2009-06-17,2.03259993
2009-06-18,2.02950001
2009-06-19,1.92439997
2009-06-22,1.85969996
2009-06-23,1.89320004
2009-06-24,1.84249997
2009-06-25,1.89830005
2009-06-26,1.87409997
2009-06-29,1.93579996
2009-06-30,1.89719999
2009-07-01,1.85899997
2009-07-02,1.79079998
2009-07-06,1.74039996
2009-07-07,1.73280001
2009-07-08,1.63329995
2009-07-09,1.66380000
2009-07-10,1.65050006
2009-07-13,1.63940001
2009-07-14,1.64660001
2009-07-15,1.70809996
2009-07-16,1.71350002
2009-07-17,1.76989996
2009-07-20,1.78939998
2009-07-21,1.81200004
2009-07-22,1.83829999
2009-07-23,1.91320002
2009-07-24,1.91589999
2009-07-27,1.93470001
2009-07-28,1.91059995
2009-07-29,1.85500002
2009-07-30,1.99109995
2009-07-31,2.04480004
2009-08-03,2.06929994
2009-08-04,2.05669999
2009-08-05,2.05119991
2009-08-06,2.06069994
2009-08-07,2.00810003
2009-08-10,2.02740002
2009-08-11,2.04220009
2009-08-12,2.02530003
2009-08-13,2.01920009
2009-08-14,1.93799996
2009-08-17,1.95150006
2009-08-18,2.00020003
2009-08-19,2.03460002
2009-08-20,1.98220003
2009-08-21,1.99559999
2009-08-24,2.04909992
2009-08-25,2.00699997
2009-08-26,1.98259997
2009-08-27,2.03139997
2009-08-28,2.06180000
2009-08-31,1.98590004
2009-09-01,1.78219998
2009-09-02,1.80859995
2009-09-03,1.79279995
2009-09-04,1.77629995
2009-09-08,1.82889998
2009-09-09,1.82809997
2009-09-10,1.80359995
2009-09-11,1.75979996
2009-09-14,1.74329996
2009-09-15,1.78919995
2009-09-16,1.84829998
2009-09-17,1.85119998
2009-09-18,1.83239996
2009-09-21,1.75139999
2009-09-22,1.78160000
2009-09-23,1.70490003
2009-09-24,1.63660002
2009-09-25,1.62049997
2009-09-28,1.63800001
2009-09-29,1.62810004
2009-09-30,1.72590005
2009-10-01,1.75790000
2009-10-02,1.74090004
2009-10-05,1.75390005
2009-10-06,1.77269995
2009-10-07,1.72029996
2009-10-08,1.77970004
2009-10-09,1.76800001
2009-10-12,1.79900002
2009-10-13,1.83179998
2009-10-14,1.85749996
2009-10-15,1.94490004
2009-10-16,1.97930002
2009-10-19,1.98720002
2009-10-20,1.98769999
2009-10-21,2.05430007
2009-10-22,2.04419994
2009-10-23,2.04380012
2009-10-26,2.03379989
2009-10-27,2.07049990
2009-10-28,1.98640001
2009-10-29,2.01900005
2009-10-30,1.94319999
2009-11-02,1.99030006
2009-11-03,2.00040007
2009-11-04,2.01270008
2009-11-05,1.98769999
2009-11-06,1.92429996
2009-11-09,1.98179996
2009-11-10,1.97739995
2009-11-11,1.99269998
2009-11-12,1.94050002
2009-11-13,1.91620004
2009-11-16,1.98679996
2009-11-17,2.00489998
2009-11-18,2.01139998
2009-11-19,1.96949995
2009-11-20,1.98060000
2009-11-23,1.97940004
2009-11-24,1.93900001
2009-11-25,1.99759996
2009-11-27,1.92620003
2009-11-30,2.00079989
2009-12-01,2.04229999
2009-12-02,1.99280000
2009-12-03,1.99300003
2009-12-04,1.97500002
2009-12-07,1.94060004
2009-12-08,1.92460001
2009-12-09,1.85730004
2009-12-10,1.83510005
2009-12-11,1.84159994
2009-12-14,1.82669997
2009-12-15,1.84510005
2009-12-16,1.87390006
2009-12-17,1.85200000
2009-12-18,1.89479995
2009-12-21,1.86909997
2009-12-22,1.88880002
2009-12-23,1.96659994
2009-12-24,1.98959994
2009-12-28,2.01839995
2009-12-29,2.01060009
2009-12-30,2.04060006
2009-12-31,2.05250001
2010-01-04,2.10439992
2010-01-05,2.12500000
2010-01-06,2.13660002
2010-01-07,2.13490009
2010-01-08,2.15529990
2010-01-11,2.14269996
2010-01-12,2.09780002
2010-01-13,2.06019998
2010-01-14,2.07380009
2010-01-15,2.04539990
2010-01-19,2.05909991
2010-01-20,2.04649997
2010-01-21,1.98290002
2010-01-22,1.96570003
2010-01-25,2.00079989
2010-01-26,1.96739995
2010-01-27,1.93920004
2010-01-28,1.91740000
2010-01-29,1.90310001
2010-02-01,1.93210006
2010-02-02,2.01789999
2010-02-03,2.03620005
2010-02-04,1.95079994
2010-02-05,1.88639998
2010-02-08,1.89400005
2010-02-09,1.92900002
2010-02-10,1.92900002
2010-02-11,1.93570006
2010-02-12,1.92949998
2010-02-16,1.98819995
2010-02-17,2.00710011
2010-02-18,2.06920004
2010-02-19,2.08570004
2010-02-22,2.11579990
2010-02-23,2.06559992
2010-02-24,2.09890008
2010-02-25,2.03699994
2010-02-26,2.07879996
2010-03-01,2.15560007
2010-03-02,2.19659996
2010-03-03,2.24760008
2010-03-04,2.23370004
2010-03-05,2.27099991
2010-03-08,2.28920007
2010-03-09,2.26029992
2010-03-10,2.28509998
2010-03-11,2.27200007
2010-03-12,2.25500011
2010-03-15,2.22280002
2010-03-16,2.27500010
2010-03-17,2.30970001
2010-03-18,2.30089998
2010-03-19,2.25559998
2010-03-22,2.25620008
2010-03-23,2.26279998
2010-03-24,2.22119999
2010-03-25,2.21770000
2010-03-26,2.20740008
2010-03-29,2.26130009
2010-03-30,2.27469993
2010-03-31,2.30999994
2010-04-01,2.32369995
2010-04-05,2.35019994
2010-04-06,2.34829998
2010-04-07,2.31469989
2010-04-08,2.29830003
2010-04-09,2.28929996
2010-04-12,2.29579997
2010-04-13,2.30929995
2010-04-14,2.33270001
2010-04-15,2.32620001
2010-04-16,2.27699995
2010-04-19,2.25440001
2010-04-20,2.28090000
2010-04-21,2.28270006
2010-04-22,2.30019999
2010-04-23,2.35310006
2010-04-26,2.34089994
2010-04-27,2.32680011
2010-04-28,2.33270001
2010-04-29,2.35560012
2010-04-30,2.39630008
2010-05-03,2.43510008
2010-05-04,2.32220006
2010-05-05,2.22040009
2010-05-06,2.15630007
2010-05-07,2.12509990
2010-05-10,2.17260003
2010-05-11,2.19519997
2010-05-12,2.21040010
2010-05-13,2.19510007
2010-05-14,2.13080001
2010-05-17,2.04310012
2010-05-18,2.04310012
2010-05-19,2.01519990
2010-05-20,1.96449995
2010-05-21,1.96120000
2010-05-24,1.97080004
2010-05-25,1.93079996
2010-05-26,1.97039998
2010-05-27,2.03889990
2010-05-28,2.01979995
2010-06-01,1.98249996
2010-06-02,2.02609992
2010-06-03,2.08119988
2010-06-04,1.99530005
2010-06-07,1.99489999
2010-06-08,1.98909998
2010-06-09,2.03970003
2010-06-10,2.07049990
2010-06-11,2.04970002
2010-06-14,2.07640004
2010-06-15,2.12150002
2010-06-16,2.14520001
2010-06-17,2.16400003
2010-06-18,2.14759994
2010-06-21,2.14280009
2010-06-22,2.13350010
2010-06-23,2.08229995
2010-06-24,2.09349990
2010-06-25,2.16779995
2010-06-28,2.13759995
2010-06-29,2.07200003
2010-06-30,2.06060004
2010-07-01,1.99759996
2010-07-02,1.97770000
2010-07-06,1.97130001
2010-07-07,2.02530003
2010-07-08,2.05110002
2010-07-09,2.06999993
2010-07-12,2.02800012
2010-07-13,2.08209991
2010-07-14,2.06649995
2010-07-15,2.06069994
2010-07-16,2.04859996
2010-07-19,2.05900002
2010-07-20,2.07859993
2010-07-21,2.06780005
2010-07-22,2.14660001
2010-07-23,2.12220001
2010-07-26,2.10579991
2010-07-27,2.06320000
2010-07-28,2.06340003
2010-07-29,2.09739995
2010-07-30,2.10660005
2010-08-02,2.16849995
2010-08-03,2.19350004
2010-08-04,2.17499995
2010-08-05,2.16440010
2010-08-06,2.11269999
2010-08-09,2.11870003
2010-08-10,2.08529997
2010-08-11,1.99759996
2010-08-12,1.95480001
2010-08-13,1.93959999
2010-08-16,1.92429996
2010-08-17,1.95319998
2010-08-18,1.96120000
2010-08-19,1.92869997
2010-08-20,1.92509997
2010-08-23,1.88100004
2010-08-24,1.84940004
2010-08-25,1.86389995
2010-08-26,1.90849996
2010-08-27,1.94790006
2010-08-30,1.93410003
2010-08-31,1.88940001
2010-09-01,1.88909996
2010-09-02,1.92159998
2010-09-03,1.91949999
2010-09-07,1.93289995
2010-09-08,1.93939996
2010-09-09,1.93540001
2010-09-10,1.97309995
2010-09-13,1.98060000
2010-09-14,1.96899998
2010-09-15,1.96249998
2010-09-16,1.92470002
2010-09-17,1.91919994
2010-09-20,1.94959998
2010-09-21,1.91960001
2010-09-22,1.90139997
2010-09-23,1.91740000
2010-09-24,1.94710004
2010-09-27,1.94879997
2010-09-28,1.94790006
2010-09-29,1.99549997
2010-09-30,2.04480004
2010-10-01,2.08610010
2010-10-04,2.09330010
2010-10-05,2.12549996
2010-10-06,2.15590000
2010-10-07,2.11800003
2010-10-08,2.15120006
2010-10-11,2.16549993
2010-10-12,2.12389994
2010-10-13,2.16610003
2010-10-14,2.13649988
2010-10-15,2.10380006
2010-10-18,2.15149999
2010-10-19,2.04830003
2010-10-20,2.08260012
2010-10-21,2.04099989
2010-10-22,2.06380010
2010-10-25,2.07730007
2010-10-26,2.09400010
2010-10-27,2.10200000
2010-10-28,2.11389995
2010-10-29,2.10450006
2010-11-01,2.09290004
2010-11-02,2.10960007
2010-11-03,2.13800001
2010-11-04,2.17709994
2010-11-05,2.18000007
2010-11-08,2.17849994
2010-11-09,2.18499994
2010-11-10,2.23620009
2010-11-11,2.23569989
2010-11-12,2.20989990
2010-11-15,2.19499993
2010-11-16,2.15569997
2010-11-17,2.15790009
2010-11-18,2.22830009
2010-11-19,2.19600010
2010-11-22,2.15190005
2010-11-23,2.13420010
2010-11-24,2.21359992
2010-11-26,2.21029997
2010-11-29,2.28460002
2010-11-30,2.26519990
2010-12-01,2.30040002
2010-12-02,2.35529995
2010-12-03,2.35209990
2010-12-06,2.34170008
2010-12-07,2.32299995
2010-12-08,2.30460000
2010-12-09,2.34050012
2010-12-10,2.30929995
2010-12-13,2.31839991
2010-12-14,2.29640007
2010-12-15,2.30920005
2010-12-16,2.30430007
2010-12-17,2.31780005
2010-12-20,2.37779999
2010-12-21,2.39849997
2010-12-22,2.42449999
2010-12-23,2.44260001
2010-12-27,2.42090011
2010-12-28,2.40560007
2010-12-29,2.39039993
2010-12-30,2.39179993
2010-12-31,2.45320010
2011-01-03,2.42729998
2011-01-04,2.41400003
2011-01-05,2.44510007
2011-01-06,2.44300008
2011-01-07,2.41310000
2011-01-10,2.45429993
2011-01-11,2.47839999
2011-01-12,2.46309996
2011-01-13,2.44589996
2011-01-14,2.49460006
2011-01-18,2.47919989
2011-01-19,2.48160005
2011-01-20,2.42249990
2011-01-21,2.45889997
2011-01-24,2.41319990
2011-01-25,2.34270000
2011-01-26,2.43059993
2011-01-27,2.38159990
2011-01-28,2.45679998
2011-01-31,2.49060011
2011-02-01,2.51939988
2011-02-02,2.49850011
2011-02-03,2.50340009
2011-02-04,2.43530011
2011-02-07,2.45050001
2011-02-08,2.49419999
2011-02-09,2.52600002
2011-02-10,2.46980000
2011-02-11,2.46519995
2011-02-14,2.51740003
2011-02-15,2.48880005
2011-02-16,2.54469991
2011-02-17,2.52769995
2011-02-18,2.55130005
2011-02-22,2.60209990
2011-02-23,2.71490002
2011-02-24,2.71670008
2011-02-25,2.73950005
2011-02-28,2.72959995
2011-03-01,2.98340011
2011-03-02,3.02950001
2011-03-03,3.02620006
2011-03-04,3.04640007
2011-03-07,3.00390005
2011-03-08,2.94670010
2011-03-09,3.02719998
2011-03-10,3.01959991
2011-03-11,2.98769999
2011-03-14,2.96029997
2011-03-15,2.80290008
2011-03-16,2.84369993
2011-03-17,2.95059991
2011-03-18,2.94939995
2011-03-21,2.99740005
2011-03-22,3.00449991
2011-03-23,3.02130008
2011-03-24,3.04480004
2011-03-25,3.04450011
2011-03-28,3.02740002
2011-03-29,3.04579997
2011-03-30,3.06399989
2011-03-31,3.10759997
2011-04-01,3.15129995
2011-04-04,3.16880012
2011-04-05,3.20129991
2011-04-06,3.19289994
2011-04-07,3.18650007
2011-04-08,3.26069999
2011-04-11,3.20050001
2011-04-12,3.16409993
2011-04-13,3.24239993
2011-04-14,3.23469996
2011-04-15,3.28920007
2011-04-18,3.25279999
2011-04-19,3.23309994
2011-04-20,3.27729988
2011-04-21,3.30859995
2011-04-25,3.32290006
2011-04-26,3.35719991
2011-04-27,3.41939998
2011-04-28,3.42980003
2011-04-29,3.46479988
2011-05-02,3.34789991
2011-05-03,3.32940006
2011-05-04,3.32249999
2011-05-05,3.09540009
2011-05-06,3.09010005
2011-05-09,3.27839994
2011-05-10,3.37969995
2011-05-11,3.12280011
2011-05-12,3.06389999
2011-05-13,3.07439995
2011-05-16,2.93109989
2011-05-17,2.91930008
2011-05-18,2.95549989
2011-05-19,2.92600012
2011-05-20,2.93580008
2011-05-23,2.93810010
2011-05-24,2.99280000
2011-05-25,3.01620007
2011-05-26,3.04830003
2011-05-27,3.09200001
2011-05-31,3.15039992
2011-06-01,2.97729993
2011-06-02,2.96770000
2011-06-03,2.99309993
2011-06-06,2.94989991
2011-06-07,2.99189997
2011-06-08,2.97869992
2011-06-09,3.03979993
2011-06-10,3.01769996
2011-06-13,2.99679995
2011-06-14,3.06459999
2011-06-15,2.92350006
2011-06-16,2.94939995
2011-06-17,2.94600010
2011-06-20,2.91149998
2011-06-21,2.88260007
2011-06-22,2.97329998
2011-06-23,2.83759999
2011-06-24,2.77659988
2011-06-27,2.80749989
2011-06-28,2.88960004
2011-06-29,3.00970006
2011-06-30,3.03160000
2011-07-01,2.97259998
2011-07-05,2.97740006
2011-07-06,2.99760008
2011-07-07,3.12700009
2011-07-08,3.09260011
2011-07-11,3.07049990
2011-07-12,3.09820008
2011-07-13,3.15159988
2011-07-14,3.12479997
2011-07-15,3.12930012
2011-07-18,3.09739995
2011-07-19,3.11490011
2011-07-20,3.14700007
2011-07-21,3.09949994
2011-07-22,3.13010001
2011-07-25,3.12639999
2011-07-26,3.15359998
2011-07-27,3.14229989
2011-07-28,3.11759996
2011-07-29,3.11290002
2011-08-01,3.05399990
2011-08-02,3.03730011
2011-08-03,2.93129992
2011-08-04,2.73720002
2011-08-05,2.80520010
2011-08-08,2.69160008
2011-08-09,2.66759992
2011-08-10,2.78250003
2011-08-11,2.82730007
2011-08-12,2.82220006
2011-08-15,2.87450004
2011-08-16,2.85380006
2011-08-17,2.87030005
2011-08-18,2.78320003
2011-08-19,2.84120011
2011-08-22,2.83509994
2011-08-23,2.87660003
2011-08-24,2.87840009
2011-08-25,2.96790004
2011-08-26,2.93460011
2011-08-29,2.90639997
2011-08-30,2.99580002
2011-08-31,3.03200006
2011-09-01,2.89269996
2011-09-02,2.83960009
2011-09-06,2.82259989
2011-09-07,2.90799999
2011-09-08,2.88520002
2011-09-09,2.77099991
2011-09-12,2.73819995
2011-09-13,2.74239993
2011-09-14,2.72580004
2011-09-15,2.78279996
2011-09-16,2.78410006
2011-09-19,2.69650006
2011-09-20,2.70140004
2011-09-21,2.66650009
2011-09-22,2.55999994
2011-09-23,2.55469990
2011-09-26,2.56940007
2011-09-27,2.69549990
2011-09-28,2.65070009
2011-09-29,2.61919999
2011-09-30,2.62599993
2011-10-03,2.51099992
2011-10-04,2.48839998
2011-10-05,2.56920004
2011-10-06,2.68600011
2011-10-07,2.64759994
2011-10-10,2.69530010
2011-10-11,2.74760008
2011-10-12,2.74869990
2011-10-13,2.75749993
2011-10-14,2.82470012
2011-10-17,2.74289989
2011-10-18,2.74690008
2011-10-19,2.67149997
2011-10-20,2.67549992
2011-10-21,2.68460011
2011-10-24,2.68880010
2011-10-25,2.69980001
2011-10-26,2.65159988
2011-10-27,2.74200010
2011-10-28,2.68219995
2011-10-31,2.64289999
2011-11-01,2.62439990
2011-11-02,2.62719989
2011-11-03,2.64179993
2011-11-04,2.66339993
2011-11-07,2.72819996
2011-11-08,2.70639992
2011-11-09,2.64420009
2011-11-10,2.63680005
2011-11-11,2.60380006
2011-11-14,2.53530002
2011-11-15,2.58570004
2011-11-16,2.62730002
2011-11-17,2.50710011
2011-11-18,2.47839999
2011-11-21,2.48900008
2011-11-22,2.56180000
2011-11-23,2.51769996
2011-11-25,2.44889998
2011-11-28,2.51810002
2011-11-29,2.53909993
2011-11-30,2.56769991
2011-12-01,2.55789995
2011-12-02,2.61619997
2011-12-05,2.61369991
2011-12-06,2.64540005
2011-12-07,2.58690000
2011-12-08,2.56660008
2011-12-09,2.59610009
2011-12-12,2.56360006
2011-12-13,2.62540007
2011-12-14,2.50370002
2011-12-15,2.48769999
2011-12-16,2.48699999
2011-12-19,2.48909998
2011-12-20,2.57870007
2011-12-21,2.61989999
2011-12-22,2.63980007
2011-12-23,2.68720007
2011-12-27,2.68880010
2011-12-28,2.65129995
2011-12-29,2.68009996
2011-12-30,2.68630004
2012-01-03,2.74860001
2012-01-04,2.78520012
2012-01-05,2.73650002
2012-01-06,2.75160003
2012-01-09,2.75900006
2012-01-10,2.77279997
2012-01-11,2.76329994
2012-01-12,2.73130012
2012-01-13,2.73420000
2012-01-17,2.77130008
2012-01-18,2.82540011
2012-01-19,2.81579995
2012-01-20,2.78439999
2012-01-23,2.77789998
2012-01-24,2.80500007
2012-01-25,2.83380008
2012-01-26,2.84660006
2012-01-27,2.92680001
2012-01-30,2.87069988
2012-01-31,2.88739991
2012-02-01,2.89219999
2012-02-02,2.86890006
2012-02-03,2.91440010
2012-02-06,2.92790008
2012-02-07,2.92750001
2012-02-08,2.97519994
2012-02-09,3.01279998
2012-02-10,2.97490001
2012-02-13,3.01250005
2012-02-14,2.98250008
2012-02-15,3.00670004
2012-02-16,3.04710007
2012-02-17,3.01559997
2012-02-21,3.07019997
2012-02-22,3.08769989
2012-02-23,3.11360002
2012-02-24,3.15280008
2012-02-27,3.12829995
2012-02-28,3.04010010
2012-02-29,3.04229999
2012-03-01,3.35170007
2012-03-02,3.27209997
2012-03-05,3.25799990
2012-03-06,3.22989988
2012-03-07,3.28740001
2012-03-08,3.31399989
2012-03-09,3.33240008
2012-03-12,3.32299995
2012-03-13,3.35459995
2012-03-14,3.34699988
2012-03-15,3.28850007
2012-03-16,3.35689998
2012-03-19,3.36780000
2012-03-20,3.36310005
2012-03-21,3.35710001
2012-03-22,3.33960009
2012-03-23,3.38520002
2012-03-26,3.41659999
2012-03-27,3.40560007
2012-03-28,3.39549994
2012-03-29,3.40059996
2012-03-30,3.38989997
2012-04-02,3.38220000
2012-04-03,3.39540005
2012-04-04,3.33360004
2012-04-05,3.34050012
2012-04-09,3.29670000
2012-04-10,3.24959993
2012-04-11,3.29550004
2012-04-12,3.35669994
2012-04-13,3.34610009
2012-04-16,3.26699996
2012-04-17,3.23399997
2012-04-18,3.20269990
2012-04-19,3.15409994
2012-04-20,3.14269996
2012-04-23,3.18729997
2012-04-24,3.15930009
2012-04-25,3.15569997
2012-04-26,3.18330002
2012-04-27,3.20619988
2012-04-30,3.18440008
2012-05-01,3.09710002
2012-05-02,3.07570004
2012-05-03,3.04999995
2012-05-04,2.97580004
2012-05-07,2.97410011
2012-05-08,2.99440002
2012-05-09,3.02410007
2012-05-10,3.01020002
2012-05-11,3.00079989
2012-05-14,2.95900011
2012-05-15,2.94409990
2012-05-16,2.92090011
2012-05-17,2.87820005
2012-05-18,2.88949990
2012-05-21,2.94009995
2012-05-22,2.93700004
2012-05-23,2.87229991
2012-05-24,2.87649989
2012-05-25,2.89289999
2012-05-29,2.90650010
2012-05-30,2.85820007
2012-05-31,2.82500005
2012-06-01,2.65680003
2012-06-04,2.67070007
2012-06-05,2.68470001
2012-06-06,2.69029999
2012-06-07,2.68499994
2012-06-08,2.68519998
2012-06-11,2.65660000
2012-06-12,2.65019989
2012-06-13,2.65540004
2012-06-14,2.67639995
2012-06-15,2.70169997
2012-06-18,2.66090012
2012-06-19,2.64150000
2012-06-20,2.59019995
2012-06-21,2.55010009
2012-06-22,2.56990004
2012-06-25,2.64580011
2012-06-26,2.64510012
2012-06-27,2.62039995
2012-06-28,2.61420012
2012-06-29,2.72720003
2012-07-02,2.62389994
2012-07-03,2.72289991
2012-07-05,2.76480007
2012-07-06,2.71600008
2012-07-09,2.75939989
2012-07-10,2.74690008
2012-07-11,2.76889992
2012-07-12,2.80620003
2012-07-13,2.81609988
2012-07-16,2.85470009
2012-07-17,2.84500003
2012-07-18,2.88339996
2012-07-19,2.93889999
2012-07-20,2.94300008
2012-07-23,2.88290000
2012-07-24,2.82480001
2012-07-25,2.79290009
2012-07-26,2.81380010
2012-07-27,2.88779998
2012-07-30,2.93680000
2012-07-31,2.91459990
2012-08-01,2.83419991
2012-08-02,2.86960006
2012-08-03,2.93099999
2012-08-06,2.92219996
2012-08-07,2.99130011
2012-08-08,2.98040009
2012-08-09,3.00079989
2012-08-10,3.00390005
2012-08-13,2.99070001
2012-08-14,3.00139999
2012-08-15,3.08400011
2012-08-16,3.08319998
2012-08-17,3.02749991
2012-08-20,3.03080010
2012-08-21,3.06520009
2012-08-22,3.10419989
2012-08-23,3.11579990
2012-08-24,3.07800007
2012-08-27,3.15479994
2012-08-28,3.12610006
2012-08-29,3.10030007
2012-08-30,3.08260012
2012-08-31,3.10560012
2012-09-04,2.95219994
2012-09-05,2.94980001
2012-09-06,2.99099994
2012-09-07,3.01959991
2012-09-10,3.02399993
2012-09-11,3.04349995
2012-09-12,3.00160003
2012-09-13,2.96219993
2012-09-14,3.01559997
2012-09-17,2.94330001
2012-09-18,2.89899993
2012-09-19,2.82859993
2012-09-20,2.90400004
2012-09-21,2.94250011
2012-09-24,2.91759992
2012-09-25,2.96709991
2012-09-26,3.08109999
2012-09-27,3.14429998
2012-09-28,3.34200001
2012-10-01,2.92009997
2012-10-02,2.86919999
2012-10-03,2.79949999
2012-10-04,2.94289994
2012-10-05,2.95250010
2012-10-08,2.89310002
2012-10-09,2.95869994
2012-10-10,2.95930004
2012-10-11,2.95560002
2012-10-12,2.89280009
2012-10-15,2.85030007
2012-10-16,2.84529996
2012-10-17,2.78169990
2012-10-18,2.74510002
2012-10-19,2.69630003
2012-10-22,2.64750004
2012-10-23,2.60500002
2012-10-24,2.60299993
2012-10-25,2.67639995
2012-10-26,2.69910002
2012-10-31,2.76180005
2012-11-01,2.63360000
2012-11-02,2.57360005
2012-11-05,2.62019992
2012-11-06,2.69889998
2012-11-07,2.58890009
2012-11-08,2.60730004
2012-11-09,2.69919991
2012-11-12,2.67630005
2012-11-13,2.65380001
2012-11-14,2.67899990
2012-11-15,2.69619989
2012-11-16,2.71009994
2012-11-19,2.75449991
2012-11-20,2.71250010
2012-11-21,2.74950004
2012-11-23,2.74390006
2012-11-26,2.72630000
2012-11-27,2.73210001
2012-11-28,2.73390007
2012-11-29,2.78699994
2012-11-30,2.76139998
2012-12-03,2.72650003
2012-12-04,2.68899989
2012-12-05,2.63779998
2012-12-06,2.59689999
2012-12-07,2.59739995
2012-12-10,2.59809995
2012-12-11,2.61050010
2012-12-12,2.64650011
2012-12-13,2.60209990
2012-12-14,2.66210008
2012-12-17,2.65459991
2012-12-18,2.69090009
2012-12-19,2.74309993
2012-12-20,2.75430012
2012-12-21,2.73469996
2012-12-24,2.75060010
2012-12-26,2.81579995
2012-12-27,2.82130003
2012-12-28,2.79990005
2012-12-31,2.81200004
2013-01-02,2.79509997
2013-01-03,2.79769993
2013-01-04,2.76430011
2013-01-07,2.77740002
2013-01-08,2.79439998
2013-01-09,2.77889991
2013-01-10,2.79329991
2013-01-11,2.73950005
2013-01-14,2.75410008
2013-01-15,2.70659995
2013-01-16,2.72140002
2013-01-17,2.76839995
2013-01-18,2.79679990
2013-01-22,2.82990003
2013-01-23,2.83380008
2013-01-24,2.86290002
2013-01-25,2.87540007
2013-01-28,2.93479991
2013-01-29,2.97340012
2013-01-30,3.03870010
2013-01-31,3.02579999
2013-02-01,3.05360007
2013-02-04,3.01149988
2013-02-05,3.03740001
2013-02-06,3.03970003
2013-02-07,2.99990010
2013-02-08,3.05879998
2013-02-11,3.02119994
2013-02-12,3.05029988
2013-02-13,3.03539991
2013-02-14,3.11660004
2013-02-15,3.13450003
2013-02-19,3.12120008
2013-02-20,3.05949998
2013-02-21,3.03649998
2013-02-22,3.07960010
2013-02-25,3.06110001
2013-02-26,2.98160005
2013-02-27,2.85649991
2013-02-28,2.91459990
2013-03-01,3.12859988
2013-03-04,3.09829998
2013-03-05,3.14820004
2013-03-06,3.12470007
2013-03-07,3.12330008
2013-03-08,3.20350003
2013-03-11,3.15240002
2013-03-12,3.15019989
2013-03-13,3.14229989
2013-03-14,3.14129996
2013-03-15,3.16380000
2013-03-18,3.12890005
2013-03-19,3.04509997
2013-03-20,3.11630011
2013-03-21,3.07060003
2013-03-22,3.06250000
2013-03-25,3.06259990
2013-03-26,3.11059999
2013-03-27,3.11549997
2013-04-01,3.10150003
2013-04-02,3.04080009
2013-04-03,2.91400003
2013-04-04,2.89870000
2013-04-05,2.86360002
2013-04-08,2.90930009
2013-04-09,2.94239998
2013-04-10,2.86509991
2013-04-11,2.83100009
2013-04-12,2.80180001
2013-04-15,2.75760007
2013-04-16,2.78180003
2013-04-17,2.72900009
2013-04-18,2.75550008
2013-04-19,2.77239990
2013-04-22,2.76939988
2013-04-23,2.71900010
2013-04-24,2.74740005
2013-04-25,2.81180000
2013-04-26,2.83489990
2013-04-29,2.82750010
2013-04-30,2.80089998
2013-05-01,2.71930003
2013-05-02,2.78060007
2013-05-03,2.82540011
2013-05-06,2.86570001
2013-05-07,2.83340001
2013-05-08,2.85380006
2013-05-09,2.88509989
2013-05-10,2.86030006
2013-05-13,2.82100010
2013-05-14,2.83759999
2013-05-15,2.86700010
2013-05-16,2.88220000
2013-05-17,2.90689993
2013-05-20,2.90560007
2013-05-21,2.84579992
2013-05-22,2.81940007
2013-05-23,2.82809997
2013-05-24,2.83899999
2013-05-28,2.85279989
2013-05-29,2.80310011
2013-05-30,2.81250000
2013-05-31,2.77920008
2013-06-03,2.78509998
2013-06-04,2.81820011
2013-06-05,2.82299995
2013-06-06,2.85089993
2013-06-07,2.87150002
2013-06-10,2.84809995
2013-06-11,2.82310009
2013-06-12,2.81010008
2013-06-13,2.86129999
2013-06-14,2.89669991
2013-06-17,2.85610008
2013-06-18,2.87940001
2013-06-19,2.89240003
2013-06-20,2.78719997
2013-06-21,2.76169991
2013-06-24,2.73760009
2013-06-25,2.73740005
2013-06-26,2.73060012
2013-06-27,2.74259996
2013-06-28,2.75200009
2013-07-01,2.73790002
2013-07-02,2.78329992
2013-07-03,2.83820009
2013-07-05,2.89680004
2013-07-08,2.88369989
2013-07-09,2.92600012
2013-07-10,3.01489997
2013-07-11,3.02139997
2013-07-12,3.11750007
2013-07-15,3.10290003
2013-07-16,3.13429999
2013-07-17,3.11010003
2013-07-18,3.10980010
2013-07-19,3.12339997
2013-07-22,3.05509996
2013-07-23,3.05909991
2013-07-24,3.05480003
2013-07-25,3.01699996
2013-07-26,3.04439998
2013-07-29,3.01250005
2013-07-30,3.01850009
2013-07-31,3.04419994
2013-08-01,3.02839994
2013-08-02,2.99469995
2013-08-05,2.95059991
2013-08-06,2.91510010
2013-08-07,2.87109995
2013-08-08,2.85759997
2013-08-09,2.90820003
2013-08-12,2.90409994
2013-08-13,2.94250011
2013-08-14,2.98300004
2013-08-15,2.98449993
2013-08-16,2.96749997
2013-08-19,2.93330002
2013-08-20,2.92720008
2013-08-21,2.93770003
2013-08-22,2.96479988
2013-08-23,3.00720000
2013-08-26,2.95169997
2013-08-27,3.03410006
2013-08-28,3.09450006
2013-08-29,3.06640005
2013-08-30,3.01830006
2013-09-03,2.86459994
2013-09-04,2.86430001
2013-09-05,2.83599997
2013-09-06,2.85369992
2013-09-09,2.80240011
2013-09-10,2.73569989
2013-09-11,2.71219993
2013-09-12,2.76270008
2013-09-13,2.76959991
2013-09-16,2.71659994
2013-09-17,2.66109991
2013-09-18,2.74210000
2013-09-19,2.69720006
2013-09-20,2.68420005
2013-09-23,2.62299991
2013-09-24,2.65919995
2013-09-25,2.67289996
2013-09-26,2.70499992
2013-09-27,2.67619991
2013-09-30,2.63470006
2013-10-01,2.61059999
2013-10-02,2.62870002
2013-10-03,2.63960004
2013-10-04,2.60759997
2013-10-07,2.62610006
2013-10-08,2.63059998
2013-10-09,2.62299991
2013-10-10,2.69810009
2013-10-11,2.66810012
2013-10-14,2.66680002
2013-10-15,2.65980005
2013-10-16,2.70210004
2013-10-17,2.64790010
2013-10-18,2.67319989
2013-10-21,2.65380001
2013-10-22,2.61669993
2013-10-23,2.55229998
2013-10-24,2.58960009
2013-10-25,2.58710003
2013-10-28,2.63089991
2013-10-29,2.60980010
2013-10-30,2.65079999
2013-10-31,2.63369989
2013-11-01,2.54539990
2013-11-04,2.52819991
2013-11-05,2.51609993
2013-11-06,2.54800010
2013-11-07,2.50309992
2013-11-08,2.55340004
2013-11-11,2.59649992
2013-11-12,2.58640003
2013-11-13,2.62800002
2013-11-14,2.68370008
2013-11-15,2.65770006
2013-11-18,2.65680003
2013-11-19,2.63949990
2013-11-20,2.66300011
2013-11-21,2.74379992
2013-11-22,2.72609997
2013-11-25,2.68070006
2013-11-26,2.68689990
2013-11-27,2.69829988
2013-11-29,2.68409991
2013-12-02,2.67840004
2013-12-03,2.72370005
2013-12-04,2.71919990
2013-12-05,2.71269989
2013-12-06,2.72690010
2013-12-09,2.67490005
2013-12-10,2.68289995
2013-12-11,2.66109991
2013-12-12,2.63479996
2013-12-13,2.62930012
2013-12-16,2.64369988
2013-12-17,2.64720011
2013-12-18,2.69729996
2013-12-19,2.74009991
2013-12-20,2.78309989
2013-12-23,2.78029990
2013-12-24,2.81419992
2013-12-26,2.81999993
2013-12-27,2.81609988
2013-12-30,2.78769994
2013-12-31,2.78579998
2014-01-02,2.69499993
2014-01-03,2.64879990
2014-01-06,2.64599991
2014-01-07,2.67860007
2014-01-08,2.65630007
2014-01-09,2.64260006
2014-01-10,2.66910005
2014-01-13,2.63409996
2014-01-14,2.62240005
2014-01-15,2.62639999
2014-01-16,2.59509993
2014-01-17,2.62039995
2014-01-21,2.62059999
2014-01-22,2.67709994
2014-01-23,2.66179991
2014-01-24,2.66319990
2014-01-27,2.62170005
2014-01-28,2.62779999
2014-01-29,2.66090012
2014-01-30,2.66260004
2014-01-31,2.62719989
2014-02-03,2.60689998
2014-02-04,2.60310006
2014-02-05,2.64129996
2014-02-06,2.68300009
2014-02-07,2.74889994
2014-02-10,2.72480011
2014-02-11,2.75259995
2014-02-12,2.76309991
2014-02-13,2.77719998
2014-02-14,2.80530000
2014-02-18,2.83229995
2014-02-19,2.82470012
2014-02-20,2.84660006
2014-02-21,2.83330011
2014-02-24,2.83360004
2014-02-25,2.79809999
2014-02-26,2.79920006
2014-02-27,2.76180005
2014-02-28,2.78979993
2014-03-03,3.02029991
2014-03-04,2.98530006
2014-03-05,2.94029999
2014-03-06,2.94549990
2014-03-07,2.97379994
2014-03-10,2.94939995
2014-03-11,2.96700001
2014-03-12,2.95580006
2014-03-13,2.93289995
2014-03-14,2.95970011
2014-03-17,2.88109994
2014-03-18,2.90280008
2014-03-19,2.86879992
2014-03-20,2.89549994
2014-03-21,2.90790009
2014-03-24,2.89089990
2014-03-25,2.88280010
2014-03-26,2.90890002
2014-03-27,2.94260001
2014-03-28,2.93750000
2014-03-31,2.91100001
2014-04-01,2.86969995
2014-04-02,2.86680007
2014-04-03,2.91179991
2014-04-04,2.93129992
2014-04-07,2.92600012
2014-04-08,2.98009992
2014-04-09,3.00839996
2014-04-10,3.00790000
2014-04-11,3.01440001
2014-04-14,3.03839993
2014-04-15,3.04209995
2014-04-16,3.04049993
2014-04-17,3.05469990
2014-04-21,3.08690000
2014-04-22,3.09520006
2014-04-23,3.09349990
2014-04-24,3.08949995
2014-04-25,3.07509995
2014-04-28,3.04029989
2014-04-29,3.06340003
2014-04-30,3.00769997
2014-05-01,2.93880010
2014-05-02,2.94449997
2014-05-05,2.90919995
2014-05-06,2.88579988
2014-05-07,2.91820002
2014-05-08,2.90499997
2014-05-09,2.89599991
2014-05-12,2.91459990
2014-05-13,2.93020010
2014-05-14,2.96930003
2014-05-15,2.96420002
2014-05-16,2.97350001
2014-05-19,2.96460009
2014-05-20,2.96399999
2014-05-21,2.99419999
2014-05-22,3.00580001
2014-05-23,3.02349997
2014-05-27,2.99519992
2014-05-28,3.00589991
2014-05-29,3.01360011
2014-05-30,2.99650002
2014-06-02,2.94989991
2014-06-03,2.94869995
2014-06-04,2.93519998
2014-06-05,2.95630002
2014-06-06,2.93899989
2014-06-09,2.98480010
2014-06-10,2.97449994
2014-06-11,3.00079989
2014-06-12,3.08369994
2014-06-13,3.05769992
2014-06-16,3.07179999
2014-06-17,3.09109998
2014-06-18,3.09820008
2014-06-19,3.12549996
2014-06-20,3.12770009
2014-06-23,3.10759997
2014-06-24,3.12579989
2014-06-25,3.09270000
2014-06-26,3.08559990
2014-06-27,3.09879994
2014-06-30,3.07699990
2014-07-01,3.03660011
2014-07-02,3.02399993
2014-07-03,3.01979995
2014-07-07,2.98900008
2014-07-08,2.97289991
2014-07-09,2.93770003
2014-07-10,2.95760012
2014-07-11,2.90849996
2014-07-14,2.92510009
2014-07-15,2.89860010
2014-07-16,2.88249993
2014-07-17,2.88170004
2014-07-18,2.86030006
2014-07-21,2.89140010
2014-07-22,2.88070011
2014-07-23,2.86010003
2014-07-24,2.83680010
2014-07-25,2.86529994
2014-07-28,2.84920001
2014-07-29,2.87089992
2014-07-30,2.84330010
2014-07-31,2.83109999
2014-08-01,2.74429989
2014-08-04,2.72490001
2014-08-05,2.71550012
2014-08-06,2.73970008
2014-08-07,2.77230000
2014-08-08,2.75370002
2014-08-11,2.75250006
2014-08-12,2.73449993
2014-08-13,2.75440001
2014-08-14,2.66659999
2014-08-15,2.69860005
2014-08-18,2.65599990
2014-08-19,2.69540000
2014-08-20,2.71259999
2014-08-21,2.74749994
2014-08-22,2.73839998
2014-08-25,2.74970007
2014-08-26,2.76309991
2014-08-27,2.74589992
2014-08-28,2.75270009
2014-08-29,2.78270006
2014-09-02,2.54299998
2014-09-03,2.61999989
2014-09-04,2.59990001
2014-09-05,2.58340001
2014-09-08,2.56189990
2014-09-09,2.54839993
2014-09-10,2.52649999
2014-09-11,2.52410007
2014-09-12,2.51880002
2014-09-15,2.53080010
2014-09-16,2.55879998
2014-09-17,2.56920004
2014-09-18,2.56100011
2014-09-19,2.61139989
2014-09-22,2.58470011
2014-09-23,2.62870002
2014-09-24,2.66380000
2014-09-25,2.71799994
2014-09-26,2.66190004
2014-09-29,2.69630003
2014-09-30,2.58690000
2014-10-01,2.44970012
2014-10-02,2.40910006
2014-10-03,2.37849998
2014-10-06,2.41319990
2014-10-07,2.36829996
2014-10-08,2.31839991
2014-10-09,2.27489996
2014-10-10,2.25749993
2014-10-13,2.25530005
2014-10-14,2.18020010
2014-10-15,2.14870000
2014-10-16,2.21090007
2014-10-17,2.23270011
2014-10-20,2.20020008
2014-10-21,2.21339989
2014-10-22,2.15560007
2014-10-23,2.20689988
2014-10-24,2.18169999
2014-10-27,2.17020011
2014-10-28,2.19610000
2014-10-29,2.22070003
2014-10-30,2.19580007
2014-10-31,2.16950011
2014-11-03,2.11759996
2014-11-04,2.07800007
2014-11-05,2.08669996
2014-11-06,2.13010001
2014-11-07,2.13520002
2014-11-10,2.10109997
2014-11-11,2.10360003
2014-11-12,2.10700011
2014-11-13,2.00160003
2014-11-14,2.04250002
2014-11-17,2.02629995
2014-11-18,2.04320002
2014-11-19,2.04380012
2014-11-20,2.02760005
2014-11-21,2.05649996
2014-11-24,2.03340006
2014-11-25,2.03180003
2014-11-26,2.03509998
2014-11-28,1.90390003
2014-12-01,1.88100004
2014-12-02,1.81159997
2014-12-03,1.80700004
2014-12-04,1.79480004
2014-12-05,1.77339995
2014-12-08,1.70659995
2014-12-09,1.72360003
2014-12-10,1.64180005
2014-12-11,1.62440002
2014-12-12,1.59730005
2014-12-15,1.57640004
2014-12-16,1.54100001
2014-12-17,1.56620002
2014-12-18,1.52719998
2014-12-19,1.55949998
2014-12-22,1.53499997
2014-12-23,1.57040000
2014-12-24,1.51269996
2014-12-26,1.50870001
2014-12-29,1.45280004
2014-12-30,1.45369995
2014-12-31,1.43529999
2015-01-02,1.43340003
2015-01-05,1.38139999
2015-01-06,1.35430002
2015-01-07,1.33759999
2015-01-08,1.34089994
2015-01-09,1.32319999
2015-01-12,1.27450001
2015-01-13,1.26849997
2015-01-14,1.35070002
2015-01-15,1.29939997
2015-01-16,1.35880005
2015-01-20,1.31280005
2015-01-21,1.32550001
2015-01-22,1.33080006
2015-01-23,1.34790003
2015-01-26,1.31669998
2015-01-27,1.35010004
2015-01-28,1.34500003
2015-01-29,1.35370004
2015-01-30,1.41520000
2015-02-02,1.54460001
2015-02-03,1.60130000
2015-02-04,1.48169994
2015-02-05,1.52479994
2015-02-06,1.55910003
2015-02-09,1.57819998
2015-02-10,1.55229998
2015-02-11,1.54320002
2015-02-12,1.59549999
2015-02-13,1.62619996
2015-02-17,1.59010005
2015-02-18,1.57360005
2015-02-19,1.61619997
2015-02-20,1.64069998
2015-02-23,1.64619994
2015-02-24,1.62020004
2015-02-25,1.71870005
2015-02-26,1.70760000
2015-02-27,1.76760006
2015-03-02,1.89730000
2015-03-03,1.94990003
2015-03-04,1.92569995
2015-03-05,1.88730001
2015-03-06,1.88189995
2015-03-09,1.87469995
2015-03-10,1.81830001
2015-03-11,1.82640004
2015-03-12,1.80949998
2015-03-13,1.76230001
2015-03-16,1.72860003
2015-03-17,1.73010004
2015-03-18,1.79910004
2015-03-19,1.77429998
2015-03-20,1.79779994
2015-03-23,1.80390000
2015-03-24,1.79970002
2015-03-25,1.83650005
2015-03-26,1.88170004
2015-03-27,1.79799998
2015-03-30,1.80060005
2015-03-31,1.77999997
2015-04-01,1.83120000
2015-04-02,1.76129997
2015-04-06,1.84249997
2015-04-07,1.86090004
2015-04-08,1.73920000
2015-04-09,1.75919998
2015-04-10,1.80729997
2015-04-13,1.80460000
2015-04-14,1.83599997
2015-04-15,1.93599999
2015-04-16,1.93540001
2015-04-17,1.92990005
2015-04-20,1.93149996
2015-04-21,1.88810003
2015-04-22,1.92449999
2015-04-23,1.99559999
2015-04-24,2.00790000
2015-04-27,2.00900006
2015-04-28,2.00180006
2015-04-29,2.01789999
2015-04-30,2.04970002
2015-05-01,2.04530001
2015-05-04,2.03390002
2015-05-05,2.06340003
2015-05-06,2.03660011
2015-05-07,1.99030006
2015-05-08,1.99179995
2015-05-11,1.98640001
2015-05-12,2.03929996
2015-05-13,2.04049993
2015-05-14,2.05749989
2015-05-15,2.05679989
2015-05-18,2.04110003
2015-05-19,1.99500000
2015-05-20,2.04110003
2015-05-21,2.08240008
2015-05-22,2.05390000
2015-05-26,1.99829996
2015-05-27,1.94449997
2015-05-28,1.98510003
2015-05-29,2.08579993
2015-06-01,2.04220009
2015-06-02,2.06480002
2015-06-03,2.04530001
2015-06-04,1.98060000
2015-06-05,2.02999997
2015-06-08,2.00749993
2015-06-09,2.07710004
2015-06-10,2.14639997
2015-06-11,2.13809991
2015-06-12,2.12109995
2015-06-15,2.09910011
2015-06-16,2.12450004
2015-06-17,2.10050011
2015-06-18,2.11010003
2015-06-19,2.05859995
2015-06-22,2.02970004
2015-06-23,2.07660007
2015-06-24,2.05550003
2015-06-25,2.03679991
2015-06-26,2.04850006
2015-06-29,2.03029990
2015-06-30,2.08960009
2015-07-01,2.00679994
2015-07-02,2.03430009
2015-07-06,1.92369998
2015-07-07,1.94939995
2015-07-08,1.99899995
2015-07-09,2.04509997
2015-07-10,2.01650000
2015-07-13,1.93959999
2015-07-14,1.93069994
2015-07-15,1.85889995
2015-07-16,1.89670002
2015-07-17,1.92859995
2015-07-20,1.93030000
2015-07-21,1.92089999
2015-07-22,1.86759996
2015-07-23,1.85210001
2015-07-24,1.82819998
2015-07-27,1.82040000
2015-07-28,1.80320001
2015-07-29,1.82239997
2015-07-30,1.82790005
2015-07-31,1.84099996
2015-08-03,1.67449999
2015-08-04,1.68519998
2015-08-05,1.67050004
2015-08-06,1.64779997
2015-08-07,1.62300003
2015-08-10,1.69400001
2015-08-11,1.69369996
2015-08-12,1.76349998
2015-08-13,1.71410000
2015-08-14,1.68690002
2015-08-17,1.65419996
2015-08-18,1.64680004
2015-08-19,1.55920005
2015-08-20,1.53460002
2015-08-21,1.54489994
2015-08-24,1.47099996
2015-08-25,1.43859994
2015-08-26,1.35490000
2015-08-27,1.45679998
2015-08-28,1.52180004
2015-08-31,1.64040005
2015-09-01,1.39559996
2015-09-02,1.42519999
2015-09-03,1.43710005
2015-09-04,1.41820002
2015-09-08,1.40209997
2015-09-09,1.35969996
2015-09-10,1.39359999
2015-09-11,1.36989999
2015-09-14,1.30429995
2015-09-15,1.33290005
2015-09-16,1.38209999
2015-09-17,1.37600005
2015-09-18,1.35619998
2015-09-21,1.40310001
2015-09-22,1.41639996
2015-09-23,1.38160002
2015-09-24,1.36520004
2015-09-25,1.39590001
2015-09-28,1.34879994
2015-09-29,1.36319995
2015-09-30,1.38940001
2015-10-01,1.36679995
2015-10-02,1.34140003
2015-10-05,1.38530004
2015-10-06,1.43620002
2015-10-07,1.38999999
2015-10-08,1.40779996
2015-10-09,1.41670001
2015-10-12,1.34109998
2015-10-13,1.31400001
2015-10-14,1.30830002
2015-10-15,1.30719995
2015-10-16,1.32799995
2015-10-19,1.25139999
2015-10-20,1.27830005
2015-10-21,1.28079998
2015-10-22,1.30669999
2015-10-23,1.30359995
2015-10-26,1.28789997
2015-10-27,1.28719997
2015-10-28,1.35010004
2015-10-29,1.34959996
2015-10-30,1.40499997
2015-11-02,1.37530005
2015-11-03,1.44550002
2015-11-04,1.39189994
2015-11-05,1.36099994
2015-11-06,1.36950004
2015-11-09,1.37049997
2015-11-10,1.36179996
2015-11-11,1.32939994
2015-11-12,1.27310002
2015-11-13,1.23889995
2015-11-16,1.23860002
2015-11-17,1.23800004
2015-11-18,1.26610005
2015-11-19,1.28789997
2015-11-20,1.29030001
2015-11-23,1.31340003
2015-11-24,1.39020002
2015-11-25,1.39610004
2015-11-27,1.39049995
2015-11-30,1.35870004
2015-12-01,1.36300004
2015-12-02,1.29310000
2015-12-03,1.29630005
2015-12-04,1.27020001
2015-12-07,1.20940006
2015-12-08,1.20360005
2015-12-09,1.23169994
2015-12-10,1.28020000
2015-12-11,1.28149998
2015-12-14,1.25580001
2015-12-15,1.24440002
2015-12-16,1.23280001
2015-12-17,1.26160002
2015-12-18,1.27460003
2015-12-21,1.20940006
2015-12-22,1.17490005
2015-12-23,1.24140000
2015-12-24,1.26429999
2015-12-28,1.23259997
2015-12-29,1.27600002
2015-12-30,1.23000002
2015-12-31,1.26709998
2016-01-04,1.29069996
2016-01-05,1.25670004
2016-01-06,1.16180003
2016-01-07,1.14600003
2016-01-08,1.12769997
2016-01-11,1.11300004
2016-01-12,1.08480000
2016-01-13,1.05280006
2016-01-14,1.06840003
2016-01-15,1.02119994
2016-01-19,1.02620006
2016-01-20,1.01769996
2016-01-21,1.03120005
2016-01-22,1.08379996
2016-01-25,1.02999997
2016-01-26,1.04719996
2016-01-27,1.04569995
2016-01-28,1.07900000
2016-01-29,1.10309994
2016-02-01,1.08299994
2016-02-02,1.00080001
2016-02-03,1.01370001
2016-02-04,1.02839994
2016-02-05,0.99269998
2016-02-08,0.95609999
2016-02-09,0.89889997
2016-02-10,0.94250000
2016-02-11,0.94169998
2016-02-12,1.04320002
2016-02-16,0.97090000
2016-02-17,1.00339997
2016-02-18,0.97240001
2016-02-19,0.95940000
2016-02-22,1.00059998
2016-02-23,0.96630001
2016-02-24,1.01040006
2016-02-25,1.05599999
2016-02-26,1.01660001
2016-02-29,1.04970002
2016-03-01,1.30350006
2016-03-02,1.31070006
2016-03-03,1.29879999
2016-03-04,1.33210003
2016-03-07,1.39269996
2016-03-08,1.38779998
2016-03-09,1.47049999
2016-03-10,1.43900001
2016-03-11,1.44430006
2016-03-14,1.42260003
2016-03-15,1.40820003
2016-03-16,1.41830003
2016-03-17,1.43830001
2016-03-18,1.42729998
2016-03-21,1.45889997
2016-03-22,1.49710000
2016-03-23,1.45410001
2016-03-24,1.46589994
2016-03-28,1.46800005
2016-03-29,1.45379996
2016-03-30,1.43640006
2016-03-31,1.42649996
2016-04-01,1.40160000
2016-04-04,1.37699997
2016-04-05,1.37779999
2016-04-06,1.39470005
2016-04-07,1.38119996
2016-04-08,1.46370006
2016-04-11,1.50769997
2016-04-12,1.53429997
2016-04-13,1.52950001
2016-04-14,1.50559998
2016-04-15,1.46120000
2016-04-18,1.43649995
2016-04-19,1.47990000
2016-04-20,1.50680006
2016-04-21,1.51590002
2016-04-22,1.53090000
2016-04-25,1.51310003
2016-04-26,1.56599998
2016-04-27,1.58080006
2016-04-28,1.59800005
2016-04-29,1.58480000
2016-05-02,1.56280005
2016-05-03,1.50999999
2016-05-04,1.48660004
2016-05-05,1.49140000
2016-05-06,1.49619997
2016-05-09,1.44270003
2016-05-10,1.48570001
2016-05-11,1.58150005
2016-05-12,1.58329999
2016-05-13,1.58819997
2016-05-16,1.60630000
2016-05-17,1.63409996
2016-05-18,1.64890003
2016-05-19,1.63390005
2016-05-20,1.63559997
2016-05-23,1.64559996
2016-05-24,1.65439999
2016-05-25,1.64160001
2016-05-26,1.61950004
2016-05-27,1.63189995
2016-05-31,1.61489999
2016-06-01,1.61530006
2016-06-02,1.63460004
2016-06-03,1.60749996
2016-06-06,1.58870006
2016-06-07,1.58710003
2016-06-08,1.61979997
2016-06-09,1.61860001
2016-06-10,1.55960000
2016-06-13,1.53620005
2016-06-14,1.52129996
2016-06-15,1.50139999
2016-06-16,1.46529996
2016-06-17,1.50530005
2016-06-20,1.58270001
2016-06-21,1.59290004
2016-06-22,1.58819997
2016-06-23,1.60350001
2016-06-24,1.52499998
2016-06-27,1.47669995
2016-06-28,1.50999999
2016-06-29,1.52479994
2016-06-30,1.50139999
2016-07-01,1.51349998
2016-07-05,1.42869997
2016-07-06,1.43289995
2016-07-07,1.36310005
2016-07-08,1.37080002
2016-07-11,1.38349998
2016-07-12,1.43009996
2016-07-13,1.37839997
2016-07-14,1.41400003
2016-07-15,1.42200005
2016-07-18,1.38720000
2016-07-19,1.37570000
2016-07-20,1.36370003
2016-07-21,1.35500002
2016-07-22,1.36150002
2016-07-25,1.33360004
2016-07-26,1.34519994
2016-07-27,1.32140005
2016-07-28,1.30620003
2016-07-29,1.32099998
2016-08-01,1.30359995
2016-08-02,1.31159997
2016-08-03,1.34990001
2016-08-04,1.36800003
2016-08-05,1.37629998
2016-08-08,1.36199999
2016-08-09,1.34619999
2016-08-10,1.30139995
2016-08-11,1.36170006
2016-08-12,1.37090003
2016-08-15,1.40069997
2016-08-16,1.42260003
2016-08-17,1.45050001
2016-08-18,1.48969996
2016-08-19,1.51289999
2016-08-22,1.48420000
2016-08-23,1.49880004
2016-08-24,1.50960004
2016-08-25,1.51139998
2016-08-26,1.51279998
2016-08-29,1.46689999
2016-08-30,1.44830000
2016-08-31,1.41219997
2016-09-01,1.27240002
2016-09-02,1.30159998
2016-09-06,1.31640005
2016-09-07,1.34640002
2016-09-08,1.41649997
2016-09-09,1.36109996
2016-09-12,1.38989997
2016-09-13,1.37650001
2016-09-14,1.36150002
2016-09-15,1.43019998
2016-09-16,1.46159995
2016-09-19,1.42079997
2016-09-20,1.36459994
2016-09-21,1.39900005
2016-09-22,1.40180004
2016-09-23,1.37689996
2016-09-26,1.40240002
2016-09-27,1.39370000
2016-09-28,1.47770000
2016-09-29,1.46679997
2016-09-30,1.48740005
2016-10-03,1.47049999
2016-10-04,1.49960005
2016-10-05,1.49280000
2016-10-06,1.49779999
2016-10-07,1.48179996
2016-10-11,1.48290002
2016-10-12,1.46190000
2016-10-13,1.48179996
2016-10-14,1.49360001
2016-10-17,1.49240005
2016-10-18,1.50569999
2016-10-19,1.51359999
2016-10-20,1.49370003
2016-10-21,1.53139997
2016-10-24,1.50380003
2016-10-25,1.50049996
2016-10-26,1.48310006
2016-10-27,1.48710001
2016-10-28,1.46910000
2016-10-31,1.44949996
2016-11-01,1.48409998
2016-11-02,1.44790006
2016-11-03,1.42449999
2016-11-04,1.37860000
2016-11-07,1.37100005
2016-11-08,1.36919999
2016-11-09,1.35720003
2016-11-10,1.33770001
2016-11-14,1.27779996
2016-11-15,1.33500004
2016-11-16,1.31910002
2016-11-17,1.34300005
2016-11-18,1.33910000
2016-11-21,1.39649999
2016-11-22,1.40980005
2016-11-23,1.42170000
2016-11-25,1.37269998
2016-11-28,1.41270006
2016-11-29,1.37709999
2016-11-30,1.49080002
2016-12-01,1.54700005
2016-12-02,1.55910003
2016-12-05,1.55750000
2016-12-06,1.53590000
2016-12-07,1.50820005
2016-12-08,1.50469995
2016-12-09,1.50730002
2016-12-12,1.54299998
2016-12-13,1.55069995
2016-12-14,1.53310001
2016-12-15,1.54209995
2016-12-16,1.55710006
2016-12-19,1.56389999
2016-12-20,1.59360003
2016-12-21,1.60549998
2016-12-22,1.60399997
2016-12-23,1.62619996
2016-12-27,1.65279996
2016-12-28,1.67460001
2016-12-29,1.68200004
2016-12-30,1.66509998
2017-01-03,1.62179995
2017-01-04,1.64590001
2017-01-05,1.63769996
2017-01-06,1.63399994
2017-01-09,1.57070005
2017-01-10,1.54670000
2017-01-11,1.59290004
2017-01-12,1.61080003
2017-01-13,1.61170006
2017-01-17,1.60039997
2017-01-18,1.54869998
2017-01-19,1.53450000
2017-01-20,1.56599998
2017-01-23,1.56669998
2017-01-24,1.57589996
2017-01-25,1.52380002
2017-01-26,1.54270005
2017-01-27,1.52709997
2017-01-30,1.50549996
2017-01-31,1.52559996
2017-02-01,1.57910001
2017-02-02,1.53289998
2017-02-03,1.55369997
2017-02-06,1.51030004
2017-02-07,1.48749995
2017-02-08,1.55270004
2017-02-09,1.57019997
2017-02-10,1.58959997
2017-02-13,1.54460001
2017-02-14,1.54670000
2017-02-15,1.54789996
2017-02-16,1.52470005
2017-02-17,1.51660001
2017-02-21,1.49399996
2017-02-22,1.51329994
2017-02-23,1.52859998
2017-02-24,1.51479995
2017-02-27,1.53269994
2017-02-28,1.51199996
2017-03-01,1.67799997
2017-03-02,1.64330006
2017-03-03,1.65310001
2017-03-06,1.67229998
2017-03-07,1.67980003
2017-03-08,1.65260005
2017-03-09,1.62430000
2017-03-10,1.60010004
2017-03-13,1.58070004
2017-03-14,1.58350003
2017-03-15,1.58340001
2017-03-16,1.59420002
2017-03-17,1.59889996
2017-03-20,1.61129999
2017-03-21,1.60520005
2017-03-22,1.60189998
2017-03-23,1.58959997
2017-03-24,1.60479999
2017-03-27,1.61889994
2017-03-28,1.63489997
2017-03-29,1.67200005
2017-03-30,1.68120003
2017-03-31,1.70009995
2017-04-03,1.69369996
2017-04-04,1.72169995
2017-04-05,1.71529996
2017-04-06,1.72959995
2017-04-07,1.74619997
2017-04-10,1.75810003
2017-04-11,1.75769997
2017-04-12,1.74170005
2017-04-13,1.73490000
2017-04-17,1.71959996
2017-04-18,1.71099997
2017-04-19,1.65900004
2017-04-20,1.67050004
2017-04-21,1.64450002
2017-04-24,1.62140000
2017-04-25,1.62300003
2017-04-26,1.59029996
2017-04-27,1.54999995
2017-04-28,1.54799998
2017-05-01,1.52719998
2017-05-02,1.51359999
2017-05-03,1.53380001
2017-05-04,1.48119998
2017-05-05,1.50460005
2017-05-08,1.51779997
2017-05-09,1.48950005
2017-05-10,1.53960001
2017-05-11,1.56219995
2017-05-12,1.57609999
2017-05-15,1.59539998
2017-05-16,1.60430002
2017-05-17,1.60270000
2017-05-18,1.60630000
2017-05-19,1.65230000
2017-05-22,1.66260004
2017-05-23,1.66139996
2017-05-24,1.65260005
2017-05-25,1.60930002
2017-05-26,1.64260006
2017-05-30,1.63890004
2017-05-31,1.61220002
2017-06-01,1.60140002
2017-06-02,1.57710004
2017-06-05,1.53810000
2017-06-06,1.55449998
2017-06-07,1.49129999
2017-06-08,1.49189997
2017-06-09,1.50170004
2017-06-12,1.48800004
2017-06-13,1.49950004
2017-06-14,1.43270004
2017-06-15,1.43570006
2017-06-16,1.45480001
2017-06-19,1.45060003
2017-06-20,1.42400002
2017-06-21,1.41050005
2017-06-22,1.43449998
2017-06-23,1.43410003
2017-06-26,1.43869996
2017-06-27,1.45980000
2017-06-28,1.48329997
2017-06-29,1.48559999
2017-06-30,1.51520002
2017-07-03,1.53480005
2017-07-05,1.50240004
2017-07-06,1.52869999
2017-07-07,1.49839997
2017-07-10,1.50070000
2017-07-11,1.51830006
2017-07-12,1.52079999
2017-07-13,1.52610004
2017-07-14,1.56050003
2017-07-17,1.55669999
2017-07-18,1.57889998
2017-07-19,1.61689997
2017-07-20,1.60619998
2017-07-21,1.56330001
2017-07-24,1.55680001
2017-07-25,1.59619999
2017-07-26,1.61730003
2017-07-27,1.64460003
2017-07-28,1.67610002
2017-07-31,1.70580006
2017-08-01,1.66129994
2017-08-02,1.64479995
2017-08-03,1.63189995
2017-08-04,1.64629996
2017-08-07,1.62989998
2017-08-08,1.62080002
2017-08-09,1.62000000
2017-08-10,1.60280001
2017-08-11,1.61300004
2017-08-14,1.57669997
2017-08-15,1.57949996
2017-08-16,1.56379998
2017-08-17,1.58690000
2017-08-18,1.62399995
2017-08-21,1.58410001
2017-08-22,1.59080005
2017-08-23,1.61889994
2017-08-24,1.66410005
2017-08-25,1.66659999
2017-08-28,1.71229994
2017-08-29,1.78330004
2017-08-30,1.88469994
2017-08-31,2.13989997
2017-09-01,1.74790001
2017-09-05,1.69910002
2017-09-06,1.67330003
2017-09-07,1.66100001
2017-09-08,1.64760005
2017-09-11,1.63450003
2017-09-12,1.65629995
2017-09-13,1.64730000
2017-09-14,1.62870002
2017-09-15,1.66170001
2017-09-18,1.66859996
2017-09-19,1.65499997
2017-09-20,1.65509999
2017-09-21,1.64380002
2017-09-22,1.66840005
2017-09-25,1.72200000
2017-09-26,1.69879997
2017-09-27,1.65400004
2017-09-28,1.63180006
2017-09-29,1.60650003
2017-10-02,1.55530000
2017-10-03,1.56550002
2017-10-04,1.58050001
2017-10-05,1.61140001
2017-10-06,1.55879998
2017-10-09,1.55939996
2017-10-10,1.59150004
2017-10-11,1.60920000
2017-10-12,1.58319998
2017-10-13,1.62220001
2017-10-16,1.61689997
2017-10-17,1.63010001
2017-10-18,1.64289999
2017-10-19,1.64470005
2017-10-20,1.67809999
2017-10-23,1.67830002
2017-10-24,1.71550000
2017-10-25,1.73479998
2017-10-26,1.75059998
2017-10-27,1.76859999
2017-10-30,1.76409996
2017-10-31,1.77960002
2017-11-01,1.74100006
2017-11-02,1.76970005
2017-11-03,1.79340005
2017-11-06,1.83000004
2017-11-07,1.81529999
2017-11-08,1.82130003
2017-11-09,1.81970000
2017-11-10,1.81239998
2017-11-13,1.79289997
2017-11-14,1.76119995
2017-11-15,1.73880005
2017-11-16,1.71370006
2017-11-17,1.74469995
2017-11-20,1.74380004
2017-11-21,1.77310002
2017-11-22,1.76789999
2017-11-24,1.78799999
2017-11-27,1.78929996
2017-11-28,1.77199996
2017-11-29,1.73090005
2017-11-30,1.72839999
2017-12-01,1.74160004
2017-12-04,1.69219995
2017-12-05,1.71840000
2017-12-06,1.66090000
2017-12-07,1.70000005
2017-12-08,1.71659994
2017-12-11,1.72660005
2017-12-12,1.69760001
2017-12-13,1.64670002
2017-12-14,1.67069995
2017-12-15,1.65480006
2017-12-18,1.67250001
2017-12-19,1.69659996
2017-12-20,1.73529994
2017-12-21,1.74759996
2017-12-22,1.76230001
2017-12-26,1.78659999
2017-12-27,1.79149997
2017-12-28,1.79299998
2017-12-29,1.79920006
2018-01-02,1.76310003
2018-01-03,1.79740000
2018-01-04,1.80669999
2018-01-05,1.78579998
2018-01-08,1.79180002
2018-01-09,1.83620000
2018-01-10,1.83270001
2018-01-11,1.83700001
2018-01-12,1.84949994
2018-01-16,1.83840001
2018-01-17,1.85839999
2018-01-18,1.88349998
2018-01-19,1.86360002
2018-01-22,1.88010001
2018-01-23,1.90869999
2018-01-24,1.91639996
2018-01-25,1.91540003
2018-01-26,1.93770003
2018-01-29,1.93490005
2018-01-30,1.89540005
2018-01-31,1.90750003
2018-02-01,1.89579999
2018-02-02,1.87199998
2018-02-05,1.84660006
2018-02-06,1.80519998
2018-02-07,1.76600003
2018-02-08,1.76499999
2018-02-09,1.70019996
2018-02-12,1.67850006
2018-02-13,1.68529999
2018-02-14,1.71300006
2018-02-15,1.73580003
2018-02-16,1.75090003
2018-02-20,1.75030005
2018-02-21,1.75730002
2018-02-22,1.76569998
2018-02-23,1.80850005
2018-02-26,1.82669997
2018-02-27,1.80340004
2018-02-28,1.75769997
2018-03-01,1.89639997
2018-03-02,1.90139997
2018-03-05,1.93490005
2018-03-06,1.93309999
2018-03-07,1.91030002
2018-03-08,1.86769998
2018-03-09,1.90429997
2018-03-12,1.89400005
2018-03-13,1.88629997
2018-03-14,1.92429996
2018-03-15,1.92480004
2018-03-16,1.94589996
2018-03-19,1.92490005
2018-03-20,1.96589994
2018-03-21,2.01220012
2018-03-22,2.00959992
2018-03-23,2.03360009
2018-03-26,2.01040006
2018-03-27,2.01349998
2018-03-28,2.01160002
2018-03-29,2.01789999
2018-04-02,1.96609998
2018-04-03,1.97409999
2018-04-04,1.97679996
2018-04-05,1.98160005
2018-04-06,1.95469999
2018-04-09,1.98420000
2018-04-10,2.04089999
2018-04-11,2.06760001
2018-04-12,2.05460000
2018-04-13,2.06539989
2018-04-16,2.03990006
2018-04-17,2.04119992
2018-04-18,2.06830001
2018-04-19,2.07739997
2018-04-20,2.09590006
2018-04-23,2.12369990
2018-04-24,2.09489989
2018-04-25,2.08969998
2018-04-26,2.11229992
2018-04-27,2.12689996
2018-04-30,2.12919998
2018-05-01,2.08759999
2018-05-02,2.07979989
2018-05-03,2.08750010
2018-05-04,2.11400008
2018-05-07,2.13400006
2018-05-08,2.11139989
2018-05-09,2.16729999
2018-05-10,2.18899989
2018-05-11,2.18880010
2018-05-14,2.20020008
2018-05-15,2.20479989
2018-05-16,2.24990010
2018-05-17,2.24309993
2018-05-18,2.23329997
2018-05-21,2.25650001
2018-05-22,2.27020001
2018-05-23,2.26009989
2018-05-24,2.23379993
2018-05-25,2.18140006
2018-05-29,2.14409995
2018-05-30,2.18420005
2018-05-31,2.16030002
2018-06-01,2.14339995
2018-06-04,2.12240005
2018-06-05,2.10619998
2018-06-06,2.06999993
2018-06-07,2.11479998
2018-06-08,2.11529994
2018-06-11,2.10489988
2018-06-12,2.08990002
2018-06-13,2.12520003
2018-06-14,2.09100008
2018-06-15,2.02320004
2018-06-18,2.05460000
2018-06-19,2.03789997
2018-06-20,2.02349997
2018-06-21,2.01230001
2018-06-22,2.07049990
2018-06-25,2.05150008
2018-06-26,2.07459998
2018-06-27,2.13360000
2018-06-28,2.13290000
2018-06-29,2.17910004
2018-07-02,2.10479999
2018-07-03,2.11759996
2018-07-05,2.12930012
2018-07-06,2.10850000
2018-07-09,2.14849997
2018-07-10,2.16030002
2018-07-11,2.06139994
2018-07-12,2.07170010
2018-07-13,2.10669994
2018-07-16,2.00219989
2018-07-17,2.02609992
2018-07-18,2.04439998
2018-07-19,2.04349995
2018-07-20,2.06900001
2018-07-23,2.09139991
2018-07-24,2.09559989
2018-07-25,2.12310004
2018-07-26,2.16230011
2018-07-27,2.16190004
2018-07-30,2.16030002
2018-07-31,2.12910008
2018-08-01,2.04509997
2018-08-02,2.06809998
2018-08-03,2.06550002
2018-08-06,2.06509995
2018-08-07,2.10400009
2018-08-08,2.01950002
2018-08-09,1.99989998
2018-08-10,2.03920007
2018-08-13,2.01469994
2018-08-14,2.03410006
2018-08-15,1.99740005
2018-08-16,1.98740005
2018-08-17,1.98090005
2018-08-20,2.01510000
2018-08-21,2.01789999
2018-08-22,2.06800008
2018-08-23,2.05920005
2018-08-24,2.07789993
2018-08-27,2.08960009
2018-08-28,2.07870007
2018-08-29,2.10599995
2018-08-30,2.14350009
2018-08-31,2.14369988
2018-09-04,1.99419999
2018-09-05,1.96480000
2018-09-06,1.95099998
2018-09-07,1.97000003
2018-09-10,1.95920002
2018-09-11,2.01419997
2018-09-12,2.03480005
2018-09-13,1.99290001
2018-09-14,1.97019994
2018-09-17,1.97679996
2018-09-18,2.00489998
2018-09-19,2.02069998
2018-09-20,2.01460004
2018-09-21,2.01710010
2018-09-24,2.05469990
2018-09-25,2.06769991
2018-09-26,2.05850005
2018-09-27,2.08240008
2018-09-28,2.10120010
2018-10-01,2.12750006
2018-10-02,2.12689996
2018-10-03,2.13779998
2018-10-04,2.10039997
2018-10-05,2.08610010
2018-10-08,2.09369993
2018-10-09,2.07739997
2018-10-10,2.02040005
2018-10-11,1.93270004
2018-10-12,1.94200003
2018-10-15,1.94430006
2018-10-16,1.97730005
2018-10-17,1.91869998
2018-10-18,1.89110005
2018-10-19,1.91390002
2018-10-22,1.90670002
2018-10-23,1.83679998
2018-10-24,1.82229996
2018-10-25,1.81289995
2018-10-26,1.81500006
2018-10-29,1.82490003
2018-10-30,1.80589998
2018-10-31,1.76800001
2018-11-01,1.71650004
2018-11-02,1.70829999
2018-11-05,1.69190001
2018-11-06,1.69400001
2018-11-07,1.64740002
2018-11-08,1.64429998
2018-11-09,1.62140000
2018-11-12,1.63670003
2018-11-13,1.54270005
2018-11-14,1.56060004
2018-11-15,1.55659997
2018-11-16,1.57700002
2018-11-19,1.58290005
2018-11-20,1.49590003
2018-11-21,1.51069999
2018-11-23,1.39129996
2018-11-26,1.44260001
2018-11-27,1.42079997
2018-11-28,1.39789999
2018-11-29,1.45469999
2018-11-30,1.44130003
2018-12-03,1.43139994
2018-12-04,1.44340003
2018-12-06,1.43340003
2018-12-07,1.48580003
2018-12-10,1.41890001
2018-12-11,1.43980002
2018-12-12,1.42040002
2018-12-13,1.47819996
2018-12-14,1.43429995
2018-12-17,1.41040003
2018-12-18,1.35049999
2018-12-19,1.38629997
2018-12-20,1.32239997
2018-12-21,1.31830001
2018-12-24,1.24880004
2018-12-26,1.33039999
2018-12-27,1.30400002
2018-12-28,1.32620001
2018-12-31,1.32369995
2019-01-02,1.32560003
2019-01-03,1.34949994
2019-01-04,1.34780002
2019-01-07,1.34080005
2019-01-08,1.36259997
2019-01-09,1.42540002
2019-01-10,1.43069994
2019-01-11,1.40069997
2019-01-14,1.36380005
2019-01-15,1.41139996
2019-01-16,1.41589999
2019-01-17,1.42999995
2019-01-18,1.45280004
2019-01-22,1.40149999
2019-01-23,1.38569999
2019-01-24,1.38759995
2019-01-25,1.38940001
2019-01-28,1.33309996
2019-01-29,1.35090005
2019-01-30,1.38230002
2019-01-31,1.36269999
2019-02-01,1.43690002
2019-02-04,1.43229997
2019-02-05,1.42589998
2019-02-06,1.45910001
2019-02-07,1.42579997
2019-02-08,1.44640005
2019-02-11,1.41919994
2019-02-12,1.42719996
2019-02-13,1.46510005
2019-02-14,1.50849998
2019-02-15,1.57290006
2019-02-19,1.56379998
2019-02-20,1.59809995
2019-02-21,1.61440003
2019-02-22,1.61119998
2019-02-25,1.54519999
2019-02-26,1.58630002
2019-02-27,1.63399994
2019-02-28,1.62930000
2019-03-01,1.73029995
2019-03-04,1.74899995
2019-03-05,1.76740003
2019-03-06,1.78900003
2019-03-07,1.80540001
2019-03-08,1.80170000
2019-03-11,1.82599998
2019-03-12,1.81550002
2019-03-13,1.85679996
2019-03-14,1.84949994
2019-03-15,1.85769999
2019-03-18,1.88279998
2019-03-19,1.89310002
2019-03-20,1.91659999
2019-03-21,1.92030001
2019-03-22,1.92589998
2019-03-25,1.93789995
2019-03-26,1.95570004
2019-03-27,1.89549994
2019-03-28,1.87989998
2019-03-29,1.89559996
2019-04-01,1.89890003
2019-04-02,1.92850006
2019-04-03,1.95120001
2019-04-04,1.93990004
2019-04-05,1.96870005
2019-04-08,1.98800004
2019-04-09,1.99899995
2019-04-10,2.06920004
2019-04-11,2.03090000
2019-04-12,2.03699994
2019-04-15,2.01180005
2019-04-16,2.03169990
2019-04-17,2.04180002
2019-04-18,2.07220006
2019-04-22,2.12980008
2019-04-23,2.13159990
2019-04-24,2.12849998
2019-04-25,2.13210011
2019-04-26,2.10060000
2019-04-29,2.08279991
2019-04-30,2.12319994
2019-05-01,2.06419992
2019-05-02,2.01830006
2019-05-03,2.02649999
2019-05-06,1.99660003
2019-05-07,1.94869995
2019-05-08,1.97500002
2019-05-09,1.97539997
2019-05-10,1.98909998
2019-05-13,1.96370006
2019-05-14,1.97669995
2019-05-15,2.01270008
2019-05-16,2.06180000
2019-05-17,2.04730010
2019-05-20,2.00990009
2019-05-21,2.01929998
2019-05-22,1.99119997
2019-05-23,1.91330004
2019-05-24,1.93449998
2019-05-28,1.95669997
2019-05-29,1.94519997
2019-05-30,1.87860000
2019-05-31,1.80200005
2019-06-03,1.74129999
2019-06-04,1.72420001
2019-06-05,1.69280005
2019-06-06,1.70760000
2019-06-07,1.73889995
2019-06-10,1.73029995
2019-06-11,1.75629997
2019-06-12,1.68610001
2019-06-13,1.71990001
2019-06-14,1.73249996
2019-06-17,1.69079995
2019-06-18,1.72140002
2019-06-19,1.73549998
2019-06-20,1.78629994
2019-06-21,1.85609996
2019-06-24,1.85490000
2019-06-25,1.87720001
2019-06-26,1.97039998
2019-06-27,1.94659996
2019-06-28,1.94250000
2019-07-01,1.93050003
2019-07-02,1.87030005
2019-07-03,1.91670001
2019-07-05,1.92949998
2019-07-08,1.90129995
2019-07-09,1.92690003
2019-07-10,2.00519991
2019-07-11,1.98950005
2019-07-12,1.97700000
2019-07-15,1.93030000
2019-07-16,1.89180005
2019-07-17,1.87870002
2019-07-18,1.83420002
2019-07-19,1.84050000
2019-07-22,1.82790005
2019-07-23,1.86049998
2019-07-24,1.85510004
2019-07-25,1.88030005
2019-07-26,1.87440002
2019-07-29,1.86339998
2019-07-30,1.89690006
2019-07-31,1.90199995
2019-08-01,1.74989998
2019-08-02,1.78149998
2019-08-05,1.71800005
2019-08-06,1.68729997
2019-08-07,1.62030005
2019-08-08,1.64569998
2019-08-09,1.67400002
2019-08-12,1.66520000
2019-08-13,1.73640001
2019-08-14,1.67579997
2019-08-15,1.63639998
2019-08-16,1.65680003
2019-08-19,1.66439998
2019-08-20,1.68110001
2019-08-21,1.69379997
2019-08-22,1.66750002
2019-08-23,1.64279997
2019-08-26,1.61650002
2019-08-27,1.64989996
2019-08-28,1.68239999
2019-08-29,1.68470001
2019-08-30,1.61339998
2019-09-03,1.47049999
2019-09-04,1.53289998
2019-09-05,1.54600000
2019-09-06,1.57420003
2019-09-09,1.58459997
2019-09-10,1.59080005
2019-09-11,1.56990004
2019-09-12,1.55299997
2019-09-13,1.55309999
2019-09-16,1.75240004
2019-09-17,1.67509997
2019-09-18,1.65769994
2019-09-19,1.70070004
2019-09-20,1.67840004
2019-09-23,1.68379998
2019-09-24,1.65429997
2019-09-25,1.62520003
2019-09-26,1.66120005
2019-09-27,1.65139997
2019-09-30,1.60490000
2019-10-01,1.57369995
2019-10-02,1.54550004
2019-10-03,1.55589998
2019-10-04,1.57340002
2019-10-07,1.56939995
2019-10-08,1.58089995
2019-10-09,1.58710003
2019-10-10,1.62329996
2019-10-11,1.63880002
2019-10-14,1.61319995
2019-10-15,1.61440003
2019-10-16,1.62479997
2019-10-17,1.62249994
2019-10-18,1.62300003
2019-10-21,1.60720003
2019-10-22,1.60889995
2019-10-23,1.65190005
2019-10-24,1.66320002
2019-10-25,1.67299998
2019-10-28,1.67279994
2019-10-29,1.68570006
2019-10-30,1.66450000
2019-10-31,1.63119996
2019-11-01,1.65569997
2019-11-04,1.66369998
2019-11-05,1.67460001
2019-11-06,1.62619996
2019-11-07,1.63549995
2019-11-08,1.63370001
2019-11-11,1.60990000
2019-11-12,1.61440003
2019-11-13,1.63650000
2019-11-14,1.61580002
2019-11-15,1.63499999
2019-11-18,1.62100005
2019-11-19,1.60370004
2019-11-20,1.65629995
2019-11-21,1.70439994
2019-11-22,1.67429996
2019-11-25,1.67480004
2019-11-26,1.70469999
2019-11-27,1.67920005
2019-11-29,1.59700000
2019-12-02,1.57330000
2019-12-03,1.56289995
2019-12-04,1.60420001
2019-12-05,1.62109995
2019-12-06,1.64740002
2019-12-09,1.65480006
2019-12-10,1.65250003
2019-12-11,1.62609994
2019-12-12,1.62829995
2019-12-13,1.66320002
2019-12-16,1.66270006
2019-12-17,1.68570006
2019-12-18,1.68379998
2019-12-19,1.70679998
2019-12-20,1.70580006
2019-12-23,1.70510006
2019-12-24,1.72700000
2019-12-26,1.75370002
2019-12-27,1.74730003
2019-12-30,1.72829998
2019-12-31,1.69780004
2020-01-02,1.70420003
2020-01-03,1.74880004
2020-01-06,1.75440001
2020-01-07,1.72220004
2020-01-08,1.64880002
2020-01-09,1.65269995
2020-01-10,1.65960002
2020-01-13,1.65730000
2020-01-14,1.65439999
2020-01-15,1.63680005
2020-01-16,1.65480006
2020-01-17,1.64059997
2020-01-21,1.63650000
2020-01-22,1.57959998
2020-01-23,1.56019998
2020-01-24,1.51520002
2020-01-27,1.48399997
2020-01-28,1.50320005
2020-01-29,1.53079998
2020-01-30,1.49370003
2020-01-31,1.48870003
2020-02-03,1.47370005
2020-02-04,1.44319999
2020-02-05,1.48629999
2020-02-06,1.49800003
2020-02-07,1.52390003
2020-02-10,1.52129996
2020-02-11,1.51419997
2020-02-12,1.58099997
2020-02-13,1.58019996
2020-02-14,1.58329999
2020-02-18,1.61479998
2020-02-19,1.66330004
2020-02-20,1.66970003
2020-02-21,1.65059996
2020-02-24,1.60909998
2020-02-25,1.53240001
2020-02-26,1.45490003
2020-02-27,1.41059995
2020-02-28,1.39549994
2020-03-02,1.53960001
2020-03-03,1.53129995
2020-03-04,1.55550003
2020-03-05,1.52180004
2020-03-06,1.38900006
2020-03-09,1.13689995
2020-03-10,1.15709996
2020-03-11,1.11029994
2020-03-12,0.89749998
2020-03-13,0.89920002
2020-03-16,0.68989998
2020-03-17,0.71139997
2020-03-18,0.63770002
2020-03-19,0.68500000
2020-03-20,0.60540003
2020-03-23,0.41180000
2020-03-24,0.44369999
2020-03-25,0.54680002
2020-03-26,0.54380000
2020-03-27,0.57370001
2020-03-30,0.58550000
2020-03-31,0.57319999
2020-04-01,0.54650003
2020-04-02,0.66280001
2020-04-03,0.69160002
2020-04-06,0.70160002
2020-04-07,0.64819998
2020-04-08,0.67799997
2020-04-09,0.67729998
2020-04-13,0.70330000
2020-04-14,0.72000003
2020-04-15,0.72039998
2020-04-16,0.70510000
2020-04-17,0.71069998
2020-04-20,0.66829997
2020-04-21,0.51029998
2020-04-22,0.63840002
2020-04-23,0.64359999
2020-04-24,0.66119999
2020-04-27,0.64829999
2020-04-28,0.66720003
2020-04-29,0.72719997
2020-04-30,0.69779998
2020-05-01,0.76630002
2020-05-04,0.82150000
2020-05-05,0.90130001
2020-05-06,0.87690002
2020-05-07,0.93140000
2020-05-08,0.95220000
2020-05-11,0.92420000
2020-05-12,0.91850001
2020-05-13,0.85270000
2020-05-14,0.91450000
2020-05-15,0.97020000
2020-05-18,1.02579999
2020-05-19,1.04519999
2020-05-20,1.04380000
2020-05-21,1.04509997
2020-05-22,1.03820002
2020-05-26,1.04890001
2020-05-27,0.99330002
2020-05-28,0.99849999
2020-05-29,1.02590001
2020-06-01,1.06669998
2020-06-02,1.11829996
2020-06-03,1.11930001
2020-06-04,1.14900005
2020-06-05,1.21360004
2020-06-08,1.19500005
2020-06-09,1.21029997
2020-06-10,1.20990002
2020-06-11,1.11880004
2020-06-12,1.12430000
2020-06-15,1.16569996
2020-06-16,1.20729995
2020-06-17,1.21529996
2020-06-18,1.25769997
2020-06-19,1.27160001
2020-06-22,1.29130006
2020-06-23,1.29939997
2020-06-24,1.19640005
2020-06-25,1.19420004
2020-06-26,1.15330005
2020-06-29,1.18410003
2020-06-30,1.20009995
2020-07-01,1.21689999
2020-07-02,1.25919998
2020-07-06,1.24080002
2020-07-07,1.27499998
2020-07-08,1.29089999
2020-07-09,1.25049996
2020-07-10,1.28310001
2020-07-13,1.27339995
2020-07-14,1.24740005
2020-07-15,1.26450002
2020-07-16,1.23389995
2020-07-17,1.22449994
2020-07-20,1.22850001
2020-07-21,1.27970004
2020-07-22,1.28279996
2020-07-23,1.25860000
2020-07-24,1.28480005
2020-07-27,1.27470005
2020-07-28,1.26559997
2020-07-29,1.24150002
2020-07-30,1.22039998
2020-07-31,1.18710005
2020-08-03,1.21309996
2020-08-04,1.21430004
2020-08-05,1.22280002
2020-08-06,1.22809994
2020-08-07,1.20760000
2020-08-10,1.22930002
2020-08-11,1.20449996
2020-08-12,1.24380004
2020-08-13,1.23479998
2020-08-14,1.24460006
2020-08-17,1.26999998
2020-08-18,1.28299999
2020-08-19,1.29050004
2020-08-20,1.29649997
2020-08-21,1.28410006
2020-08-24,1.36710000
2020-08-25,1.39590001
2020-08-26,1.36059999
2020-08-27,1.28450000
2020-08-28,1.31550002
2020-08-31,1.27610004
2020-09-01,1.22469997
2020-09-02,1.20200002
2020-09-03,1.20490003
2020-09-04,1.17719996
2020-09-08,1.10280001
2020-09-09,1.11930001
2020-09-10,1.09770000
2020-09-11,1.09490001
2020-09-14,1.10679996
2020-09-15,1.13810003
2020-09-16,1.18889999
2020-09-17,1.22440004
2020-09-18,1.23660004
2020-09-21,1.17709994
2020-09-22,1.16429996
2020-09-23,1.18130004
2020-09-24,1.19570005
2020-09-25,1.21420002
2020-09-28,1.24660003
2020-09-29,1.20169997
2020-09-30,1.20079994
2020-10-01,1.15240002
2020-10-02,1.12349999
2020-10-05,1.19410002
2020-10-06,1.23510003
2020-10-07,1.20089996
2020-10-08,1.23160005
2020-10-09,1.20319998
2020-10-12,1.17569995
2020-10-13,1.18270004
2020-10-14,1.19710004
2020-10-15,1.17999995
2020-10-16,1.16880000
2020-10-19,1.16229999
2020-10-20,1.18789995
2020-10-21,1.14030004
2020-10-22,1.15810001
2020-10-23,1.13890004
2020-10-26,1.11160004
2020-10-27,1.14339995
2020-10-28,1.08140004
2020-10-29,1.05149996
2020-10-30,1.04949999
2020-11-02,1.05200005
2020-11-03,1.07690001
2020-11-04,1.10810006
2020-11-05,1.11590004
2020-11-06,1.08440006
2020-11-09,1.16069996
2020-11-10,1.19410002
2020-11-11,1.17589998
2020-11-12,1.15709996
2020-11-13,1.12539995
2020-11-16,1.14680004
2020-11-17,1.15320003
2020-11-18,1.16289997
2020-11-19,1.16250002
2020-11-20,1.17519999
2020-11-23,1.20400000
2020-11-24,1.25820005
2020-11-25,1.28750002
2020-11-27,1.28199995
2020-11-30,1.24890006
2020-12-01,1.22039998
2020-12-02,1.23989999
2020-12-03,1.26170003
2020-12-04,1.26849997
2020-12-07,1.25580001
2020-12-08,1.25590003
2020-12-09,1.27590001
2020-12-10,1.31659997
2020-12-11,1.30770004
2020-12-14,1.31910002
2020-12-15,1.32679999
2020-12-16,1.35290003
2020-12-17,1.38810003
2020-12-18,1.39559996
2020-12-21,1.36039996
2020-12-22,1.33949995
2020-12-23,1.38199997
2020-12-24,1.37890005
2020-12-28,1.36769998
2020-12-29,1.38789999
2020-12-30,1.41199994
2020-12-31,1.40840006
2021-01-04,1.37290001
2021-01-05,1.45210004
2021-01-06,1.47500002
2021-01-07,1.48269999
2021-01-08,1.54229999
2021-01-11,1.52079999
2021-01-12,1.55299997
2021-01-13,1.54879999
2021-01-14,1.55390000
2021-01-15,1.52839994
2021-01-19,1.53810000
2021-01-20,1.54390001
2021-01-21,1.54789996
2021-01-22,1.54869998
2021-01-25,1.56110001
2021-01-26,1.58070004
2021-01-27,1.57710004
2021-01-28,1.58290005
2021-01-29,1.57249999
2021-02-01,1.59010005
2021-02-02,1.61600006
2021-02-03,1.64859998
2021-02-04,1.64479995
2021-02-05,1.64929998
2021-02-08,1.67480004
2021-02-09,1.67359996
2021-02-10,1.65339994
2021-02-11,1.65020001
2021-02-12,1.69250000
2021-02-16,1.77289999
2021-02-17,1.81050003
2021-02-18,1.79429996
2021-02-19,1.80690002
2021-02-22,1.84169996
2021-02-23,1.85860002
2021-02-24,1.89559996
2021-02-25,1.89230001
2021-02-26,1.87699997
2021-03-01,1.94289994
2021-03-02,1.93640006
2021-03-03,1.95179999
2021-03-04,1.99790001
2021-03-05,2.06469989
2021-03-08,2.04870009
2021-03-09,2.05019999
2021-03-10,2.07949996
2021-03-11,2.13800001
2021-03-12,2.15000010
2021-03-15,2.10459995
2021-03-16,2.10120010
2021-03-17,2.04710007
2021-03-18,1.94410002
2021-03-19,1.94309998
2021-03-22,1.95980000
2021-03-23,1.89639997
2021-03-24,1.98899996
2021-03-25,1.92089999
2021-03-26,1.96730006
2021-03-29,1.99520004
2021-03-30,1.98899996
2021-03-31,1.95330000
2021-04-01,2.02230000
2021-04-05,1.96109998
2021-04-06,1.96630001
2021-04-07,1.95179999
2021-04-08,1.95930004
2021-04-09,1.96210003
2021-04-12,1.97000003
2021-04-13,1.97570002
2021-04-14,2.03550005
2021-04-15,2.05180001
2021-04-16,2.03990006
2021-04-19,2.04450011
2021-04-20,2.01740003
2021-04-21,1.98339999
2021-04-22,1.97469997
2021-04-23,1.99570000
2021-04-26,1.97860003
2021-04-27,2.02040005
2021-04-28,2.07220006
2021-04-29,2.09990001
2021-04-30,2.06979990
2021-05-03,2.10150003
2021-05-04,2.15120006
2021-05-05,2.15129995
2021-05-06,2.11369991
2021-05-07,2.12689996
2021-05-10,2.13339996
2021-05-11,2.13989997
2021-05-12,2.16100001
2021-05-13,2.09529996
2021-05-14,2.12660003
2021-05-17,2.15829992
2021-05-18,2.16090012
2021-05-19,2.10200000
2021-05-20,2.04719996
2021-05-21,2.06850004
2021-05-24,2.11770010
2021-05-25,2.11730003
2021-05-26,2.15009999
2021-05-27,2.15179992
2021-05-28,2.14019990
2021-06-01,2.17039990
2021-06-02,2.19409990
2021-06-03,2.20180011
2021-06-04,2.21149993
2021-06-07,2.19309998
2021-06-08,2.21900010
2021-06-09,2.20250010
2021-06-10,2.21219993
2021-06-11,2.18610001
2021-06-14,2.17120004
2021-06-15,2.17050004
2021-06-16,2.15619993
2021-06-17,2.13420010
2021-06-18,2.16829991
2021-06-21,2.19689989
2021-06-22,2.22429991
2021-06-23,2.26690006
2021-06-24,2.28090000
2021-06-25,2.26390004
2021-06-28,2.21659994
2021-06-29,2.23900008
2021-06-30,2.24440002
2021-07-01,2.26760006
2021-07-02,2.29979992
2021-07-06,2.22819996
2021-07-07,2.20600009
2021-07-08,2.25519991
2021-07-09,2.29200006
2021-07-12,2.27719998
2021-07-13,2.31830001
2021-07-14,2.29349995
2021-07-15,2.25029993
2021-07-16,2.25359988
2021-07-19,2.11039996
2021-07-20,2.13150001
2021-07-21,2.21670008
2021-07-22,2.27320004
2021-07-23,2.29130006
2021-07-26,2.30830002
2021-07-27,2.31410003
2021-07-28,2.30819988
2021-07-29,2.35139990
2021-07-30,2.36590004
2021-08-02,2.27469993
2021-08-03,2.27080011
2021-08-04,2.25000000
2021-08-05,2.29399991
2021-08-06,2.25690007
2021-08-09,2.23480010
2021-08-10,2.26789999
2021-08-11,2.30220008
2021-08-12,2.27539992
2021-08-13,2.26259995
2021-08-16,2.20090008
2021-08-17,2.16560006
2021-08-18,2.14770007
2021-08-19,2.08150005
2021-08-20,2.02360010
2021-08-23,2.12319994
2021-08-24,2.18079996
2021-08-25,2.30080009
2021-08-26,2.25539994
2021-08-27,2.27419996
2021-08-30,2.31270003
2021-08-31,2.28259993
2021-09-01,2.11089993
2021-09-02,2.16350007
2021-09-03,2.15400004
2021-09-07,2.13000011
2021-09-08,2.13210011
2021-09-09,2.09969997
2021-09-10,2.15400004
2021-09-13,2.16090012
2021-09-14,2.17240000
2021-09-15,2.20659995
2021-09-16,2.18120003
2021-09-17,2.17129993
2021-09-20,2.11520004
2021-09-21,2.10520005
2021-09-22,2.12389994
2021-09-23,2.17149997
2021-09-24,2.18750000
2021-09-27,2.22370005
2021-09-28,2.20190001
2021-09-29,2.22930002
2021-09-30,2.25359988
2021-10-01,2.25000000
2021-10-04,2.30850005
2021-10-05,2.35789990
2021-10-06,2.30819988
2021-10-07,2.33439994
2021-10-08,2.36619997
2021-10-11,2.37789989
2021-10-12,2.38290000
2021-10-13,2.40549994
2021-10-14,2.43499994
2021-10-15,2.48639989
2021-10-18,2.48659992
2021-10-19,2.47550011
2021-10-20,2.50839996
2021-10-21,2.48009992
2021-10-22,2.48210001
2021-10-25,2.51620007
2021-10-26,2.51679993
2021-10-27,2.44970012
2021-10-28,2.43499994
2021-10-29,2.46199989
2021-11-01,2.40930009
2021-11-02,2.45009995
2021-11-03,2.33850002
2021-11-04,2.29259992
2021-11-05,2.32089996
2021-11-08,2.32220006
2021-11-09,2.37520003
2021-11-10,2.29719996
2021-11-11,2.31780005
2021-11-12,2.31139994
2021-11-15,2.32879996
2021-11-16,2.34969997
2021-11-17,2.28029990
2021-11-18,2.29430008
2021-11-19,2.21190000
2021-11-22,2.26020002
2021-11-23,2.33719993
2021-11-24,2.31970000
2021-11-26,2.02940011
2021-11-29,2.07710004
2021-11-30,1.98010004
2021-12-01,1.95109999
2021-12-02,1.96770000
2021-12-03,1.95290005
2021-12-06,2.04329991
2021-12-07,2.09999990
2021-12-08,2.14849997
2021-12-09,2.12840009
2021-12-10,2.13720012
2021-12-13,2.11649990
2021-12-14,2.11080003
2021-12-15,2.12750006
2021-12-16,2.17779994
2021-12-17,2.12170005
2021-12-20,2.08999991
2021-12-21,2.15219998
2021-12-22,2.16799998
2021-12-23,2.20609999
2021-12-27,2.23390007
2021-12-28,2.24710011
2021-12-29,2.27169991
2021-12-30,2.29679990
2021-12-31,2.22849989
2022-01-03,2.25650001
2022-01-04,2.27629995
2022-01-05,2.29209995
2022-01-06,2.30430007
2022-01-07,2.29889989
2022-01-10,2.27539992
2022-01-11,2.35739994
2022-01-12,2.39080000
2022-01-13,2.38409996
2022-01-14,2.41899991
2022-01-18,2.43179989
2022-01-19,2.45700002
2022-01-20,2.46219993
2022-01-21,2.44239998
2022-01-24,2.39800000
2022-01-25,2.45950007
2022-01-26,2.52290010
2022-01-27,2.52099991
2022-01-28,2.54229999
2022-01-31,2.55430007
2022-02-01,2.57520008
2022-02-02,2.60700011
2022-02-03,2.64269996
2022-02-04,2.67849994
2022-02-07,2.68530011
2022-02-08,2.62509990
2022-02-09,2.65339994
2022-02-10,2.66540003
2022-02-11,2.73860002
2022-02-14,2.77940011
2022-02-15,2.66910005
2022-02-16,2.67709994
2022-02-17,2.64860010
2022-02-18,2.66960001
2022-02-22,2.71079993
2022-02-23,2.72530007
2022-02-24,2.77099991
2022-02-25,2.72729993
2022-02-28,2.79699993
2022-03-01,3.08870006
2022-03-02,3.30830002
2022-03-03,3.28439999
2022-03-04,3.54399991
2022-03-07,3.57209992
2022-03-08,3.68260002
2022-03-09,3.29380012
2022-03-10,3.15669990
2022-03-11,3.31209993
2022-03-14,3.16890001
2022-03-15,2.99810004
2022-03-16,2.98749995
2022-03-17,3.21659994
2022-03-18,3.23880005
2022-03-21,3.37159991
2022-03-22,3.33069992
2022-03-23,3.43869996
2022-03-24,3.38969994
2022-03-25,3.47000003
2022-03-28,3.21880007
2022-03-29,3.20330000
2022-03-30,3.32500005
2022-03-31,3.18959999
2022-04-01,3.15350008
2022-04-04,3.19810009
2022-04-05,3.16490006
2022-04-06,3.04620004
2022-04-07,3.03979993
2022-04-08,3.13159990
2022-04-11,3.00309992
2022-04-12,3.15380001
2022-04-13,3.29130006
2022-04-14,3.38140011
2022-04-18,3.37809992
2022-04-19,3.24740005
2022-04-20,3.28480005
2022-04-21,3.33859992
2022-04-22,3.30500007
2022-04-25,3.23979998
2022-04-26,3.33879995
2022-04-27,3.45600009
2022-04-28,3.50340009
2022-04-29,3.47210002
2022-05-02,3.51009989
2022-05-03,3.50119996
2022-05-04,3.65229988
2022-05-05,3.65869999
2022-05-06,3.75900006
2022-05-09,3.64190006
2022-05-10,3.54150009
2022-05-11,3.68549991
2022-05-12,3.79169989
2022-05-13,3.95779991
2022-05-16,4.02290010
2022-05-17,3.94169998
2022-05-18,3.72059989
2022-05-19,3.83170009
2022-05-20,3.83699989
2022-05-23,3.79769993
2022-05-24,3.81100011
2022-05-25,3.83170009
2022-05-26,3.87739992
2022-05-27,4.01580000
2022-05-31,4.08039999
2022-06-01,4.07159996
2022-06-02,4.19089985
2022-06-03,4.25220013
2022-06-06,4.19299984
2022-06-07,4.15770006
2022-06-08,4.22189999
2022-06-09,4.27619982
2022-06-10,4.17220020
2022-06-13,4.03529978
2022-06-14,3.99379992
2022-06-15,3.89420009
2022-06-16,3.95580006
2022-06-17,3.79299998
2022-06-21,3.79450011
2022-06-22,3.83410001
2022-06-23,3.76559997
2022-06-24,3.88479996
2022-06-27,3.83719993
2022-06-28,3.93510008
2022-06-29,3.82699990
2022-06-30,3.64980006
2022-07-01,3.68779993
2022-07-05,3.32900000
2022-07-06,3.23659992
2022-07-07,3.42039990
2022-07-08,3.44709992
2022-07-11,3.46219993
2022-07-12,3.26460004
2022-07-13,3.23370004
2022-07-14,3.18680000
2022-07-15,3.21320009
2022-07-18,3.26430011
2022-07-19,3.30749989
2022-07-20,3.27539992
2022-07-21,3.14949989
2022-07-22,3.22280002
2022-07-25,3.38199997
2022-07-26,3.35500002
2022-07-27,3.42880011
2022-07-28,3.46460009
2022-07-29,3.48810005
2022-08-01,2.99810004
2022-08-02,3.05669999
2022-08-03,2.91219997
2022-08-04,2.79349995
2022-08-05,2.85560012
2022-08-08,2.88619995
2022-08-09,2.96020007
2022-08-10,3.07030010
2022-08-11,3.07150006
2022-08-12,3.04600000
2022-08-15,2.95169997
2022-08-16,2.90070009
2022-08-17,2.93449998
2022-08-18,3.02609992
2022-08-19,3.01749992
2022-08-22,2.89120007
2022-08-23,2.93300009
2022-08-24,2.80069995
2022-08-25,2.81209993
2022-08-26,2.85130000
2022-08-29,2.87759995
2022-08-30,2.69440007
2022-08-31,2.60590005
2022-09-01,2.38529992
2022-09-02,2.46359992
2022-09-06,2.41589999
2022-09-07,2.30769992
2022-09-08,2.34610009
2022-09-09,2.43309999
2022-09-12,2.44479990
2022-09-13,2.48040009
2022-09-14,2.52449989
2022-09-15,2.42869997
2022-09-16,2.41569996
2022-09-19,2.46409988
2022-09-20,2.44779992
2022-09-21,2.48650002
2022-09-22,2.51570010
2022-09-23,2.38299990
2022-09-26,2.38420010
2022-09-27,2.49309993
2022-09-28,2.57789993
2022-09-29,2.50760007
2022-09-30,2.47259998
2022-10-03,2.51290011
2022-10-04,2.68300009
2022-10-05,2.66849995
2022-10-06,2.68140006
2022-10-07,2.73460007
2022-10-10,2.62280011
2022-10-11,2.62730002
2022-10-12,2.63030005
2022-10-13,2.70339990
2022-10-14,2.63089991
2022-10-17,2.59310007
2022-10-18,2.55060005
2022-10-19,2.65219998
2022-10-20,2.64779997
2022-10-21,2.66199994
2022-10-24,2.73020005
2022-10-25,2.91599989
2022-10-26,2.89940000
2022-10-27,3.01160002
2022-10-28,2.90660000
2022-10-31,2.81069994
2022-11-01,2.59450006
2022-11-02,2.69720006
2022-11-03,2.69390011
2022-11-04,2.73480010
2022-11-07,2.65310001
2022-11-08,2.63669991
2022-11-09,2.54460001
2022-11-10,2.56629992
2022-11-11,2.60960007
2022-11-14,2.52850008
2022-11-15,2.51609993
2022-11-16,2.50799990
2022-11-17,2.45469999
2022-11-18,2.42079997
2022-11-21,2.43709993
2022-11-22,2.54049993
2022-11-23,2.47440004
2022-11-25,2.32820010
2022-11-28,2.33060002
2022-11-29,2.33209991
2022-11-30,2.41849995
2022-12-01,2.34200001
2022-12-02,2.28040004
2022-12-05,2.20190001
2022-12-06,2.14910007
2022-12-07,2.07719994
2022-12-08,2.04909992
2022-12-09,2.05609989
2022-12-12,2.08100009
2022-12-13,2.16090012
2022-12-14,2.24440002
2022-12-15,2.16680002
2022-12-16,2.13229990
2022-12-19,2.17759991
2022-12-20,2.22280002
2022-12-21,2.25580001
2022-12-22,2.24880004
2022-12-23,2.38360000
2022-12-27,2.36019993
2022-12-28,2.36290002
2022-12-29,2.37069988
2022-12-30,2.45950007
2023-01-03,2.36120009
2023-01-04,2.25920010
2023-01-05,2.26710010
2023-01-06,2.24460006
2023-01-09,2.29290009
2023-01-10,2.32769990
2023-01-11,2.43449998
2023-01-12,2.47530007
2023-01-13,2.53279996
2023-01-17,2.54509997
2023-01-18,2.52349997
2023-01-19,2.59680009
2023-01-20,2.64540005
2023-01-23,2.69650006
2023-01-24,2.64870000
2023-01-25,2.59340000
2023-01-26,2.61209989
2023-01-27,2.58859992
2023-01-30,2.49889994
2023-01-31,2.54349995
2023-02-01,2.45379996
2023-02-02,2.45230007
2023-02-03,2.32100010
2023-02-06,2.37339997
2023-02-07,2.45679998
2023-02-08,2.46280003
2023-02-09,2.44749999
2023-02-10,2.50370002
2023-02-13,2.53110003
2023-02-14,2.48850012
2023-02-15,2.49780011
2023-02-16,2.43549991
2023-02-17,2.40820003
2023-02-21,2.41560006
2023-02-22,2.33759999
2023-02-23,2.37949991
2023-02-24,2.35870004
2023-02-27,2.36829996
2023-02-28,2.43429995
2023-03-01,2.67479992
2023-03-02,2.70029998
2023-03-03,2.75040007
2023-03-06,2.79649997
2023-03-07,2.70070004
2023-03-08,2.68889999
2023-03-09,2.60509992
2023-03-10,2.64580011
2023-03-13,2.59139991
2023-03-14,2.55299997
2023-03-15,2.43840003
2023-03-16,2.50349998
2023-03-17,2.50149989
2023-03-20,2.53600001
2023-03-21,2.53889990
2023-03-22,2.59319997
2023-03-23,2.60590005
2023-03-24,2.58850002
2023-03-27,2.68420005
2023-03-28,2.71210003
2023-03-29,2.66810012
2023-03-30,2.66140008
2023-03-31,2.70050001
2023-04-03,2.75749993
2023-04-04,2.73709989
2023-04-05,2.82010007
2023-04-06,2.81329989
2023-04-10,2.80789995
2023-04-11,2.86520004
2023-04-12,2.87269998
2023-04-13,2.83170009
2023-04-14,2.83590007
2023-04-17,2.77399993
2023-04-18,2.75090003
2023-04-19,2.64549994
2023-04-20,2.58640003
2023-04-21,2.60159993
2023-04-24,2.63179994
2023-04-25,2.58859992
2023-04-26,2.54940009
2023-04-27,2.53279996
2023-04-28,2.57800007
2023-05-01,2.55040002
2023-05-02,2.43569994
2023-05-03,2.32209992
2023-05-04,2.32590008
2023-05-05,2.37899995
2023-05-08,2.46160007
2023-05-09,2.47989988
2023-05-10,2.49489999
2023-05-11,2.45770001
2023-05-12,2.43020010
2023-05-15,2.47199988
2023-05-16,2.47909999
2023-05-17,2.56920004
2023-05-18,2.56830001
2023-05-19,2.57610011
2023-05-22,2.64890003
2023-05-23,2.66219997
2023-05-24,2.72119999
2023-05-25,2.67350006
2023-05-26,2.70339990
2023-05-30,2.59590006
2023-05-31,2.55990005
2023-06-01,2.43619990
2023-06-02,2.50070000
2023-06-05,2.52440000
2023-06-06,2.56430006
2023-06-07,2.64120007
2023-06-08,2.61269999
2023-06-09,2.59319997
2023-06-12,2.48259997
2023-06-13,2.55789995
2023-06-14,2.55460000
2023-06-15,2.64170003
2023-06-16,2.68050003
2023-06-20,2.60920000
2023-06-21,2.62409997
2023-06-22,2.55010009
2023-06-23,2.51719999
2023-06-26,2.53749990
2023-06-27,2.51679993
2023-06-28,2.60339999
2023-06-29,2.61770010
2023-06-30,2.63400006
2023-07-03,2.46239996
2023-07-05,2.51830006
2023-07-06,2.54380012
2023-07-07,2.58929992
2023-07-10,2.56960011
2023-07-11,2.62269998
2023-07-12,2.66700006
2023-07-13,2.67860007
2023-07-14,2.64369988
2023-07-17,2.63170004
2023-07-18,2.69440007
2023-07-19,2.72049999
2023-07-20,2.74320006
2023-07-21,2.80180001
2023-07-24,2.89510012
2023-07-25,2.85330009
2023-07-26,2.90720010
2023-07-27,2.95050001
2023-07-28,2.95580006
2023-07-31,2.92899990
2023-08-01,2.87299991
2023-08-02,2.77579999
2023-08-03,2.76469994
2023-08-04,2.78309989
2023-08-07,2.80439997
2023-08-08,2.84509993
2023-08-09,2.92840004
2023-08-10,2.90470004
2023-08-11,2.96490002
2023-08-14,2.90619993
2023-08-15,2.84759998
2023-08-16,2.86710000
2023-08-17,2.82170010
2023-08-18,2.82319999
2023-08-21,2.77259994
2023-08-22,2.78909993
2023-08-23,2.76880002
2023-08-24,2.77999997
2023-08-25,2.87639999
2023-08-28,2.79570007
2023-08-29,2.79049993
2023-08-30,2.80920005
2023-08-31,2.76640010
2023-09-01,2.59120011
2023-09-05,2.58100009
2023-09-06,2.60139990
2023-09-07,2.62299991
2023-09-08,2.65370011
2023-09-11,2.71869993
2023-09-12,2.72790003
2023-09-13,2.73839998
2023-09-14,2.74270010
2023-09-15,2.70810008
2023-09-18,2.69790006
2023-09-19,2.65809989
2023-09-20,2.61919999
2023-09-21,2.61989999
2023-09-22,2.56180000
2023-09-25,2.54390001
2023-09-26,2.56220007
2023-09-27,2.59859991
2023-09-28,2.50530005
2023-09-29,2.43989992
2023-10-02,2.41219997
2023-10-03,2.36010003
2023-10-04,2.19799995
2023-10-05,2.18899989
2023-10-06,2.19219995
2023-10-09,2.23810005
2023-10-10,2.25839996
2023-10-11,2.21009994
2023-10-12,2.16499996
2023-10-13,2.26530004
2023-10-16,2.27300000
2023-10-17,2.28449988
2023-10-18,2.35349989
2023-10-19,2.36170006
2023-10-20,2.37360001
2023-10-23,2.32850003
2023-10-24,2.26760006
2023-10-25,2.28419995
2023-10-26,2.25609994
2023-10-27,2.31250000
2023-10-30,2.22000003
2023-10-31,2.22270012
2023-11-01,2.18549991
2023-11-02,2.24600005
2023-11-03,2.20099998
2023-11-06,2.23589993
2023-11-07,2.16770005
2023-11-08,2.12849998
2023-11-09,2.16079998
2023-11-10,2.18950009
2023-11-13,2.23589993
2023-11-14,2.22280002
2023-11-15,2.20180011
2023-11-16,2.10109997
2023-11-17,2.18449998
2023-11-20,2.22600007
2023-11-21,2.23379993
2023-11-22,2.23239994
2023-11-23,2.21440005
2023-11-24,2.16510010
2023-11-27,2.17989993
2023-11-28,2.23000002
2023-11-29,2.28360009
2023-11-30,2.19980001
2023-12-01,2.12109995
2023-12-04,2.13420010
2023-12-05,2.11030006
2023-12-06,2.03020000
2023-12-07,2.00119996
2023-12-08,2.04979992
2023-12-11,2.04310012
2023-12-12,1.97969997
2023-12-13,2.02489996
2023-12-14,2.11879992
2023-12-15,2.13700008
2023-12-18,2.15899992
2023-12-19,2.20079994
2023-12-20,2.20070004
2023-12-21,2.15849996
2023-12-22,2.13010001
2023-12-26,2.15829992
2023-12-27,2.15499997
2023-12-28,2.08520007
2023-12-29,2.10260010
2024-01-02,2.09489989
2024-01-03,2.15809989
2024-01-04,2.11010003
2024-01-05,2.10549998
2024-01-08,2.02780008
2024-01-09,2.07680011
2024-01-10,2.06730008
2024-01-11,2.11430001
2024-01-12,2.12030005
2024-01-16,2.12190008
2024-01-17,2.13540006
2024-01-18,2.18350005
2024-01-19,2.16280007
2024-01-22,2.23779988
2024-01-23,2.21009994
2024-01-24,2.20950007
2024-01-25,2.26440001
2024-01-26,2.29410005
2024-01-29,2.22849989
2024-01-30,2.26069999
2024-01-31,2.18330002
2024-02-01,2.19479990
2024-02-02,2.14750004
2024-02-05,2.20919991
2024-02-06,2.21729994
2024-02-07,2.26300001
2024-02-08,2.34200001
2024-02-09,2.33949995
2024-02-12,2.36730003
2024-02-13,2.39459991
2024-02-14,2.31690001
2024-02-15,2.31830001
2024-02-16,2.33599997
2024-02-20,2.27740002
2024-02-21,2.28600001
2024-02-22,2.33470011
2024-02-23,2.27670002
2024-02-26,2.30559993
2024-02-27,2.34439993
2024-02-28,2.27099991
2024-02-29,2.30430007
2024-03-01,2.61439991
2024-03-04,2.58570004
2024-03-05,2.53279996
2024-03-06,2.55390000
2024-03-07,2.55480003
2024-03-08,2.52719998
2024-03-11,2.58049989
2024-03-12,2.58640003
2024-03-13,2.66149998
2024-03-14,2.70330000
2024-03-15,2.72079992
2024-03-18,2.75729990
2024-03-19,2.76220012
2024-03-20,2.73320007
2024-03-21,2.72709990
2024-03-22,2.73979998
2024-03-25,2.74839997
2024-03-26,2.70059991
2024-03-27,2.68470001
2024-03-28,2.76110005
2024-04-01,2.71000004
2024-04-02,2.75889993
2024-04-03,2.76090002
2024-04-04,2.79419994
2024-04-05,2.78859997
2024-04-08,2.74860001
2024-04-09,2.75559998
2024-04-10,2.78160000
2024-04-11,2.77410007
2024-04-12,2.80290008
2024-04-15,2.78390002
2024-04-16,2.82229996
2024-04-17,2.72869992
2024-04-18,2.71370006
2024-04-19,2.71029997
2024-04-22,2.68540001
2024-04-23,2.72530007
2024-04-24,2.73429990
2024-04-25,2.75819993
2024-04-26,2.76460004
2024-04-29,2.74869990
2024-04-30,2.71079993
2024-05-01,2.57739997
2024-05-02,2.59649992
2024-05-03,2.55509996
2024-05-06,2.58820009
2024-05-07,2.54340005
2024-05-08,2.53180003
2024-05-09,2.54180002
2024-05-10,2.49970007
2024-05-13,2.51049995
2024-05-14,2.45959997
2024-05-15,2.49679995
2024-05-16,2.53780007
2024-05-17,2.57419991
2024-05-20,2.53990006
2024-05-21,2.50999999
2024-05-22,2.46779990
2024-05-23,2.46939993
2024-05-24,2.48420000
2024-05-28,2.50900006
2024-05-29,2.46440005
2024-05-30,2.40459991
2024-05-31,2.42600012
2024-06-03,2.33559990
2024-06-04,2.34949994
2024-06-05,2.35360003
2024-06-06,2.39750004
2024-06-07,2.38260007
2024-06-10,2.41090012
2024-06-11,2.40890002
2024-06-12,2.39439988
2024-06-13,2.41560006
2024-06-14,2.39960003
2024-06-17,2.44689989
2024-06-18,2.48320007
2024-06-20,2.50079989
2024-06-21,2.51370001
2024-06-24,2.51149988
2024-06-25,2.51469994
2024-06-26,2.54460001
2024-06-27,2.54559994
2024-06-28,2.52909994
2024-07-01,2.57830000
2024-07-02,2.57340002
2024-07-03,2.60130000
2024-07-05,2.55909991
2024-07-08,2.53789997
2024-07-09,2.52740002
2024-07-10,2.50340009
2024-07-11,2.51780009
2024-07-12,2.51530004
2024-07-15,2.49160004
2024-07-16,2.47749996
2024-07-17,2.50130010
2024-07-18,2.51640010
2024-07-19,2.45040011
2024-07-22,2.47059989
2024-07-23,2.41409993
2024-07-24,2.45149994
2024-07-25,2.46760011
2024-07-26,2.46050000
2024-07-29,2.41529989
2024-07-30,2.38709998
2024-07-31,2.48200011
2024-08-01,2.39800000
2024-08-02,2.31760001
2024-08-05,2.33360004
2024-08-06,2.32620001
2024-08-07,2.35730004
2024-08-08,2.39919996
2024-08-09,2.39030004
2024-08-12,2.44289994
2024-08-13,2.37470007
2024-08-14,2.32110000
2024-08-15,2.35800004
2024-08-16,2.31019998
2024-08-19,2.26379991
2024-08-20,2.25629997
2024-08-21,2.20499992
2024-08-22,2.24370003
2024-08-23,2.28509998
2024-08-26,2.27990007
2024-08-27,2.24690008
2024-08-28,2.21479988
2024-08-29,2.24769998
2024-08-30,2.21169996
2024-09-03,1.97770000
2024-09-04,1.96179998
2024-09-05,1.92579997
2024-09-06,1.89600003
2024-09-09,1.92040002
2024-09-10,1.87000000
2024-09-11,1.89719999
2024-09-12,1.92700005
2024-09-13,1.93019998
2024-09-16,1.96819997
2024-09-17,2.00189996
2024-09-18,2.01069999
2024-09-19,2.05999994
2024-09-20,2.03640008
2024-09-23,1.99020004
2024-09-24,2.02970004
2024-09-25,1.99989998
2024-09-26,1.96130002
2024-09-27,1.95299995
2024-09-30,1.96210003
2024-10-01,1.96659994
2024-10-02,1.98590004
2024-10-03,2.09260011
2024-10-04,2.09579992
2024-10-07,2.15380001
2024-10-08,2.06809998
2024-10-09,2.06640005
2024-10-10,2.15089989
2024-10-11,2.15159988
2024-10-14,2.10859990
2024-10-15,2.03769994
2024-10-16,2.04029989
2024-10-17,2.04679990
2024-10-18,2.00200009
2024-10-21,2.01469994
2024-10-22,2.07150006
2024-10-23,2.04139996
2024-10-24,2.02769995
2024-10-25,2.07850003
2024-10-28,1.96640003
2024-10-29,1.95179999
2024-10-30,1.99570000
2024-10-31,2.00349998
2024-11-01,1.96650004
2024-11-04,2.01920009
2024-11-05,2.04460001
2024-11-06,2.03539991
2024-11-07,2.05360007
2024-11-08,2.01250005
2024-11-11,1.95700002
2024-11-12,1.96430004
2024-11-13,1.96510005
2024-11-14,1.98169994
2024-11-15,1.94930005
2024-11-18,2.01830006
2024-11-19,2.03769994
2024-11-20,2.04579997
2024-11-21,2.05940008
2024-11-22,2.06139994
2024-11-25,2.00049996
2024-11-26,1.99179995
2024-11-27,1.97340000
2024-11-29,1.94369996
2024-12-02,1.91719997
2024-12-03,1.96239996
2024-12-04,1.93910003
2024-12-05,1.93250000
2024-12-06,1.90620005
2024-12-09,1.95249999
2024-12-10,1.95679998
2024-12-11,1.98580003
2024-12-12,1.98850000
2024-12-13,2.00180006
2024-12-16,1.97570002
2024-12-17,1.94389999
2024-12-18,1.94280005
2024-12-19,1.92279994
2024-12-20,1.94159997
2024-12-23,1.93830001
2024-12-24,1.95889997
2024-12-26,1.94579995
2024-12-27,1.95819998
2024-12-30,1.97630000
2024-12-31,2.00149989
2025-01-02,2.05189991
2025-01-03,2.05369997
2025-01-06,2.03550005
2025-01-07,2.02659988
2025-01-08,2.01020002
2025-01-09,2.02830005
2025-01-10,2.07489991
2025-01-13,2.10030007
2025-01-14,2.10459995
2025-01-15,2.15890002
2025-01-16,2.12319994
2025-01-17,2.11220002
2025-01-21,2.08430004
2025-01-22,2.05780005
2025-01-23,2.06559992
2025-01-24,2.04900002
2025-01-27,2.02819991
2025-01-28,2.05259991
2025-01-29,2.03570008
2025-01-30,2.03740001
2025-01-31,2.03649998
2025-02-03,2.11770010
2025-02-04,2.09899998
2025-02-05,2.05069995
2025-02-06,2.07470012
2025-02-07,2.10500002
2025-02-10,2.10419989
2025-02-11,2.14730000
2025-02-12,2.08960009
2025-02-13,2.11069989
2025-02-14,2.08990002
2025-02-18,2.08669996
2025-02-19,2.08649993
2025-02-20,2.08649993
2025-02-21,2.02670002
2025-02-24,2.01099992
2025-02-25,1.96730006
2025-02-26,1.94889998
2025-02-27,1.99660003
2025-02-28,1.97029996
2025-03-03,2.18779993
2025-03-04,2.19420004
2025-03-05,2.13700008
2025-03-06,2.10120010
2025-03-07,2.10870004
2025-03-10,2.09249997
2025-03-11,2.10500002
2025-03-12,2.15009999
2025-03-13,2.13310003
2025-03-14,2.14870000
2025-03-17,2.18120003
2025-03-18,2.16840005
2025-03-19,2.16960001
2025-03-20,2.19109988
2025-03-21,2.19540000
2025-03-24,2.20659995
2025-03-25,2.20869994
2025-03-26,2.23280001
2025-03-27,2.24640012
2025-03-28,2.23469996
2025-03-31,2.28309989
2025-04-01,2.30250001
2025-04-02,2.33100009
2025-04-03,2.16429996
2025-04-04,2.05450010
2025-04-07,2.02010012
2025-04-08,1.99140000
2025-04-09,2.03839993
2025-04-10,1.96130002
2025-04-11,1.99909997
2025-04-14,2.02220011
2025-04-15,2.02440000
2025-04-16,2.04340005
2025-04-17,2.09879994
2025-04-21,2.06529999
2025-04-22,2.09960008
2025-04-23,2.08389997
2025-04-24,2.10570002
2025-04-25,2.11890006
2025-04-28,2.10579991
2025-04-29,2.07119989
2025-04-30,2.03699994
2025-05-01,2.04920006
2025-05-02,2.01990008
2025-05-05,2.02279997
2025-05-06,2.06450009
2025-05-07,2.02780008
2025-05-08,2.08540010
2025-05-09,2.10840011
2025-05-12,2.13310003
2025-05-13,2.16599989
2025-05-14,2.17000008
2025-05-15,2.13439989
2025-05-16,2.14179993
2025-05-19,2.13879991
2025-05-20,2.15210009
2025-05-21,2.14980006
2025-05-22,2.13120008
2025-05-23,2.10920000
2025-05-27,2.07150006
2025-05-28,2.08920002
2025-05-29,2.05940008
2025-05-30,2.03839993
2025-06-02,2.05250001
2025-06-03,2.07879996
2025-06-04,2.03399992
2025-06-05,2.06290007
2025-06-06,2.07680011
2025-06-09,2.09520006
2025-06-10,2.08800006
2025-06-11,2.16680002
2025-06-12,2.14289999
2025-06-13,2.22760010
2025-06-16,2.21989989
2025-06-17,2.27189994
2025-06-18,2.30859995
2025-06-20,2.32949996
2025-06-23,2.21819997
2025-06-24,2.08570004
2025-06-25,2.08240008
2025-06-26,2.09899998
2025-06-27,2.08979988
2025-06-30,2.07979989
2025-07-01,2.10030007
2025-07-02,2.12290001
2025-07-03,2.11859989
2025-07-04,2.11710000
2025-07-07,2.15219998
2025-07-08,2.18499994
2025-07-09,2.18790007
2025-07-10,2.15240002
2025-07-11,2.18700004
2025-07-14,2.16540003
2025-07-15,2.16960001
2025-07-16,2.14400005
2025-07-17,2.17039990
2025-07-18,2.15339994
2025-07-21,2.13190007
2025-07-22,2.10190010
2025-07-23,2.12129998
2025-07-24,2.10419989
2025-07-25,2.09699988
2025-07-28,2.13520002
2025-07-29,2.21840000
2025-07-30,2.26909995
2025-07-31,2.21560001
2025-08-01,2.11859989
2025-08-04,2.10220003
2025-08-05,2.09150004
2025-08-06,2.09039998
2025-08-07,2.07750010
2025-08-08,2.08610010
2025-08-11,2.07660007
2025-08-12,2.07439995
2025-08-13,2.07040000
2025-08-14,2.10920000
2025-08-15,2.07249999
2025-08-18,2.09870005
2025-08-19,2.08899999
2025-08-20,2.12829995
2025-08-21,2.15969992
2025-08-22,2.15849996
2025-08-25,2.14829993
2025-08-26,2.12229991
2025-08-27,2.14890003
2025-08-28,2.19910002
2025-08-29,2.18759990
2025-09-02,2.04279995
2025-09-03,2.01200008
2025-09-04,2.00950003
2025-09-05,1.96420002
2025-09-08,1.95860004
2025-09-09,1.99249995
2025-09-10,2.00799990
2025-09-11,1.97930002
2025-09-12,1.98539996
2025-09-15,2.01340008
2025-09-16,2.04159999
2025-09-17,2.02870011
2025-09-18,2.01139998
2025-09-19,1.97070003
2025-09-22,1.97819996
2025-09-23,1.99909997
2025-09-24,2.01880002
2025-09-25,2.00219989
2025-09-26,2.03760004
2025-09-29,1.99510002
2025-09-30,1.97290003
2025-10-01,1.88590002
2025-10-02,1.85099995
2025-10-03,1.86049998
2025-10-06,1.90160000
2025-10-07,1.89390004
2025-10-08,1.90950000
2025-10-09,1.88259995
2025-10-10,1.82040000
2025-10-13,1.84379995
2025-10-14,1.82860005
2025-10-15,1.83440006
2025-10-16,1.81169999
2025-10-17,1.83770001
2025-10-20,1.83019996
2025-10-21,1.82529998
2025-10-22,1.86500001
2025-10-23,1.92690003
2025-10-24,1.92270005
2025-10-27,1.92040002
2025-10-28,1.92519999
2025-10-29,1.97370005
2025-10-30,2.00340009
2025-10-31,1.99310005
2025-11-03,1.91610003
2025-11-04,1.92279994
2025-11-05,1.90929997
2025-11-06,1.96560001
2025-11-07,1.94029999
2025-11-10,1.97109997
2025-11-11,2.01200008
2025-11-12,1.95539999
2025-11-13,1.95969999
2025-11-14,2.01160002
2025-11-17,1.99010003
2025-11-18,1.99930000
2025-11-19,1.93210006
2025-11-20,1.91840005
2025-11-21,1.88339996
2025-11-24,1.89660001
2025-11-25,1.85720003
2025-11-26,1.88900006
2025-11-28,1.89590001
2025-12-01,1.86889994
2025-12-02,1.83029997
2025-12-03,1.82720006
2025-12-04,1.82710004
2025-12-05,1.83410001
2025-12-08,1.79809999
2025-12-09,1.78970003
2025-12-10,1.78149998
2025-12-11,1.75979996
2025-12-12,1.75209999
2025-12-15,1.73230004
2025-12-16,1.68089998
2025-12-17,1.69430006
2025-12-18,1.70130002
2025-12-19,1.70819998
2025-12-22,1.74220002
2025-12-23,1.74319994
2025-12-24,1.74710000
2025-12-26,1.69710004
2025-12-29,1.71519995
2025-12-30,1.72099996
2025-12-31,1.70539999
2026-01-02,1.69819999
2026-01-05,1.72000003
2026-01-06,1.70060003
2026-01-07,1.69449997
2026-01-08,1.76030004
2026-01-09,1.78059995
2026-01-12,1.79380000
2026-01-13,1.82650006
2026-01-14,1.83039999
2026-01-15,1.78380001
2026-01-16,1.78520000
2026-01-20,1.82379997
2026-01-21,1.85739994
2026-01-22,1.81719995
2026-01-23,1.85099995
2026-01-26,1.82009995
2026-01-27,1.86520004
2026-01-28,1.89230001
2026-01-29,1.91999996
2026-01-30,1.92279994
2026-02-02,1.85140002
2026-02-03,1.89789999
2026-02-04,1.96519995
2026-02-05,1.92659998
2026-02-06,1.95319998
2026-02-09,1.98549998
2026-02-10,1.95920002
2026-02-11,1.97889996
2026-02-12,1.91589999
2026-02-13,1.91100001
2026-02-17,1.91439998
2026-02-18,1.96800005
2026-02-19,2.00659990
2026-02-20,1.99730003
2026-02-23,1.98920000
2026-02-24,1.97140002
2026-02-25,1.99140000
2026-02-26,2.03230000
2026-02-27,2.07789993
2026-03-02,2.37059999
2026-03-03,2.45740008
2026-03-04,2.51489997
2026-03-05,2.67090011
2026-03-06,2.74659991
2026-03-09,2.80839992
2026-03-10,2.64030004
2026-03-11,2.78830004
2026-03-12,2.96460009
2026-03-13,3.04139996
2026-03-16,3.00029993
2026-03-17,3.12339997
2026-03-18,3.09850001
2026-03-19,3.12709999
2026-03-20,3.28620005
2026-03-23,2.97490001
2026-03-24,3.14800000
2026-03-25,3.01239991
2026-03-26,3.13019991
2026-03-27,3.25009990
2026-03-30,3.35150003
2026-03-31,3.31229997
2026-04-01,3.09139991
2026-04-02,3.28800011
2026-04-06,3.30819988
2026-04-07,3.30520010
2026-04-08,3.00589991
2026-04-09,3.00070000
2026-04-10,3.03730011
2026-04-13,3.11599994
2026-04-14,3.03950000
2026-04-15,3.06920004
2026-04-16,3.16370010
2026-04-17,3.00480008
2026-04-20,3.11680007
2026-04-21,3.20980000
2026-04-22,3.35789990
2026-04-23,3.46210003
2026-04-24,3.46259999
2026-04-27,3.49099994
2026-04-28,3.56040001
2026-04-29,3.74110007
2026-04-30,3.77150011
2026-05-01,3.59520006
2026-05-04,3.73819995
2026-05-05,3.62059999
2026-05-06,3.45930004
2026-05-07,3.45600009
2026-05-08,3.52670002
2026-05-11,3.59980011
2026-05-12,3.69770002
2026-05-13,3.61870003
2026-05-14,3.60570002
2026-05-15,3.70190001
2026-05-18,3.76069999
2026-05-19,3.69619989
2026-05-20,3.48740005
2026-05-21,3.37960005
2026-05-22,3.45390010
2026-05-26,3.22049999
2026-05-27,3.13369989
2026-05-28,3.18519998
2026-05-29,3.12669992
2026-06-01,3.08470011
2026-06-02,3.14429998
2026-06-03,3.13159990
2026-06-04,3.03830004
2026-06-05,3.04590011
2026-06-08,3.07060003
2026-06-09,3.02110004
2026-06-10,3.10990000
2026-06-11,3.10139990
2026-06-12,3.04979992
2026-06-15,2.94720006
2026-06-16,2.88050008
2026-06-17,2.90960002
2026-06-18,2.99489999
2026-06-22,2.98699999
2026-06-23,2.95900011
2026-06-24,2.88179994
2026-06-25,3.02729988
2026-06-26,2.95709991
2026-06-29,3.06139994
2026-06-30,3.01440001
2026-07-01,2.94519997
2026-07-02,2.91729999
2026-07-06,3.00329995
2026-07-07,2.95390010
2026-07-08,3.10339999
2026-07-09,3.03870010
2026-07-10,2.98460007
2026-07-13,3.16630006
2026-07-14,3.22729993
2026-07-15,3.30089998
2026-07-16,3.28469992
2026-07-17,3.39269996
2026-07-20,3.38899994
2026-07-21,3.40590000
2026-07-22,3.41470003
2026-07-23,3.49640012
2026-07-24,3.39590001
2026-07-27,3.32730007
2026-07-28,3.33450007
2026-07-29,3.39779997
2026-07-30,3.28469992
2026-07-31,3.22160006
2026-08-03,2.96670008
2026-08-04,2.85220003
2026-08-05,2.83879995
2026-08-06,2.93849993
2026-08-07,2.98530006
2026-08-10,3.13540006
2026-08-11,3.13660002
2026-08-12,3.15370011
2026-08-13,3.12800002
2026-08-14,3.18409991
2026-08-17,2.98140001
